<?xml version="1.0" encoding="UTF-8"?>
<gpx version="1.1" creator="kzi.jp gpx-viewer" xmlns="http://www.topografix.com/GPX/1/1">
<trk><name>新しいトラック</name><trkseg>
<trkpt lat="36.119875" lon="138.15971">
<ele>1651.548766</ele>
<time>2026-08-12T22:53:52Z</time>
</trkpt>
<trkpt lat="36.119834" lon="138.159739">
<ele>1647.19525</ele>
<time>2026-08-12T22:54:00Z</time>
</trkpt>
<trkpt lat="36.119805" lon="138.159783">
<ele>1644.98415</ele>
<time>2026-08-12T22:54:02Z</time>
</trkpt>
<trkpt lat="36.119779" lon="138.159848">
<ele>1644.149515</ele>
<time>2026-08-12T22:54:05Z</time>
</trkpt>
<trkpt lat="36.119776" lon="138.159906">
<ele>1646.828226</ele>
<time>2026-08-12T22:54:07Z</time>
</trkpt>
<trkpt lat="36.119737" lon="138.159942">
<ele>1648.755056</ele>
<time>2026-08-12T22:54:16Z</time>
</trkpt>
<trkpt lat="36.119766" lon="138.159999">
<ele>1650.489714</ele>
<time>2026-08-12T22:54:24Z</time>
</trkpt>
<trkpt lat="36.119804" lon="138.160062">
<ele>1649.049156</ele>
<time>2026-08-12T22:55:11Z</time>
</trkpt>
<trkpt lat="36.119835" lon="138.160107">
<ele>1649.548827</ele>
<time>2026-08-12T22:55:26Z</time>
</trkpt>
<trkpt lat="36.119845" lon="138.160162">
<ele>1649.303802</ele>
<time>2026-08-12T22:55:31Z</time>
</trkpt>
<trkpt lat="36.119832" lon="138.160227">
<ele>1649.707755</ele>
<time>2026-08-12T22:55:35Z</time>
</trkpt>
<trkpt lat="36.119835" lon="138.160288">
<ele>1649.674945</ele>
<time>2026-08-12T22:55:39Z</time>
</trkpt>
<trkpt lat="36.119824" lon="138.160353">
<ele>1650.113045</ele>
<time>2026-08-12T22:55:43Z</time>
</trkpt>
<trkpt lat="36.119842" lon="138.160423">
<ele>1650.099726</ele>
<time>2026-08-12T22:55:48Z</time>
</trkpt>
<trkpt lat="36.119855" lon="138.160494">
<ele>1649.504374</ele>
<time>2026-08-12T22:55:53Z</time>
</trkpt>
<trkpt lat="36.119896" lon="138.160547">
<ele>1648.791478</ele>
<time>2026-08-12T22:55:57Z</time>
</trkpt>
<trkpt lat="36.119913" lon="138.160601">
<ele>1648.367312</ele>
<time>2026-08-12T22:56:01Z</time>
</trkpt>
<trkpt lat="36.119942" lon="138.160648">
<ele>1648.721768</ele>
<time>2026-08-12T22:56:08Z</time>
</trkpt>
<trkpt lat="36.119901" lon="138.160703">
<ele>1649.118459</ele>
<time>2026-08-12T22:56:12Z</time>
</trkpt>
<trkpt lat="36.11985" lon="138.160721">
<ele>1649.422753</ele>
<time>2026-08-12T22:56:16Z</time>
</trkpt>
<trkpt lat="36.119808" lon="138.160746">
<ele>1649.519567</ele>
<time>2026-08-12T22:56:20Z</time>
</trkpt>
<trkpt lat="36.119854" lon="138.160705">
<ele>1649.558321</ele>
<time>2026-08-12T22:57:05Z</time>
</trkpt>
<trkpt lat="36.119887" lon="138.160659">
<ele>1649.561095</ele>
<time>2026-08-12T22:57:09Z</time>
</trkpt>
<trkpt lat="36.119935" lon="138.160641">
<ele>1649.816974</ele>
<time>2026-08-12T22:57:22Z</time>
</trkpt>
<trkpt lat="36.119899" lon="138.160594">
<ele>1650.008326</ele>
<time>2026-08-12T22:58:08Z</time>
</trkpt>
<trkpt lat="36.119855" lon="138.160627">
<ele>1649.929465</ele>
<time>2026-08-12T22:58:14Z</time>
</trkpt>
<trkpt lat="36.11983" lon="138.160678">
<ele>1649.80648</ele>
<time>2026-08-12T22:58:19Z</time>
</trkpt>
<trkpt lat="36.11981" lon="138.160732">
<ele>1649.879362</ele>
<time>2026-08-12T22:58:24Z</time>
</trkpt>
<trkpt lat="36.119758" lon="138.160727">
<ele>1650.077178</ele>
<time>2026-08-12T22:58:29Z</time>
</trkpt>
<trkpt lat="36.119706" lon="138.160715">
<ele>1649.554264</ele>
<time>2026-08-12T22:58:34Z</time>
</trkpt>
<trkpt lat="36.119651" lon="138.160703">
<ele>1649.172209</ele>
<time>2026-08-12T22:58:45Z</time>
</trkpt>
<trkpt lat="36.119601" lon="138.160681">
<ele>1649.037367</ele>
<time>2026-08-12T22:58:49Z</time>
</trkpt>
<trkpt lat="36.119548" lon="138.16067">
<ele>1649.034869</ele>
<time>2026-08-12T22:58:55Z</time>
</trkpt>
<trkpt lat="36.119488" lon="138.160656">
<ele>1648.765934</ele>
<time>2026-08-12T22:59:17Z</time>
</trkpt>
<trkpt lat="36.119443" lon="138.160648">
<ele>1648.557354</ele>
<time>2026-08-12T22:59:20Z</time>
</trkpt>
<trkpt lat="36.119392" lon="138.160616">
<ele>1647.84038</ele>
<time>2026-08-12T22:59:25Z</time>
</trkpt>
<trkpt lat="36.119355" lon="138.160573">
<ele>1647.511624</ele>
<time>2026-08-12T22:59:30Z</time>
</trkpt>
<trkpt lat="36.119303" lon="138.160552">
<ele>1647.281642</ele>
<time>2026-08-12T22:59:34Z</time>
</trkpt>
<trkpt lat="36.119263" lon="138.160525">
<ele>1648.394603</ele>
<time>2026-08-12T22:59:37Z</time>
</trkpt>
<trkpt lat="36.119207" lon="138.160525">
<ele>1649.092217</ele>
<time>2026-08-12T22:59:40Z</time>
</trkpt>
<trkpt lat="36.119161" lon="138.160517">
<ele>1648.993878</ele>
<time>2026-08-12T22:59:45Z</time>
</trkpt>
<trkpt lat="36.119111" lon="138.160496">
<ele>1648.782983</ele>
<time>2026-08-12T22:59:50Z</time>
</trkpt>
<trkpt lat="36.119063" lon="138.160525">
<ele>1648.691524</ele>
<time>2026-08-12T22:59:55Z</time>
</trkpt>
<trkpt lat="36.119018" lon="138.160563">
<ele>1648.526279</ele>
<time>2026-08-12T23:00:00Z</time>
</trkpt>
<trkpt lat="36.118974" lon="138.160588">
<ele>1648.643404</ele>
<time>2026-08-12T23:00:04Z</time>
</trkpt>
<trkpt lat="36.11893" lon="138.160601">
<ele>1648.885422</ele>
<time>2026-08-12T23:00:07Z</time>
</trkpt>
<trkpt lat="36.118891" lon="138.160633">
<ele>1650.366984</ele>
<time>2026-08-12T23:00:13Z</time>
</trkpt>
<trkpt lat="36.118906" lon="138.160688">
<ele>1650.912274</ele>
<time>2026-08-12T23:00:26Z</time>
</trkpt>
<trkpt lat="36.118859" lon="138.160703">
<ele>1651.333044</ele>
<time>2026-08-12T23:00:29Z</time>
</trkpt>
<trkpt lat="36.118814" lon="138.160745">
<ele>1650.623542</ele>
<time>2026-08-12T23:00:34Z</time>
</trkpt>
<trkpt lat="36.118778" lon="138.160784">
<ele>1650.075733</ele>
<time>2026-08-12T23:00:40Z</time>
</trkpt>
<trkpt lat="36.118743" lon="138.16082">
<ele>1648.883801</ele>
<time>2026-08-12T23:00:44Z</time>
</trkpt>
<trkpt lat="36.118711" lon="138.16087">
<ele>1647.975514</ele>
<time>2026-08-12T23:00:49Z</time>
</trkpt>
<trkpt lat="36.118672" lon="138.160906">
<ele>1647.013058</ele>
<time>2026-08-12T23:00:55Z</time>
</trkpt>
<trkpt lat="36.118653" lon="138.160963">
<ele>1646.884624</ele>
<time>2026-08-12T23:01:10Z</time>
</trkpt>
<trkpt lat="36.118653" lon="138.161025">
<ele>1647.927283</ele>
<time>2026-08-12T23:01:14Z</time>
</trkpt>
<trkpt lat="36.11862" lon="138.161065">
<ele>1648.349307</ele>
<time>2026-08-12T23:01:23Z</time>
</trkpt>
<trkpt lat="36.118597" lon="138.161117">
<ele>1649.036588</ele>
<time>2026-08-12T23:02:00Z</time>
</trkpt>
<trkpt lat="36.118549" lon="138.161155">
<ele>1648.369922</ele>
<time>2026-08-12T23:02:05Z</time>
</trkpt>
<trkpt lat="36.118514" lon="138.161195">
<ele>1648.738236</ele>
<time>2026-08-12T23:02:09Z</time>
</trkpt>
<trkpt lat="36.118494" lon="138.161249">
<ele>1648.298684</ele>
<time>2026-08-12T23:02:13Z</time>
</trkpt>
<trkpt lat="36.118489" lon="138.161308">
<ele>1648.201263</ele>
<time>2026-08-12T23:02:18Z</time>
</trkpt>
<trkpt lat="36.118484" lon="138.161371">
<ele>1647.783379</ele>
<time>2026-08-12T23:02:23Z</time>
</trkpt>
<trkpt lat="36.118458" lon="138.161428">
<ele>1647.313602</ele>
<time>2026-08-12T23:02:29Z</time>
</trkpt>
<trkpt lat="36.118417" lon="138.161475">
<ele>1646.967518</ele>
<time>2026-08-12T23:05:03Z</time>
</trkpt>
<trkpt lat="36.118403" lon="138.161533">
<ele>1646.766115</ele>
<time>2026-08-12T23:05:07Z</time>
</trkpt>
<trkpt lat="36.118387" lon="138.161589">
<ele>1646.726886</ele>
<time>2026-08-12T23:05:12Z</time>
</trkpt>
<trkpt lat="36.118355" lon="138.161637">
<ele>1646.734379</ele>
<time>2026-08-12T23:05:16Z</time>
</trkpt>
<trkpt lat="36.118315" lon="138.161696">
<ele>1646.978655</ele>
<time>2026-08-12T23:05:21Z</time>
</trkpt>
<trkpt lat="36.118319" lon="138.161763">
<ele>1646.901386</ele>
<time>2026-08-12T23:05:26Z</time>
</trkpt>
<trkpt lat="36.118303" lon="138.161828">
<ele>1646.152733</ele>
<time>2026-08-12T23:05:31Z</time>
</trkpt>
<trkpt lat="36.118302" lon="138.161888">
<ele>1645.257913</ele>
<time>2026-08-12T23:05:57Z</time>
</trkpt>
<trkpt lat="36.118271" lon="138.161931">
<ele>1644.491408</ele>
<time>2026-08-12T23:06:01Z</time>
</trkpt>
<trkpt lat="36.118249" lon="138.161994">
<ele>1644.252422</ele>
<time>2026-08-12T23:06:16Z</time>
</trkpt>
<trkpt lat="36.118236" lon="138.162058">
<ele>1643.355893</ele>
<time>2026-08-12T23:06:20Z</time>
</trkpt>
<trkpt lat="36.118213" lon="138.162106">
<ele>1642.931805</ele>
<time>2026-08-12T23:06:47Z</time>
</trkpt>
<trkpt lat="36.118193" lon="138.162161">
<ele>1642.95729</ele>
<time>2026-08-12T23:06:51Z</time>
</trkpt>
<trkpt lat="36.118177" lon="138.162224">
<ele>1643.254015</ele>
<time>2026-08-12T23:06:56Z</time>
</trkpt>
<trkpt lat="36.118148" lon="138.162268">
<ele>1643.307634</ele>
<time>2026-08-12T23:07:00Z</time>
</trkpt>
<trkpt lat="36.118119" lon="138.162315">
<ele>1643.139349</ele>
<time>2026-08-12T23:07:04Z</time>
</trkpt>
<trkpt lat="36.118085" lon="138.162358">
<ele>1643.367265</ele>
<time>2026-08-12T23:07:10Z</time>
</trkpt>
<trkpt lat="36.118052" lon="138.1624">
<ele>1643.065555</ele>
<time>2026-08-12T23:07:18Z</time>
</trkpt>
<trkpt lat="36.118034" lon="138.162453">
<ele>1642.832117</ele>
<time>2026-08-12T23:07:23Z</time>
</trkpt>
<trkpt lat="36.118008" lon="138.162499">
<ele>1642.494735</ele>
<time>2026-08-12T23:07:28Z</time>
</trkpt>
<trkpt lat="36.118004" lon="138.162555">
<ele>1642.556803</ele>
<time>2026-08-12T23:07:48Z</time>
</trkpt>
<trkpt lat="36.117965" lon="138.162587">
<ele>1642.597037</ele>
<time>2026-08-12T23:07:52Z</time>
</trkpt>
<trkpt lat="36.117932" lon="138.162638">
<ele>1642.304169</ele>
<time>2026-08-12T23:07:56Z</time>
</trkpt>
<trkpt lat="36.117928" lon="138.1627">
<ele>1642.25257</ele>
<time>2026-08-12T23:08:00Z</time>
</trkpt>
<trkpt lat="36.117888" lon="138.162751">
<ele>1642.052941</ele>
<time>2026-08-12T23:08:11Z</time>
</trkpt>
<trkpt lat="36.117868" lon="138.162806">
<ele>1641.709599</ele>
<time>2026-08-12T23:08:16Z</time>
</trkpt>
<trkpt lat="36.117845" lon="138.162862">
<ele>1642.033887</ele>
<time>2026-08-12T23:08:19Z</time>
</trkpt>
<trkpt lat="36.117811" lon="138.162917">
<ele>1642.439128</ele>
<time>2026-08-12T23:08:24Z</time>
</trkpt>
<trkpt lat="36.117798" lon="138.162977">
<ele>1642.908135</ele>
<time>2026-08-12T23:08:29Z</time>
</trkpt>
<trkpt lat="36.117778" lon="138.163038">
<ele>1642.411954</ele>
<time>2026-08-12T23:08:43Z</time>
</trkpt>
<trkpt lat="36.117756" lon="138.163098">
<ele>1642.077038</ele>
<time>2026-08-12T23:08:47Z</time>
</trkpt>
<trkpt lat="36.117757" lon="138.163155">
<ele>1642.016938</ele>
<time>2026-08-12T23:09:07Z</time>
</trkpt>
<trkpt lat="36.117735" lon="138.163215">
<ele>1642.028279</ele>
<time>2026-08-12T23:09:17Z</time>
</trkpt>
<trkpt lat="36.117712" lon="138.163265">
<ele>1641.549342</ele>
<time>2026-08-12T23:09:22Z</time>
</trkpt>
<trkpt lat="36.11769" lon="138.163316">
<ele>1640.947094</ele>
<time>2026-08-12T23:09:26Z</time>
</trkpt>
<trkpt lat="36.117689" lon="138.163376">
<ele>1640.473466</ele>
<time>2026-08-12T23:09:30Z</time>
</trkpt>
<trkpt lat="36.117655" lon="138.163427">
<ele>1640.250927</ele>
<time>2026-08-12T23:09:35Z</time>
</trkpt>
<trkpt lat="36.117649" lon="138.163485">
<ele>1640.307815</ele>
<time>2026-08-12T23:09:39Z</time>
</trkpt>
<trkpt lat="36.117633" lon="138.163548">
<ele>1640.230148</ele>
<time>2026-08-12T23:10:01Z</time>
</trkpt>
<trkpt lat="36.117585" lon="138.163569">
<ele>1639.697206</ele>
<time>2026-08-12T23:10:22Z</time>
</trkpt>
<trkpt lat="36.117588" lon="138.163627">
<ele>1639.037596</ele>
<time>2026-08-12T23:10:27Z</time>
</trkpt>
<trkpt lat="36.117552" lon="138.16367">
<ele>1638.937688</ele>
<time>2026-08-12T23:10:31Z</time>
</trkpt>
<trkpt lat="36.117555" lon="138.16373">
<ele>1639.449913</ele>
<time>2026-08-12T23:10:47Z</time>
</trkpt>
<trkpt lat="36.117544" lon="138.16379">
<ele>1640.230988</ele>
<time>2026-08-12T23:10:51Z</time>
</trkpt>
<trkpt lat="36.117516" lon="138.163847">
<ele>1640.178502</ele>
<time>2026-08-12T23:10:56Z</time>
</trkpt>
<trkpt lat="36.117493" lon="138.163903">
<ele>1640.314229</ele>
<time>2026-08-12T23:11:00Z</time>
</trkpt>
<trkpt lat="36.117458" lon="138.163953">
<ele>1640.016866</ele>
<time>2026-08-12T23:11:05Z</time>
</trkpt>
<trkpt lat="36.11744" lon="138.164007">
<ele>1640.463848</ele>
<time>2026-08-12T23:11:09Z</time>
</trkpt>
<trkpt lat="36.117422" lon="138.164068">
<ele>1639.631896</ele>
<time>2026-08-12T23:11:14Z</time>
</trkpt>
<trkpt lat="36.117399" lon="138.164131">
<ele>1638.290478</ele>
<time>2026-08-12T23:11:19Z</time>
</trkpt>
<trkpt lat="36.117372" lon="138.164181">
<ele>1637.243681</ele>
<time>2026-08-12T23:11:23Z</time>
</trkpt>
<trkpt lat="36.117362" lon="138.164235">
<ele>1636.734363</ele>
<time>2026-08-12T23:11:27Z</time>
</trkpt>
<trkpt lat="36.117353" lon="138.164292">
<ele>1636.707126</ele>
<time>2026-08-12T23:11:31Z</time>
</trkpt>
<trkpt lat="36.117342" lon="138.164347">
<ele>1636.413935</ele>
<time>2026-08-12T23:11:35Z</time>
</trkpt>
<trkpt lat="36.117323" lon="138.164406">
<ele>1635.739151</ele>
<time>2026-08-12T23:11:41Z</time>
</trkpt>
<trkpt lat="36.1173" lon="138.164464">
<ele>1635.189642</ele>
<time>2026-08-12T23:11:46Z</time>
</trkpt>
<trkpt lat="36.117287" lon="138.164532">
<ele>1634.732873</ele>
<time>2026-08-12T23:11:51Z</time>
</trkpt>
<trkpt lat="36.117286" lon="138.16459">
<ele>1634.730589</ele>
<time>2026-08-12T23:12:15Z</time>
</trkpt>
<trkpt lat="36.117248" lon="138.164646">
<ele>1634.830205</ele>
<time>2026-08-12T23:12:20Z</time>
</trkpt>
<trkpt lat="36.117248" lon="138.164706">
<ele>1634.9253</ele>
<time>2026-08-12T23:13:00Z</time>
</trkpt>
<trkpt lat="36.117233" lon="138.164761">
<ele>1635.468051</ele>
<time>2026-08-12T23:13:09Z</time>
</trkpt>
<trkpt lat="36.117201" lon="138.164802">
<ele>1636.076424</ele>
<time>2026-08-12T23:13:13Z</time>
</trkpt>
<trkpt lat="36.117194" lon="138.164861">
<ele>1636.407559</ele>
<time>2026-08-12T23:13:17Z</time>
</trkpt>
<trkpt lat="36.117153" lon="138.164893">
<ele>1637.106125</ele>
<time>2026-08-12T23:13:35Z</time>
</trkpt>
<trkpt lat="36.117127" lon="138.164945">
<ele>1637.089869</ele>
<time>2026-08-12T23:13:40Z</time>
</trkpt>
<trkpt lat="36.117101" lon="138.164991">
<ele>1636.611614</ele>
<time>2026-08-12T23:13:44Z</time>
</trkpt>
<trkpt lat="36.1171" lon="138.165054">
<ele>1635.217394</ele>
<time>2026-08-12T23:13:56Z</time>
</trkpt>
<trkpt lat="36.117068" lon="138.165096">
<ele>1634.675482</ele>
<time>2026-08-12T23:14:11Z</time>
</trkpt>
<trkpt lat="36.117051" lon="138.165149">
<ele>1634.5081</ele>
<time>2026-08-12T23:14:29Z</time>
</trkpt>
<trkpt lat="36.117017" lon="138.165205">
<ele>1634.630829</ele>
<time>2026-08-12T23:14:44Z</time>
</trkpt>
<trkpt lat="36.116995" lon="138.165254">
<ele>1634.541705</ele>
<time>2026-08-12T23:14:50Z</time>
</trkpt>
<trkpt lat="36.116958" lon="138.16529">
<ele>1634.506394</ele>
<time>2026-08-12T23:14:54Z</time>
</trkpt>
<trkpt lat="36.116939" lon="138.165347">
<ele>1635.063488</ele>
<time>2026-08-12T23:14:59Z</time>
</trkpt>
<trkpt lat="36.116923" lon="138.165402">
<ele>1635.270391</ele>
<time>2026-08-12T23:15:12Z</time>
</trkpt>
<trkpt lat="36.116878" lon="138.165451">
<ele>1634.878963</ele>
<time>2026-08-12T23:15:20Z</time>
</trkpt>
<trkpt lat="36.116858" lon="138.165511">
<ele>1634.535257</ele>
<time>2026-08-12T23:15:44Z</time>
</trkpt>
<trkpt lat="36.116823" lon="138.165568">
<ele>1634.725361</ele>
<time>2026-08-12T23:15:57Z</time>
</trkpt>
<trkpt lat="36.116801" lon="138.165621">
<ele>1635.405115</ele>
<time>2026-08-12T23:16:01Z</time>
</trkpt>
<trkpt lat="36.116789" lon="138.165677">
<ele>1635.702925</ele>
<time>2026-08-12T23:16:05Z</time>
</trkpt>
<trkpt lat="36.116765" lon="138.165729">
<ele>1636.213463</ele>
<time>2026-08-12T23:16:10Z</time>
</trkpt>
<trkpt lat="36.116765" lon="138.165788">
<ele>1635.647537</ele>
<time>2026-08-12T23:16:16Z</time>
</trkpt>
<trkpt lat="36.116729" lon="138.165841">
<ele>1635.833935</ele>
<time>2026-08-12T23:16:29Z</time>
</trkpt>
<trkpt lat="36.116704" lon="138.165891">
<ele>1635.116707</ele>
<time>2026-08-12T23:16:35Z</time>
</trkpt>
<trkpt lat="36.116662" lon="138.16592">
<ele>1635.728293</ele>
<time>2026-08-12T23:16:38Z</time>
</trkpt>
<trkpt lat="36.116649" lon="138.165982">
<ele>1636.656948</ele>
<time>2026-08-12T23:16:43Z</time>
</trkpt>
<trkpt lat="36.116623" lon="138.166029">
<ele>1636.449438</ele>
<time>2026-08-12T23:16:48Z</time>
</trkpt>
<trkpt lat="36.116604" lon="138.166082">
<ele>1636.600783</ele>
<time>2026-08-12T23:16:51Z</time>
</trkpt>
<trkpt lat="36.116577" lon="138.16614">
<ele>1635.062632</ele>
<time>2026-08-12T23:16:57Z</time>
</trkpt>
<trkpt lat="36.116557" lon="138.166201">
<ele>1635.030455</ele>
<time>2026-08-12T23:17:12Z</time>
</trkpt>
<trkpt lat="36.116538" lon="138.166259">
<ele>1634.653787</ele>
<time>2026-08-12T23:17:16Z</time>
</trkpt>
<trkpt lat="36.116503" lon="138.166304">
<ele>1634.8346</ele>
<time>2026-08-12T23:17:22Z</time>
</trkpt>
<trkpt lat="36.116482" lon="138.166359">
<ele>1635.447465</ele>
<time>2026-08-12T23:17:25Z</time>
</trkpt>
<trkpt lat="36.116464" lon="138.166419">
<ele>1635.43831</ele>
<time>2026-08-12T23:17:30Z</time>
</trkpt>
<trkpt lat="36.11644" lon="138.166472">
<ele>1635.002266</ele>
<time>2026-08-12T23:17:35Z</time>
</trkpt>
<trkpt lat="36.116416" lon="138.16652">
<ele>1634.352187</ele>
<time>2026-08-12T23:17:39Z</time>
</trkpt>
<trkpt lat="36.116386" lon="138.166576">
<ele>1634.569801</ele>
<time>2026-08-12T23:17:44Z</time>
</trkpt>
<trkpt lat="36.116377" lon="138.166637">
<ele>1634.923182</ele>
<time>2026-08-12T23:17:49Z</time>
</trkpt>
<trkpt lat="36.116372" lon="138.1667">
<ele>1635.612945</ele>
<time>2026-08-12T23:17:53Z</time>
</trkpt>
<trkpt lat="36.116348" lon="138.166751">
<ele>1635.286562</ele>
<time>2026-08-12T23:17:57Z</time>
</trkpt>
<trkpt lat="36.116332" lon="138.166813">
<ele>1635.20609</ele>
<time>2026-08-12T23:18:02Z</time>
</trkpt>
<trkpt lat="36.116312" lon="138.166873">
<ele>1634.560534</ele>
<time>2026-08-12T23:18:06Z</time>
</trkpt>
<trkpt lat="36.116276" lon="138.16692">
<ele>1633.787494</ele>
<time>2026-08-12T23:18:10Z</time>
</trkpt>
<trkpt lat="36.116256" lon="138.166971">
<ele>1634.1473</ele>
<time>2026-08-12T23:18:14Z</time>
</trkpt>
<trkpt lat="36.116245" lon="138.167028">
<ele>1634.86015</ele>
<time>2026-08-12T23:18:19Z</time>
</trkpt>
<trkpt lat="36.116251" lon="138.167088">
<ele>1636.05965</ele>
<time>2026-08-12T23:18:23Z</time>
</trkpt>
<trkpt lat="36.116218" lon="138.167133">
<ele>1636.604933</ele>
<time>2026-08-12T23:18:29Z</time>
</trkpt>
<trkpt lat="36.116249" lon="138.167175">
<ele>1637.232929</ele>
<time>2026-08-12T23:18:41Z</time>
</trkpt>
<trkpt lat="36.116232" lon="138.167232">
<ele>1638.341226</ele>
<time>2026-08-12T23:18:45Z</time>
</trkpt>
<trkpt lat="36.116241" lon="138.167294">
<ele>1637.144108</ele>
<time>2026-08-12T23:18:49Z</time>
</trkpt>
<trkpt lat="36.116216" lon="138.167347">
<ele>1636.492701</ele>
<time>2026-08-12T23:18:53Z</time>
</trkpt>
<trkpt lat="36.116182" lon="138.167407">
<ele>1635.563653</ele>
<time>2026-08-12T23:18:58Z</time>
</trkpt>
<trkpt lat="36.116192" lon="138.167468">
<ele>1636.620847</ele>
<time>2026-08-12T23:19:01Z</time>
</trkpt>
<trkpt lat="36.116177" lon="138.167535">
<ele>1637.670372</ele>
<time>2026-08-12T23:19:05Z</time>
</trkpt>
<trkpt lat="36.116178" lon="138.167599">
<ele>1638.306103</ele>
<time>2026-08-12T23:19:10Z</time>
</trkpt>
<trkpt lat="36.116166" lon="138.167663">
<ele>1638.293759</ele>
<time>2026-08-12T23:19:16Z</time>
</trkpt>
<trkpt lat="36.11617" lon="138.167722">
<ele>1637.841319</ele>
<time>2026-08-12T23:19:22Z</time>
</trkpt>
<trkpt lat="36.116193" lon="138.167778">
<ele>1637.128262</ele>
<time>2026-08-12T23:19:26Z</time>
</trkpt>
<trkpt lat="36.116153" lon="138.167817">
<ele>1636.898443</ele>
<time>2026-08-12T23:19:30Z</time>
</trkpt>
<trkpt lat="36.116114" lon="138.167884">
<ele>1636.814501</ele>
<time>2026-08-12T23:19:36Z</time>
</trkpt>
<trkpt lat="36.116111" lon="138.16794">
<ele>1637.315161</ele>
<time>2026-08-12T23:19:40Z</time>
</trkpt>
<trkpt lat="36.116164" lon="138.167972">
<ele>1638.325556</ele>
<time>2026-08-12T23:19:49Z</time>
</trkpt>
<trkpt lat="36.116117" lon="138.167984">
<ele>1639.121975</ele>
<time>2026-08-12T23:19:52Z</time>
</trkpt>
<trkpt lat="36.116103" lon="138.168046">
<ele>1639.729575</ele>
<time>2026-08-12T23:19:57Z</time>
</trkpt>
<trkpt lat="36.116059" lon="138.16808">
<ele>1639.148</ele>
<time>2026-08-12T23:20:01Z</time>
</trkpt>
<trkpt lat="36.116072" lon="138.168139">
<ele>1638.607765</ele>
<time>2026-08-12T23:20:05Z</time>
</trkpt>
<trkpt lat="36.116062" lon="138.1682">
<ele>1638.757912</ele>
<time>2026-08-12T23:20:09Z</time>
</trkpt>
<trkpt lat="36.116083" lon="138.168264">
<ele>1638.956816</ele>
<time>2026-08-12T23:20:18Z</time>
</trkpt>
<trkpt lat="36.116041" lon="138.16829">
<ele>1639.084616</ele>
<time>2026-08-12T23:20:24Z</time>
</trkpt>
<trkpt lat="36.116027" lon="138.168348">
<ele>1638.883771</ele>
<time>2026-08-12T23:20:29Z</time>
</trkpt>
<trkpt lat="36.116011" lon="138.168399">
<ele>1639.040743</ele>
<time>2026-08-12T23:20:33Z</time>
</trkpt>
<trkpt lat="36.116004" lon="138.168454">
<ele>1638.908163</ele>
<time>2026-08-12T23:20:41Z</time>
</trkpt>
<trkpt lat="36.115987" lon="138.168522">
<ele>1638.217184</ele>
<time>2026-08-12T23:20:49Z</time>
</trkpt>
<trkpt lat="36.115952" lon="138.168577">
<ele>1637.525129</ele>
<time>2026-08-12T23:20:55Z</time>
</trkpt>
<trkpt lat="36.11591" lon="138.168608">
<ele>1636.617456</ele>
<time>2026-08-12T23:21:00Z</time>
</trkpt>
<trkpt lat="36.115923" lon="138.168697">
<ele>1636.132124</ele>
<time>2026-08-12T23:21:24Z</time>
</trkpt>
<trkpt lat="36.115879" lon="138.168735">
<ele>1637.250231</ele>
<time>2026-08-12T23:21:32Z</time>
</trkpt>
<trkpt lat="36.115846" lon="138.168795">
<ele>1638.520686</ele>
<time>2026-08-12T23:21:37Z</time>
</trkpt>
<trkpt lat="36.115815" lon="138.168857">
<ele>1639.660656</ele>
<time>2026-08-12T23:21:42Z</time>
</trkpt>
<trkpt lat="36.115784" lon="138.168912">
<ele>1639.247781</ele>
<time>2026-08-12T23:21:46Z</time>
</trkpt>
<trkpt lat="36.115767" lon="138.168968">
<ele>1638.564335</ele>
<time>2026-08-12T23:21:53Z</time>
</trkpt>
<trkpt lat="36.115743" lon="138.169022">
<ele>1638.367158</ele>
<time>2026-08-12T23:21:57Z</time>
</trkpt>
<trkpt lat="36.115714" lon="138.169089">
<ele>1638.408228</ele>
<time>2026-08-12T23:22:02Z</time>
</trkpt>
<trkpt lat="36.115684" lon="138.169137">
<ele>1638.519923</ele>
<time>2026-08-12T23:22:06Z</time>
</trkpt>
<trkpt lat="36.115654" lon="138.169194">
<ele>1639.31586</ele>
<time>2026-08-12T23:22:11Z</time>
</trkpt>
<trkpt lat="36.115646" lon="138.169257">
<ele>1638.846412</ele>
<time>2026-08-12T23:22:17Z</time>
</trkpt>
<trkpt lat="36.115634" lon="138.16932">
<ele>1638.502765</ele>
<time>2026-08-12T23:22:37Z</time>
</trkpt>
<trkpt lat="36.115613" lon="138.169373">
<ele>1637.616212</ele>
<time>2026-08-12T23:22:42Z</time>
</trkpt>
<trkpt lat="36.115584" lon="138.169419">
<ele>1638.373546</ele>
<time>2026-08-12T23:22:46Z</time>
</trkpt>
<trkpt lat="36.115554" lon="138.169479">
<ele>1639.34009</ele>
<time>2026-08-12T23:22:50Z</time>
</trkpt>
<trkpt lat="36.115546" lon="138.169536">
<ele>1639.117224</ele>
<time>2026-08-12T23:22:55Z</time>
</trkpt>
<trkpt lat="36.115536" lon="138.169592">
<ele>1638.622891</ele>
<time>2026-08-12T23:22:58Z</time>
</trkpt>
<trkpt lat="36.115496" lon="138.169628">
<ele>1637.709047</ele>
<time>2026-08-12T23:23:03Z</time>
</trkpt>
<trkpt lat="36.115455" lon="138.169665">
<ele>1637.611756</ele>
<time>2026-08-12T23:23:08Z</time>
</trkpt>
<trkpt lat="36.115436" lon="138.16972">
<ele>1637.646043</ele>
<time>2026-08-12T23:23:14Z</time>
</trkpt>
<trkpt lat="36.115405" lon="138.16977">
<ele>1638.29245</ele>
<time>2026-08-12T23:23:19Z</time>
</trkpt>
<trkpt lat="36.115366" lon="138.169805">
<ele>1638.439244</ele>
<time>2026-08-12T23:23:23Z</time>
</trkpt>
<trkpt lat="36.115351" lon="138.169859">
<ele>1638.124567</ele>
<time>2026-08-12T23:23:31Z</time>
</trkpt>
<trkpt lat="36.115323" lon="138.169909">
<ele>1637.559617</ele>
<time>2026-08-12T23:23:35Z</time>
</trkpt>
<trkpt lat="36.115296" lon="138.169959">
<ele>1637.176076</ele>
<time>2026-08-12T23:23:39Z</time>
</trkpt>
<trkpt lat="36.115257" lon="138.170011">
<ele>1636.872006</ele>
<time>2026-08-12T23:23:43Z</time>
</trkpt>
<trkpt lat="36.115242" lon="138.170068">
<ele>1636.29378</ele>
<time>2026-08-12T23:23:49Z</time>
</trkpt>
<trkpt lat="36.115204" lon="138.17012">
<ele>1635.701177</ele>
<time>2026-08-12T23:23:54Z</time>
</trkpt>
<trkpt lat="36.115165" lon="138.170161">
<ele>1635.049268</ele>
<time>2026-08-12T23:23:58Z</time>
</trkpt>
<trkpt lat="36.115137" lon="138.170209">
<ele>1634.481981</ele>
<time>2026-08-12T23:24:01Z</time>
</trkpt>
<trkpt lat="36.115149" lon="138.170267">
<ele>1633.515716</ele>
<time>2026-08-12T23:24:09Z</time>
</trkpt>
<trkpt lat="36.115106" lon="138.170288">
<ele>1633.388721</ele>
<time>2026-08-12T23:24:14Z</time>
</trkpt>
<trkpt lat="36.115063" lon="138.170331">
<ele>1633.94632</ele>
<time>2026-08-12T23:24:18Z</time>
</trkpt>
<trkpt lat="36.115043" lon="138.170384">
<ele>1635.315351</ele>
<time>2026-08-12T23:24:24Z</time>
</trkpt>
<trkpt lat="36.115003" lon="138.170414">
<ele>1636.561161</ele>
<time>2026-08-12T23:24:27Z</time>
</trkpt>
<trkpt lat="36.114975" lon="138.170461">
<ele>1637.113804</ele>
<time>2026-08-12T23:24:31Z</time>
</trkpt>
<trkpt lat="36.114923" lon="138.170489">
<ele>1637.750563</ele>
<time>2026-08-12T23:24:37Z</time>
</trkpt>
<trkpt lat="36.114878" lon="138.170503">
<ele>1637.983793</ele>
<time>2026-08-12T23:24:44Z</time>
</trkpt>
<trkpt lat="36.114823" lon="138.170489">
<ele>1638.072314</ele>
<time>2026-08-12T23:24:49Z</time>
</trkpt>
<trkpt lat="36.11478" lon="138.170527">
<ele>1638.020731</ele>
<time>2026-08-12T23:24:53Z</time>
</trkpt>
<trkpt lat="36.114751" lon="138.170575">
<ele>1638.040763</ele>
<time>2026-08-12T23:25:00Z</time>
</trkpt>
<trkpt lat="36.114712" lon="138.170611">
<ele>1637.814274</ele>
<time>2026-08-12T23:25:24Z</time>
</trkpt>
<trkpt lat="36.11466" lon="138.170612">
<ele>1637.409446</ele>
<time>2026-08-12T23:25:29Z</time>
</trkpt>
<trkpt lat="36.114611" lon="138.170645">
<ele>1637.111231</ele>
<time>2026-08-12T23:25:33Z</time>
</trkpt>
<trkpt lat="36.114569" lon="138.170665">
<ele>1636.942097</ele>
<time>2026-08-12T23:25:37Z</time>
</trkpt>
<trkpt lat="36.11453" lon="138.170693">
<ele>1636.445039</ele>
<time>2026-08-12T23:25:41Z</time>
</trkpt>
<trkpt lat="36.114485" lon="138.170717">
<ele>1635.74834</ele>
<time>2026-08-12T23:25:46Z</time>
</trkpt>
<trkpt lat="36.11444" lon="138.170739">
<ele>1635.078797</ele>
<time>2026-08-12T23:25:50Z</time>
</trkpt>
<trkpt lat="36.114406" lon="138.170776">
<ele>1634.135589</ele>
<time>2026-08-12T23:26:16Z</time>
</trkpt>
<trkpt lat="36.114359" lon="138.170792">
<ele>1633.241457</ele>
<time>2026-08-12T23:26:37Z</time>
</trkpt>
<trkpt lat="36.114306" lon="138.170818">
<ele>1632.232706</ele>
<time>2026-08-12T23:26:42Z</time>
</trkpt>
<trkpt lat="36.114262" lon="138.170849">
<ele>1632.151957</ele>
<time>2026-08-12T23:26:46Z</time>
</trkpt>
<trkpt lat="36.11422" lon="138.170875">
<ele>1631.40192</ele>
<time>2026-08-12T23:26:51Z</time>
</trkpt>
<trkpt lat="36.114172" lon="138.1709">
<ele>1631.003352</ele>
<time>2026-08-12T23:27:04Z</time>
</trkpt>
<trkpt lat="36.114126" lon="138.170926">
<ele>1630.143906</ele>
<time>2026-08-12T23:27:08Z</time>
</trkpt>
<trkpt lat="36.114081" lon="138.170937">
<ele>1629.219688</ele>
<time>2026-08-12T23:27:12Z</time>
</trkpt>
<trkpt lat="36.114039" lon="138.170961">
<ele>1628.321801</ele>
<time>2026-08-12T23:27:16Z</time>
</trkpt>
<trkpt lat="36.11399" lon="138.170984">
<ele>1627.174997</ele>
<time>2026-08-12T23:27:21Z</time>
</trkpt>
<trkpt lat="36.113944" lon="138.171008">
<ele>1626.59559</ele>
<time>2026-08-12T23:27:26Z</time>
</trkpt>
<trkpt lat="36.1139" lon="138.171043">
<ele>1625.762182</ele>
<time>2026-08-12T23:27:32Z</time>
</trkpt>
<trkpt lat="36.11386" lon="138.171073">
<ele>1625.10563</ele>
<time>2026-08-12T23:27:37Z</time>
</trkpt>
<trkpt lat="36.113819" lon="138.171102">
<ele>1624.525</ele>
<time>2026-08-12T23:27:44Z</time>
</trkpt>
<trkpt lat="36.113773" lon="138.171136">
<ele>1624.341325</ele>
<time>2026-08-12T23:27:50Z</time>
</trkpt>
<trkpt lat="36.113732" lon="138.171161">
<ele>1624.251986</ele>
<time>2026-08-12T23:27:55Z</time>
</trkpt>
<trkpt lat="36.113679" lon="138.17118">
<ele>1623.976546</ele>
<time>2026-08-12T23:28:01Z</time>
</trkpt>
<trkpt lat="36.113636" lon="138.1712">
<ele>1623.168475</ele>
<time>2026-08-12T23:28:06Z</time>
</trkpt>
<trkpt lat="36.113587" lon="138.171233">
<ele>1622.77725</ele>
<time>2026-08-12T23:28:11Z</time>
</trkpt>
<trkpt lat="36.113538" lon="138.17126">
<ele>1622.482602</ele>
<time>2026-08-12T23:28:39Z</time>
</trkpt>
<trkpt lat="36.113485" lon="138.171263">
<ele>1622.560772</ele>
<time>2026-08-12T23:28:59Z</time>
</trkpt>
<trkpt lat="36.113438" lon="138.171288">
<ele>1622.243549</ele>
<time>2026-08-12T23:29:04Z</time>
</trkpt>
<trkpt lat="36.113389" lon="138.171308">
<ele>1620.950874</ele>
<time>2026-08-12T23:29:08Z</time>
</trkpt>
<trkpt lat="36.113351" lon="138.171344">
<ele>1620.569077</ele>
<time>2026-08-12T23:29:12Z</time>
</trkpt>
<trkpt lat="36.113297" lon="138.171346">
<ele>1620.507531</ele>
<time>2026-08-12T23:29:20Z</time>
</trkpt>
<trkpt lat="36.113241" lon="138.171342">
<ele>1621.208984</ele>
<time>2026-08-12T23:29:24Z</time>
</trkpt>
<trkpt lat="36.113191" lon="138.171378">
<ele>1621.253317</ele>
<time>2026-08-12T23:29:29Z</time>
</trkpt>
<trkpt lat="36.113143" lon="138.171409">
<ele>1620.774203</ele>
<time>2026-08-12T23:29:34Z</time>
</trkpt>
<trkpt lat="36.113089" lon="138.171428">
<ele>1620.477768</ele>
<time>2026-08-12T23:29:39Z</time>
</trkpt>
<trkpt lat="36.113037" lon="138.171442">
<ele>1620.011702</ele>
<time>2026-08-12T23:29:43Z</time>
</trkpt>
<trkpt lat="36.112983" lon="138.171449">
<ele>1619.812031</ele>
<time>2026-08-12T23:29:54Z</time>
</trkpt>
<trkpt lat="36.112929" lon="138.171455">
<ele>1619.665502</ele>
<time>2026-08-12T23:29:59Z</time>
</trkpt>
<trkpt lat="36.112875" lon="138.17146">
<ele>1619.981269</ele>
<time>2026-08-12T23:30:04Z</time>
</trkpt>
<trkpt lat="36.112834" lon="138.171486">
<ele>1620.017669</ele>
<time>2026-08-12T23:30:08Z</time>
</trkpt>
<trkpt lat="36.112787" lon="138.171526">
<ele>1620.037065</ele>
<time>2026-08-12T23:30:13Z</time>
</trkpt>
<trkpt lat="36.112729" lon="138.171527">
<ele>1617.7934</ele>
<time>2026-08-12T23:37:38Z</time>
</trkpt>
<trkpt lat="36.112684" lon="138.171556">
<ele>1616.968003</ele>
<time>2026-08-12T23:37:42Z</time>
</trkpt>
<trkpt lat="36.112636" lon="138.171546">
<ele>1615.974882</ele>
<time>2026-08-12T23:37:54Z</time>
</trkpt>
<trkpt lat="36.112598" lon="138.171511">
<ele>1616.917156</ele>
<time>2026-08-12T23:38:00Z</time>
</trkpt>
<trkpt lat="36.112549" lon="138.171601">
<ele>1617.911566</ele>
<time>2026-08-12T23:38:23Z</time>
</trkpt>
<trkpt lat="36.112503" lon="138.171594">
<ele>1619.046379</ele>
<time>2026-08-12T23:39:15Z</time>
</trkpt>
<trkpt lat="36.112471" lon="138.171645">
<ele>1618.706591</ele>
<time>2026-08-12T23:39:19Z</time>
</trkpt>
<trkpt lat="36.112486" lon="138.171709">
<ele>1617.742348</ele>
<time>2026-08-12T23:39:27Z</time>
</trkpt>
<trkpt lat="36.112436" lon="138.171717">
<ele>1616.595503</ele>
<time>2026-08-12T23:39:36Z</time>
</trkpt>
<trkpt lat="36.112385" lon="138.171729">
<ele>1616.380695</ele>
<time>2026-08-12T23:39:45Z</time>
</trkpt>
<trkpt lat="36.112354" lon="138.17177">
<ele>1616.576405</ele>
<time>2026-08-12T23:39:52Z</time>
</trkpt>
<trkpt lat="36.11231" lon="138.171808">
<ele>1616.69198</ele>
<time>2026-08-12T23:40:00Z</time>
</trkpt>
<trkpt lat="36.112279" lon="138.171865">
<ele>1616.671765</ele>
<time>2026-08-12T23:40:07Z</time>
</trkpt>
<trkpt lat="36.112279" lon="138.171921">
<ele>1617.09836</ele>
<time>2026-08-12T23:40:18Z</time>
</trkpt>
<trkpt lat="36.11227" lon="138.171979">
<ele>1618.138577</ele>
<time>2026-08-12T23:40:25Z</time>
</trkpt>
<trkpt lat="36.112261" lon="138.172052">
<ele>1618.937077</ele>
<time>2026-08-12T23:40:37Z</time>
</trkpt>
<trkpt lat="36.112268" lon="138.172117">
<ele>1619.478634</ele>
<time>2026-08-12T23:40:50Z</time>
</trkpt>
<trkpt lat="36.112256" lon="138.172173">
<ele>1619.966477</ele>
<time>2026-08-12T23:40:53Z</time>
</trkpt>
<trkpt lat="36.112282" lon="138.172224">
<ele>1621.091777</ele>
<time>2026-08-12T23:40:58Z</time>
</trkpt>
<trkpt lat="36.112305" lon="138.172282">
<ele>1622.390558</ele>
<time>2026-08-12T23:42:34Z</time>
</trkpt>
<trkpt lat="36.112305" lon="138.172226">
<ele>1623.164773</ele>
<time>2026-08-12T23:42:58Z</time>
</trkpt>
<trkpt lat="36.112256" lon="138.172212">
<ele>1622.538521</ele>
<time>2026-08-12T23:43:23Z</time>
</trkpt>
<trkpt lat="36.112214" lon="138.172238">
<ele>1621.40685</ele>
<time>2026-08-12T23:43:53Z</time>
</trkpt>
<trkpt lat="36.112159" lon="138.172248">
<ele>1621.422591</ele>
<time>2026-08-12T23:43:59Z</time>
</trkpt>
<trkpt lat="36.11211" lon="138.172272">
<ele>1622.066844</ele>
<time>2026-08-12T23:44:07Z</time>
</trkpt>
<trkpt lat="36.112065" lon="138.172303">
<ele>1622.688535</ele>
<time>2026-08-12T23:44:11Z</time>
</trkpt>
<trkpt lat="36.11203" lon="138.17234">
<ele>1622.182925</ele>
<time>2026-08-12T23:44:15Z</time>
</trkpt>
<trkpt lat="36.111998" lon="138.172379">
<ele>1621.800509</ele>
<time>2026-08-12T23:44:22Z</time>
</trkpt>
<trkpt lat="36.112003" lon="138.172311">
<ele>1621.201041</ele>
<time>2026-08-12T23:44:31Z</time>
</trkpt>
<trkpt lat="36.111996" lon="138.17225">
<ele>1621.207874</ele>
<time>2026-08-12T23:44:35Z</time>
</trkpt>
<trkpt lat="36.112002" lon="138.172192">
<ele>1621.135605</ele>
<time>2026-08-12T23:44:38Z</time>
</trkpt>
<trkpt lat="36.111979" lon="138.172245">
<ele>1622.616686</ele>
<time>2026-08-12T23:44:58Z</time>
</trkpt>
<trkpt lat="36.111981" lon="138.172304">
<ele>1622.582262</ele>
<time>2026-08-12T23:45:21Z</time>
</trkpt>
<trkpt lat="36.111974" lon="138.172365">
<ele>1622.454282</ele>
<time>2026-08-12T23:45:59Z</time>
</trkpt>
<trkpt lat="36.111947" lon="138.172418">
<ele>1621.098558</ele>
<time>2026-08-12T23:46:04Z</time>
</trkpt>
<trkpt lat="36.111944" lon="138.172481">
<ele>1621.55144</ele>
<time>2026-08-12T23:46:12Z</time>
</trkpt>
<trkpt lat="36.111904" lon="138.17253">
<ele>1622.240988</ele>
<time>2026-08-12T23:46:17Z</time>
</trkpt>
<trkpt lat="36.111864" lon="138.172555">
<ele>1623.656174</ele>
<time>2026-08-12T23:46:21Z</time>
</trkpt>
<trkpt lat="36.111839" lon="138.172609">
<ele>1624.607733</ele>
<time>2026-08-12T23:46:27Z</time>
</trkpt>
<trkpt lat="36.111828" lon="138.172667">
<ele>1625.714923</ele>
<time>2026-08-12T23:46:34Z</time>
</trkpt>
<trkpt lat="36.111813" lon="138.172729">
<ele>1626.26911</ele>
<time>2026-08-12T23:46:40Z</time>
</trkpt>
<trkpt lat="36.111781" lon="138.172768">
<ele>1627.559695</ele>
<time>2026-08-12T23:46:47Z</time>
</trkpt>
<trkpt lat="36.111761" lon="138.172827">
<ele>1627.571393</ele>
<time>2026-08-12T23:46:51Z</time>
</trkpt>
<trkpt lat="36.111747" lon="138.172882">
<ele>1627.832969</ele>
<time>2026-08-12T23:46:55Z</time>
</trkpt>
<trkpt lat="36.111707" lon="138.172911">
<ele>1628.023814</ele>
<time>2026-08-12T23:47:01Z</time>
</trkpt>
<trkpt lat="36.111689" lon="138.172966">
<ele>1629.691026</ele>
<time>2026-08-12T23:47:05Z</time>
</trkpt>
<trkpt lat="36.111662" lon="138.173025">
<ele>1631.860612</ele>
<time>2026-08-12T23:47:27Z</time>
</trkpt>
<trkpt lat="36.111623" lon="138.17306">
<ele>1633.289433</ele>
<time>2026-08-12T23:47:35Z</time>
</trkpt>
<trkpt lat="36.111587" lon="138.1731">
<ele>1634.59204</ele>
<time>2026-08-12T23:47:40Z</time>
</trkpt>
<trkpt lat="36.111544" lon="138.173139">
<ele>1633.073557</ele>
<time>2026-08-12T23:47:45Z</time>
</trkpt>
<trkpt lat="36.11155" lon="138.173217">
<ele>1633.621158</ele>
<time>2026-08-12T23:47:48Z</time>
</trkpt>
<trkpt lat="36.111508" lon="138.173253">
<ele>1633.402649</ele>
<time>2026-08-12T23:47:55Z</time>
</trkpt>
<trkpt lat="36.111478" lon="138.1733">
<ele>1635.020124</ele>
<time>2026-08-12T23:48:00Z</time>
</trkpt>
<trkpt lat="36.111478" lon="138.173356">
<ele>1635.492845</ele>
<time>2026-08-12T23:48:04Z</time>
</trkpt>
<trkpt lat="36.111462" lon="138.173422">
<ele>1636.873487</ele>
<time>2026-08-12T23:48:11Z</time>
</trkpt>
<trkpt lat="36.111478" lon="138.173479">
<ele>1637.184442</ele>
<time>2026-08-12T23:48:19Z</time>
</trkpt>
<trkpt lat="36.111518" lon="138.173517">
<ele>1637.620467</ele>
<time>2026-08-12T23:48:27Z</time>
</trkpt>
<trkpt lat="36.111461" lon="138.173515">
<ele>1637.483368</ele>
<time>2026-08-12T23:48:35Z</time>
</trkpt>
<trkpt lat="36.111417" lon="138.173494">
<ele>1639.0277</ele>
<time>2026-08-12T23:48:43Z</time>
</trkpt>
<trkpt lat="36.111375" lon="138.173521">
<ele>1639.235999</ele>
<time>2026-08-12T23:48:52Z</time>
</trkpt>
<trkpt lat="36.111343" lon="138.173569">
<ele>1639.045813</ele>
<time>2026-08-12T23:49:01Z</time>
</trkpt>
<trkpt lat="36.111305" lon="138.173615">
<ele>1638.593186</ele>
<time>2026-08-12T23:49:05Z</time>
</trkpt>
<trkpt lat="36.111258" lon="138.173649">
<ele>1638.43652</ele>
<time>2026-08-12T23:49:09Z</time>
</trkpt>
<trkpt lat="36.111237" lon="138.173701">
<ele>1639.361053</ele>
<time>2026-08-12T23:49:13Z</time>
</trkpt>
<trkpt lat="36.1112" lon="138.173745">
<ele>1640.392313</ele>
<time>2026-08-12T23:49:17Z</time>
</trkpt>
<trkpt lat="36.111183" lon="138.173807">
<ele>1641.260936</ele>
<time>2026-08-12T23:49:21Z</time>
</trkpt>
<trkpt lat="36.11115" lon="138.173853">
<ele>1641.858247</ele>
<time>2026-08-12T23:49:26Z</time>
</trkpt>
<trkpt lat="36.111131" lon="138.173914">
<ele>1642.220843</ele>
<time>2026-08-12T23:49:30Z</time>
</trkpt>
<trkpt lat="36.111107" lon="138.173962">
<ele>1642.528342</ele>
<time>2026-08-12T23:49:33Z</time>
</trkpt>
<trkpt lat="36.111077" lon="138.174015">
<ele>1642.867186</ele>
<time>2026-08-12T23:49:37Z</time>
</trkpt>
<trkpt lat="36.111056" lon="138.174066">
<ele>1642.625443</ele>
<time>2026-08-12T23:49:41Z</time>
</trkpt>
<trkpt lat="36.111034" lon="138.174118">
<ele>1643.253222</ele>
<time>2026-08-12T23:49:58Z</time>
</trkpt>
<trkpt lat="36.111012" lon="138.174168">
<ele>1643.314485</ele>
<time>2026-08-12T23:50:06Z</time>
</trkpt>
<trkpt lat="36.110991" lon="138.174223">
<ele>1643.506086</ele>
<time>2026-08-12T23:50:10Z</time>
</trkpt>
<trkpt lat="36.110966" lon="138.174277">
<ele>1643.627903</ele>
<time>2026-08-12T23:50:14Z</time>
</trkpt>
<trkpt lat="36.110954" lon="138.174334">
<ele>1643.495295</ele>
<time>2026-08-12T23:50:19Z</time>
</trkpt>
<trkpt lat="36.110958" lon="138.174397">
<ele>1643.7314</ele>
<time>2026-08-12T23:50:23Z</time>
</trkpt>
<trkpt lat="36.110949" lon="138.174455">
<ele>1643.440148</ele>
<time>2026-08-12T23:50:27Z</time>
</trkpt>
<trkpt lat="36.110939" lon="138.174514">
<ele>1644.598071</ele>
<time>2026-08-12T23:50:31Z</time>
</trkpt>
<trkpt lat="36.110928" lon="138.17457">
<ele>1645.591678</ele>
<time>2026-08-12T23:50:36Z</time>
</trkpt>
<trkpt lat="36.110919" lon="138.174639">
<ele>1646.809308</ele>
<time>2026-08-12T23:50:41Z</time>
</trkpt>
<trkpt lat="36.110905" lon="138.174698">
<ele>1647.245397</ele>
<time>2026-08-12T23:50:45Z</time>
</trkpt>
<trkpt lat="36.110904" lon="138.174766">
<ele>1647.58488</ele>
<time>2026-08-12T23:50:50Z</time>
</trkpt>
<trkpt lat="36.110896" lon="138.174834">
<ele>1648.269592</ele>
<time>2026-08-12T23:50:55Z</time>
</trkpt>
<trkpt lat="36.110873" lon="138.174888">
<ele>1648.385593</ele>
<time>2026-08-12T23:51:15Z</time>
</trkpt>
<trkpt lat="36.110862" lon="138.174953">
<ele>1648.754191</ele>
<time>2026-08-12T23:51:20Z</time>
</trkpt>
<trkpt lat="36.11085" lon="138.175009">
<ele>1648.331424</ele>
<time>2026-08-12T23:51:24Z</time>
</trkpt>
<trkpt lat="36.110827" lon="138.175062">
<ele>1648.931404</ele>
<time>2026-08-12T23:51:28Z</time>
</trkpt>
<trkpt lat="36.1108" lon="138.175126">
<ele>1648.957564</ele>
<time>2026-08-12T23:51:33Z</time>
</trkpt>
<trkpt lat="36.110795" lon="138.175185">
<ele>1649.501398</ele>
<time>2026-08-12T23:51:37Z</time>
</trkpt>
<trkpt lat="36.11079" lon="138.175249">
<ele>1649.613075</ele>
<time>2026-08-12T23:51:41Z</time>
</trkpt>
<trkpt lat="36.110795" lon="138.175317">
<ele>1650.436241</ele>
<time>2026-08-12T23:51:45Z</time>
</trkpt>
<trkpt lat="36.110793" lon="138.175374">
<ele>1651.094195</ele>
<time>2026-08-12T23:51:49Z</time>
</trkpt>
<trkpt lat="36.110792" lon="138.175436">
<ele>1651.32409</ele>
<time>2026-08-12T23:51:54Z</time>
</trkpt>
<trkpt lat="36.110768" lon="138.175495">
<ele>1651.199843</ele>
<time>2026-08-12T23:51:58Z</time>
</trkpt>
<trkpt lat="36.11075" lon="138.175548">
<ele>1651.920899</ele>
<time>2026-08-12T23:52:02Z</time>
</trkpt>
<trkpt lat="36.110737" lon="138.175607">
<ele>1652.917083</ele>
<time>2026-08-12T23:52:07Z</time>
</trkpt>
<trkpt lat="36.110714" lon="138.17566">
<ele>1653.599875</ele>
<time>2026-08-12T23:52:11Z</time>
</trkpt>
<trkpt lat="36.110709" lon="138.175721">
<ele>1653.236603</ele>
<time>2026-08-12T23:52:16Z</time>
</trkpt>
<trkpt lat="36.110691" lon="138.175782">
<ele>1653.276346</ele>
<time>2026-08-12T23:52:23Z</time>
</trkpt>
<trkpt lat="36.110669" lon="138.175833">
<ele>1653.502786</ele>
<time>2026-08-12T23:52:59Z</time>
</trkpt>
<trkpt lat="36.110644" lon="138.175888">
<ele>1653.992458</ele>
<time>2026-08-12T23:53:04Z</time>
</trkpt>
<trkpt lat="36.110627" lon="138.175948">
<ele>1654.176013</ele>
<time>2026-08-12T23:53:08Z</time>
</trkpt>
<trkpt lat="36.110579" lon="138.175985">
<ele>1655.230685</ele>
<time>2026-08-12T23:53:13Z</time>
</trkpt>
<trkpt lat="36.110542" lon="138.176048">
<ele>1655.722877</ele>
<time>2026-08-12T23:53:19Z</time>
</trkpt>
<trkpt lat="36.110513" lon="138.176108">
<ele>1657.861464</ele>
<time>2026-08-12T23:53:25Z</time>
</trkpt>
<trkpt lat="36.110476" lon="138.176166">
<ele>1658.787767</ele>
<time>2026-08-12T23:53:31Z</time>
</trkpt>
<trkpt lat="36.110454" lon="138.176227">
<ele>1660.005722</ele>
<time>2026-08-12T23:53:36Z</time>
</trkpt>
<trkpt lat="36.110428" lon="138.17628">
<ele>1659.697257</ele>
<time>2026-08-12T23:53:41Z</time>
</trkpt>
<trkpt lat="36.110401" lon="138.17633">
<ele>1659.91848</ele>
<time>2026-08-12T23:53:46Z</time>
</trkpt>
<trkpt lat="36.110371" lon="138.176376">
<ele>1660.278081</ele>
<time>2026-08-12T23:54:01Z</time>
</trkpt>
<trkpt lat="36.110347" lon="138.176429">
<ele>1660.508584</ele>
<time>2026-08-12T23:54:06Z</time>
</trkpt>
<trkpt lat="36.110335" lon="138.17649">
<ele>1660.98716</ele>
<time>2026-08-12T23:54:09Z</time>
</trkpt>
<trkpt lat="36.110311" lon="138.176546">
<ele>1661.7159</ele>
<time>2026-08-12T23:54:13Z</time>
</trkpt>
<trkpt lat="36.110271" lon="138.176584">
<ele>1662.374862</ele>
<time>2026-08-12T23:54:18Z</time>
</trkpt>
<trkpt lat="36.110243" lon="138.176631">
<ele>1662.761446</ele>
<time>2026-08-12T23:54:22Z</time>
</trkpt>
<trkpt lat="36.110216" lon="138.176684">
<ele>1664.576112</ele>
<time>2026-08-12T23:54:26Z</time>
</trkpt>
<trkpt lat="36.11018" lon="138.176743">
<ele>1666.662301</ele>
<time>2026-08-12T23:54:33Z</time>
</trkpt>
<trkpt lat="36.110166" lon="138.17681">
<ele>1668.91214</ele>
<time>2026-08-12T23:54:37Z</time>
</trkpt>
<trkpt lat="36.110142" lon="138.176865">
<ele>1669.227499</ele>
<time>2026-08-12T23:54:42Z</time>
</trkpt>
<trkpt lat="36.110094" lon="138.176887">
<ele>1668.960838</ele>
<time>2026-08-12T23:54:46Z</time>
</trkpt>
<trkpt lat="36.110084" lon="138.176949">
<ele>1669.402326</ele>
<time>2026-08-12T23:54:50Z</time>
</trkpt>
<trkpt lat="36.110072" lon="138.177015">
<ele>1670.629961</ele>
<time>2026-08-12T23:54:54Z</time>
</trkpt>
<trkpt lat="36.110041" lon="138.17706">
<ele>1671.052293</ele>
<time>2026-08-12T23:54:59Z</time>
</trkpt>
<trkpt lat="36.110077" lon="138.177095">
<ele>1669.532683</ele>
<time>2026-08-12T23:55:02Z</time>
</trkpt>
<trkpt lat="36.110125" lon="138.177096">
<ele>1667.633408</ele>
<time>2026-08-12T23:55:08Z</time>
</trkpt>
<trkpt lat="36.110132" lon="138.177168">
<ele>1666.66072</ele>
<time>2026-08-12T23:55:21Z</time>
</trkpt>
<trkpt lat="36.110106" lon="138.177109">
<ele>1666.881552</ele>
<time>2026-08-12T23:55:40Z</time>
</trkpt>
<trkpt lat="36.110058" lon="138.17709">
<ele>1667.329817</ele>
<time>2026-08-12T23:55:44Z</time>
</trkpt>
<trkpt lat="36.110011" lon="138.177084">
<ele>1667.315645</ele>
<time>2026-08-12T23:55:49Z</time>
</trkpt>
<trkpt lat="36.110002" lon="138.177168">
<ele>1668.449861</ele>
<time>2026-08-12T23:55:51Z</time>
</trkpt>
<trkpt lat="36.110086" lon="138.177164">
<ele>1668.583751</ele>
<time>2026-08-12T23:56:04Z</time>
</trkpt>
<trkpt lat="36.110116" lon="138.177114">
<ele>1669.132515</ele>
<time>2026-08-12T23:56:12Z</time>
</trkpt>
<trkpt lat="36.110148" lon="138.177157">
<ele>1668.340313</ele>
<time>2026-08-12T23:56:23Z</time>
</trkpt>
<trkpt lat="36.110142" lon="138.177231">
<ele>1667.558012</ele>
<time>2026-08-12T23:56:26Z</time>
</trkpt>
<trkpt lat="36.11014" lon="138.177296">
<ele>1666.989519</ele>
<time>2026-08-12T23:56:32Z</time>
</trkpt>
<trkpt lat="36.110122" lon="138.177364">
<ele>1666.909657</ele>
<time>2026-08-12T23:56:37Z</time>
</trkpt>
<trkpt lat="36.110127" lon="138.177435">
<ele>1667.402451</ele>
<time>2026-08-12T23:56:42Z</time>
</trkpt>
<trkpt lat="36.110119" lon="138.177502">
<ele>1667.443853</ele>
<time>2026-08-12T23:56:46Z</time>
</trkpt>
<trkpt lat="36.110121" lon="138.177563">
<ele>1667.488321</ele>
<time>2026-08-12T23:56:51Z</time>
</trkpt>
<trkpt lat="36.110163" lon="138.177615">
<ele>1666.809634</ele>
<time>2026-08-12T23:56:56Z</time>
</trkpt>
<trkpt lat="36.110199" lon="138.177656">
<ele>1667.281597</ele>
<time>2026-08-12T23:57:01Z</time>
</trkpt>
<trkpt lat="36.110204" lon="138.177715">
<ele>1668.187502</ele>
<time>2026-08-12T23:57:09Z</time>
</trkpt>
<trkpt lat="36.110222" lon="138.177767">
<ele>1669.068862</ele>
<time>2026-08-12T23:57:14Z</time>
</trkpt>
<trkpt lat="36.110227" lon="138.177824">
<ele>1668.51656</ele>
<time>2026-08-12T23:57:20Z</time>
</trkpt>
<trkpt lat="36.110243" lon="138.177876">
<ele>1667.014813</ele>
<time>2026-08-12T23:57:22Z</time>
</trkpt>
<trkpt lat="36.110262" lon="138.177933">
<ele>1666.662664</ele>
<time>2026-08-12T23:57:30Z</time>
</trkpt>
<trkpt lat="36.110281" lon="138.178005">
<ele>1667.965142</ele>
<time>2026-08-12T23:57:39Z</time>
</trkpt>
<trkpt lat="36.110299" lon="138.178067">
<ele>1668.996406</ele>
<time>2026-08-12T23:57:45Z</time>
</trkpt>
<trkpt lat="36.11031" lon="138.178126">
<ele>1669.969167</ele>
<time>2026-08-12T23:57:51Z</time>
</trkpt>
<trkpt lat="36.110318" lon="138.178184">
<ele>1669.735552</ele>
<time>2026-08-12T23:57:58Z</time>
</trkpt>
<trkpt lat="36.11033" lon="138.178248">
<ele>1669.342894</ele>
<time>2026-08-12T23:58:15Z</time>
</trkpt>
<trkpt lat="36.110345" lon="138.178309">
<ele>1669.285377</ele>
<time>2026-08-12T23:58:20Z</time>
</trkpt>
<trkpt lat="36.110357" lon="138.178371">
<ele>1670.462081</ele>
<time>2026-08-12T23:58:28Z</time>
</trkpt>
<trkpt lat="36.110335" lon="138.17844">
<ele>1671.850959</ele>
<time>2026-08-12T23:58:34Z</time>
</trkpt>
<trkpt lat="36.110353" lon="138.178492">
<ele>1674.926479</ele>
<time>2026-08-12T23:58:40Z</time>
</trkpt>
<trkpt lat="36.110335" lon="138.17855">
<ele>1677.166597</ele>
<time>2026-08-12T23:58:47Z</time>
</trkpt>
<trkpt lat="36.110329" lon="138.178608">
<ele>1679.328664</ele>
<time>2026-08-12T23:58:51Z</time>
</trkpt>
<trkpt lat="36.110346" lon="138.178678">
<ele>1678.907082</ele>
<time>2026-08-12T23:58:54Z</time>
</trkpt>
<trkpt lat="36.110366" lon="138.178741">
<ele>1678.80622</ele>
<time>2026-08-12T23:58:59Z</time>
</trkpt>
<trkpt lat="36.110385" lon="138.178796">
<ele>1680.124951</ele>
<time>2026-08-12T23:59:02Z</time>
</trkpt>
<trkpt lat="36.110389" lon="138.178852">
<ele>1679.531954</ele>
<time>2026-08-12T23:59:09Z</time>
</trkpt>
<trkpt lat="36.110431" lon="138.178831">
<ele>1677.826461</ele>
<time>2026-08-12T23:59:19Z</time>
</trkpt>
<trkpt lat="36.110434" lon="138.178915">
<ele>1675.095678</ele>
<time>2026-08-12T23:59:24Z</time>
</trkpt>
<trkpt lat="36.110465" lon="138.178967">
<ele>1675.812962</ele>
<time>2026-08-12T23:59:29Z</time>
</trkpt>
<trkpt lat="36.110483" lon="138.179022">
<ele>1676.395803</ele>
<time>2026-08-12T23:59:33Z</time>
</trkpt>
<trkpt lat="36.110508" lon="138.179068">
<ele>1677.172657</ele>
<time>2026-08-12T23:59:39Z</time>
</trkpt>
<trkpt lat="36.110538" lon="138.17913">
<ele>1677.7753</ele>
<time>2026-08-12T23:59:44Z</time>
</trkpt>
<trkpt lat="36.110593" lon="138.179153">
<ele>1679.194868</ele>
<time>2026-08-12T23:59:50Z</time>
</trkpt>
<trkpt lat="36.110595" lon="138.17921">
<ele>1680.241881</ele>
<time>2026-08-12T23:59:55Z</time>
</trkpt>
<trkpt lat="36.110595" lon="138.179266">
<ele>1680.843227</ele>
<time>2026-08-12T23:59:59Z</time>
</trkpt>
<trkpt lat="36.110615" lon="138.179318">
<ele>1680.875271</ele>
<time>2026-08-13T00:00:05Z</time>
</trkpt>
<trkpt lat="36.110651" lon="138.17936">
<ele>1681.193884</ele>
<time>2026-08-13T00:00:10Z</time>
</trkpt>
<trkpt lat="36.11068" lon="138.179407">
<ele>1680.792079</ele>
<time>2026-08-13T00:00:17Z</time>
</trkpt>
<trkpt lat="36.110689" lon="138.179465">
<ele>1680.465303</ele>
<time>2026-08-13T00:00:23Z</time>
</trkpt>
<trkpt lat="36.110702" lon="138.179528">
<ele>1679.464356</ele>
<time>2026-08-13T00:00:29Z</time>
</trkpt>
<trkpt lat="36.11073" lon="138.17958">
<ele>1678.37389</ele>
<time>2026-08-13T00:00:35Z</time>
</trkpt>
<trkpt lat="36.110762" lon="138.179633">
<ele>1679.27277</ele>
<time>2026-08-13T00:00:42Z</time>
</trkpt>
<trkpt lat="36.110808" lon="138.179652">
<ele>1679.846117</ele>
<time>2026-08-13T00:00:47Z</time>
</trkpt>
<trkpt lat="36.110831" lon="138.179702">
<ele>1682.984917</ele>
<time>2026-08-13T00:00:51Z</time>
</trkpt>
<trkpt lat="36.110834" lon="138.179772">
<ele>1683.004136</ele>
<time>2026-08-13T00:00:59Z</time>
</trkpt>
<trkpt lat="36.11087" lon="138.179811">
<ele>1683.550804</ele>
<time>2026-08-13T00:01:06Z</time>
</trkpt>
<trkpt lat="36.110915" lon="138.179785">
<ele>1681.462814</ele>
<time>2026-08-13T00:01:26Z</time>
</trkpt>
<trkpt lat="36.110942" lon="138.179841">
<ele>1682.071609</ele>
<time>2026-08-13T00:01:32Z</time>
</trkpt>
<trkpt lat="36.110969" lon="138.179897">
<ele>1683.21342</ele>
<time>2026-08-13T00:06:12Z</time>
</trkpt>
<trkpt lat="36.110995" lon="138.179947">
<ele>1683.610347</ele>
<time>2026-08-13T00:06:23Z</time>
</trkpt>
<trkpt lat="36.111016" lon="138.180004">
<ele>1684.35606</ele>
<time>2026-08-13T00:06:28Z</time>
</trkpt>
<trkpt lat="36.111056" lon="138.180046">
<ele>1684.344532</ele>
<time>2026-08-13T00:06:33Z</time>
</trkpt>
<trkpt lat="36.111101" lon="138.180058">
<ele>1684.398821</ele>
<time>2026-08-13T00:06:38Z</time>
</trkpt>
<trkpt lat="36.111147" lon="138.180085">
<ele>1684.688579</ele>
<time>2026-08-13T00:06:43Z</time>
</trkpt>
<trkpt lat="36.11119" lon="138.180129">
<ele>1685.757009</ele>
<time>2026-08-13T00:07:43Z</time>
</trkpt>
<trkpt lat="36.111228" lon="138.180163">
<ele>1687.578365</ele>
<time>2026-08-13T00:07:47Z</time>
</trkpt>
<trkpt lat="36.111281" lon="138.180185">
<ele>1690.43658</ele>
<time>2026-08-13T00:07:52Z</time>
</trkpt>
<trkpt lat="36.111295" lon="138.180248">
<ele>1692.115739</ele>
<time>2026-08-13T00:07:57Z</time>
</trkpt>
<trkpt lat="36.111342" lon="138.180269">
<ele>1693.64907</ele>
<time>2026-08-13T00:08:03Z</time>
</trkpt>
<trkpt lat="36.111383" lon="138.180315">
<ele>1694.135731</ele>
<time>2026-08-13T00:08:09Z</time>
</trkpt>
<trkpt lat="36.111404" lon="138.180371">
<ele>1695.37585</ele>
<time>2026-08-13T00:08:15Z</time>
</trkpt>
<trkpt lat="36.111421" lon="138.180429">
<ele>1696.074892</ele>
<time>2026-08-13T00:08:21Z</time>
</trkpt>
<trkpt lat="36.111429" lon="138.180502">
<ele>1696.641498</ele>
<time>2026-08-13T00:08:28Z</time>
</trkpt>
<trkpt lat="36.111461" lon="138.180545">
<ele>1696.696406</ele>
<time>2026-08-13T00:08:32Z</time>
</trkpt>
<trkpt lat="36.111497" lon="138.180603">
<ele>1696.662113</ele>
<time>2026-08-13T00:08:37Z</time>
</trkpt>
<trkpt lat="36.111508" lon="138.180661">
<ele>1697.116874</ele>
<time>2026-08-13T00:08:44Z</time>
</trkpt>
<trkpt lat="36.111532" lon="138.180713">
<ele>1697.945478</ele>
<time>2026-08-13T00:08:49Z</time>
</trkpt>
<trkpt lat="36.111559" lon="138.180764">
<ele>1698.41149</ele>
<time>2026-08-13T00:08:53Z</time>
</trkpt>
<trkpt lat="36.111586" lon="138.180817">
<ele>1698.443926</ele>
<time>2026-08-13T00:08:59Z</time>
</trkpt>
<trkpt lat="36.111603" lon="138.180869">
<ele>1698.03761</ele>
<time>2026-08-13T00:09:04Z</time>
</trkpt>
<trkpt lat="36.111598" lon="138.18093">
<ele>1697.389911</ele>
<time>2026-08-13T00:09:16Z</time>
</trkpt>
<trkpt lat="36.111631" lon="138.180974">
<ele>1697.361492</ele>
<time>2026-08-13T00:09:24Z</time>
</trkpt>
<trkpt lat="36.111666" lon="138.181016">
<ele>1698.021689</ele>
<time>2026-08-13T00:10:02Z</time>
</trkpt>
<trkpt lat="36.111654" lon="138.181077">
<ele>1698.887957</ele>
<time>2026-08-13T00:10:17Z</time>
</trkpt>
<trkpt lat="36.111676" lon="138.181133">
<ele>1698.476226</ele>
<time>2026-08-13T00:10:22Z</time>
</trkpt>
<trkpt lat="36.111701" lon="138.181182">
<ele>1698.3071</ele>
<time>2026-08-13T00:10:28Z</time>
</trkpt>
<trkpt lat="36.111739" lon="138.181222">
<ele>1698.028906</ele>
<time>2026-08-13T00:10:32Z</time>
</trkpt>
<trkpt lat="36.111769" lon="138.18127">
<ele>1698.800969</ele>
<time>2026-08-13T00:10:37Z</time>
</trkpt>
<trkpt lat="36.111774" lon="138.181328">
<ele>1698.458672</ele>
<time>2026-08-13T00:11:19Z</time>
</trkpt>
<trkpt lat="36.111821" lon="138.181347">
<ele>1698.590999</ele>
<time>2026-08-13T00:11:22Z</time>
</trkpt>
<trkpt lat="36.111828" lon="138.181403">
<ele>1698.734466</ele>
<time>2026-08-13T00:11:26Z</time>
</trkpt>
<trkpt lat="36.11185" lon="138.181465">
<ele>1699.995583</ele>
<time>2026-08-13T00:11:32Z</time>
</trkpt>
<trkpt lat="36.111878" lon="138.181525">
<ele>1701.522439</ele>
<time>2026-08-13T00:11:39Z</time>
</trkpt>
<trkpt lat="36.111916" lon="138.181557">
<ele>1701.849853</ele>
<time>2026-08-13T00:11:43Z</time>
</trkpt>
<trkpt lat="36.111937" lon="138.181609">
<ele>1701.983053</ele>
<time>2026-08-13T00:12:09Z</time>
</trkpt>
<trkpt lat="36.111977" lon="138.181648">
<ele>1702.6873</ele>
<time>2026-08-13T00:12:14Z</time>
</trkpt>
<trkpt lat="36.112006" lon="138.181698">
<ele>1704.817</ele>
<time>2026-08-13T00:12:19Z</time>
</trkpt>
<trkpt lat="36.112041" lon="138.181741">
<ele>1706.865927</ele>
<time>2026-08-13T00:12:24Z</time>
</trkpt>
<trkpt lat="36.112072" lon="138.181789">
<ele>1707.871666</ele>
<time>2026-08-13T00:12:31Z</time>
</trkpt>
<trkpt lat="36.112117" lon="138.181807">
<ele>1708.608157</ele>
<time>2026-08-13T00:13:05Z</time>
</trkpt>
<trkpt lat="36.112167" lon="138.181795">
<ele>1709.096236</ele>
<time>2026-08-13T00:13:11Z</time>
</trkpt>
<trkpt lat="36.112212" lon="138.181806">
<ele>1710.257739</ele>
<time>2026-08-13T00:13:16Z</time>
</trkpt>
<trkpt lat="36.112259" lon="138.181834">
<ele>1711.583562</ele>
<time>2026-08-13T00:13:27Z</time>
</trkpt>
<trkpt lat="36.112305" lon="138.18185">
<ele>1713.394432</ele>
<time>2026-08-13T00:13:32Z</time>
</trkpt>
<trkpt lat="36.112343" lon="138.181881">
<ele>1714.338218</ele>
<time>2026-08-13T00:13:37Z</time>
</trkpt>
<trkpt lat="36.112385" lon="138.181928">
<ele>1715.610462</ele>
<time>2026-08-13T00:13:57Z</time>
</trkpt>
<trkpt lat="36.112415" lon="138.181983">
<ele>1716.705606</ele>
<time>2026-08-13T00:14:03Z</time>
</trkpt>
<trkpt lat="36.112462" lon="138.181977">
<ele>1717.360178</ele>
<time>2026-08-13T00:14:08Z</time>
</trkpt>
<trkpt lat="36.112496" lon="138.18202">
<ele>1717.572693</ele>
<time>2026-08-13T00:14:33Z</time>
</trkpt>
<trkpt lat="36.112522" lon="138.182065">
<ele>1718.876434</ele>
<time>2026-08-13T00:14:39Z</time>
</trkpt>
<trkpt lat="36.112568" lon="138.182073">
<ele>1722.139355</ele>
<time>2026-08-13T00:14:55Z</time>
</trkpt>
<trkpt lat="36.112597" lon="138.182119">
<ele>1724.51768</ele>
<time>2026-08-13T00:15:52Z</time>
</trkpt>
<trkpt lat="36.112636" lon="138.182151">
<ele>1725.62257</ele>
<time>2026-08-13T00:15:58Z</time>
</trkpt>
<trkpt lat="36.112664" lon="138.182197">
<ele>1726.083052</ele>
<time>2026-08-13T00:16:20Z</time>
</trkpt>
<trkpt lat="36.1127" lon="138.182238">
<ele>1726.7299</ele>
<time>2026-08-13T00:16:26Z</time>
</trkpt>
<trkpt lat="36.112728" lon="138.182285">
<ele>1727.916968</ele>
<time>2026-08-13T00:16:31Z</time>
</trkpt>
<trkpt lat="36.112767" lon="138.182317">
<ele>1728.304845</ele>
<time>2026-08-13T00:16:36Z</time>
</trkpt>
<trkpt lat="36.11282" lon="138.182331">
<ele>1729.96571</ele>
<time>2026-08-13T00:17:08Z</time>
</trkpt>
<trkpt lat="36.11286" lon="138.18237">
<ele>1730.622303</ele>
<time>2026-08-13T00:17:14Z</time>
</trkpt>
<trkpt lat="36.11289" lon="138.182411">
<ele>1731.785359</ele>
<time>2026-08-13T00:17:18Z</time>
</trkpt>
<trkpt lat="36.112938" lon="138.182434">
<ele>1732.044913</ele>
<time>2026-08-13T00:17:23Z</time>
</trkpt>
<trkpt lat="36.112968" lon="138.182476">
<ele>1733.802118</ele>
<time>2026-08-13T00:17:29Z</time>
</trkpt>
<trkpt lat="36.113005" lon="138.182511">
<ele>1736.070639</ele>
<time>2026-08-13T00:17:35Z</time>
</trkpt>
<trkpt lat="36.113052" lon="138.182533">
<ele>1738.048476</ele>
<time>2026-08-13T00:17:41Z</time>
</trkpt>
<trkpt lat="36.113079" lon="138.182581">
<ele>1738.94548</ele>
<time>2026-08-13T00:18:15Z</time>
</trkpt>
<trkpt lat="36.113121" lon="138.182608">
<ele>1739.07991</ele>
<time>2026-08-13T00:18:22Z</time>
</trkpt>
<trkpt lat="36.113165" lon="138.182641">
<ele>1740.565997</ele>
<time>2026-08-13T00:18:29Z</time>
</trkpt>
<trkpt lat="36.113193" lon="138.182694">
<ele>1743.034252</ele>
<time>2026-08-13T00:18:35Z</time>
</trkpt>
<trkpt lat="36.113236" lon="138.182717">
<ele>1745.303721</ele>
<time>2026-08-13T00:18:42Z</time>
</trkpt>
<trkpt lat="36.113276" lon="138.18275">
<ele>1746.405548</ele>
<time>2026-08-13T00:18:49Z</time>
</trkpt>
<trkpt lat="36.113313" lon="138.182787">
<ele>1746.170476</ele>
<time>2026-08-13T00:19:27Z</time>
</trkpt>
<trkpt lat="36.113356" lon="138.182816">
<ele>1746.77317</ele>
<time>2026-08-13T00:19:32Z</time>
</trkpt>
<trkpt lat="36.113398" lon="138.182844">
<ele>1747.71814</ele>
<time>2026-08-13T00:19:40Z</time>
</trkpt>
<trkpt lat="36.113433" lon="138.182884">
<ele>1748.914015</ele>
<time>2026-08-13T00:19:46Z</time>
</trkpt>
<trkpt lat="36.113482" lon="138.182894">
<ele>1750.27385</ele>
<time>2026-08-13T00:19:53Z</time>
</trkpt>
<trkpt lat="36.113529" lon="138.182912">
<ele>1751.748269</ele>
<time>2026-08-13T00:20:00Z</time>
</trkpt>
<trkpt lat="36.113541" lon="138.182965">
<ele>1753.291469</ele>
<time>2026-08-13T00:20:48Z</time>
</trkpt>
<trkpt lat="36.113576" lon="138.183017">
<ele>1753.847473</ele>
<time>2026-08-13T00:20:54Z</time>
</trkpt>
<trkpt lat="36.113619" lon="138.18305">
<ele>1754.376989</ele>
<time>2026-08-13T00:21:01Z</time>
</trkpt>
<trkpt lat="36.113663" lon="138.183083">
<ele>1756.726769</ele>
<time>2026-08-13T00:21:08Z</time>
</trkpt>
<trkpt lat="36.113705" lon="138.183117">
<ele>1758.791135</ele>
<time>2026-08-13T00:21:14Z</time>
</trkpt>
<trkpt lat="36.113746" lon="138.18314">
<ele>1760.533513</ele>
<time>2026-08-13T00:21:28Z</time>
</trkpt>
<trkpt lat="36.113791" lon="138.183177">
<ele>1761.197885</ele>
<time>2026-08-13T00:22:04Z</time>
</trkpt>
<trkpt lat="36.113827" lon="138.183217">
<ele>1762.532686</ele>
<time>2026-08-13T00:22:12Z</time>
</trkpt>
<trkpt lat="36.113856" lon="138.183261">
<ele>1764.232593</ele>
<time>2026-08-13T00:24:21Z</time>
</trkpt>
<trkpt lat="36.113885" lon="138.183315">
<ele>1765.050825</ele>
<time>2026-08-13T00:24:29Z</time>
</trkpt>
<trkpt lat="36.113929" lon="138.183327">
<ele>1766.188813</ele>
<time>2026-08-13T00:24:38Z</time>
</trkpt>
<trkpt lat="36.113961" lon="138.18337">
<ele>1766.707603</ele>
<time>2026-08-13T00:24:46Z</time>
</trkpt>
<trkpt lat="36.113982" lon="138.183424">
<ele>1768.120602</ele>
<time>2026-08-13T00:24:52Z</time>
</trkpt>
<trkpt lat="36.113992" lon="138.183479">
<ele>1769.100882</ele>
<time>2026-08-13T00:24:58Z</time>
</trkpt>
<trkpt lat="36.114033" lon="138.183513">
<ele>1770.796217</ele>
<time>2026-08-13T00:25:05Z</time>
</trkpt>
<trkpt lat="36.114069" lon="138.183567">
<ele>1772.057211</ele>
<time>2026-08-13T00:25:35Z</time>
</trkpt>
<trkpt lat="36.114108" lon="138.183606">
<ele>1773.144191</ele>
<time>2026-08-13T00:25:43Z</time>
</trkpt>
<trkpt lat="36.114139" lon="138.183656">
<ele>1774.709967</ele>
<time>2026-08-13T00:25:49Z</time>
</trkpt>
<trkpt lat="36.11418" lon="138.183684">
<ele>1776.126468</ele>
<time>2026-08-13T00:25:55Z</time>
</trkpt>
<trkpt lat="36.114226" lon="138.183691">
<ele>1777.737354</ele>
<time>2026-08-13T00:26:15Z</time>
</trkpt>
<trkpt lat="36.114252" lon="138.183743">
<ele>1779.791902</ele>
<time>2026-08-13T00:26:21Z</time>
</trkpt>
<trkpt lat="36.114272" lon="138.183808">
<ele>1780.85607</ele>
<time>2026-08-13T00:26:27Z</time>
</trkpt>
<trkpt lat="36.114297" lon="138.183857">
<ele>1781.939702</ele>
<time>2026-08-13T00:26:35Z</time>
</trkpt>
<trkpt lat="36.114314" lon="138.183912">
<ele>1781.656057</ele>
<time>2026-08-13T00:26:42Z</time>
</trkpt>
<trkpt lat="36.114356" lon="138.183949">
<ele>1782.257601</ele>
<time>2026-08-13T00:26:50Z</time>
</trkpt>
<trkpt lat="36.11439" lon="138.183992">
<ele>1782.416245</ele>
<time>2026-08-13T00:26:56Z</time>
</trkpt>
<trkpt lat="36.114414" lon="138.184047">
<ele>1782.996657</ele>
<time>2026-08-13T00:27:03Z</time>
</trkpt>
<trkpt lat="36.114431" lon="138.184103">
<ele>1783.237229</ele>
<time>2026-08-13T00:27:56Z</time>
</trkpt>
<trkpt lat="36.114461" lon="138.184153">
<ele>1783.482683</ele>
<time>2026-08-13T00:28:03Z</time>
</trkpt>
<trkpt lat="36.114497" lon="138.184207">
<ele>1784.019125</ele>
<time>2026-08-13T00:28:16Z</time>
</trkpt>
<trkpt lat="36.114515" lon="138.184272">
<ele>1784.870961</ele>
<time>2026-08-13T00:28:22Z</time>
</trkpt>
<trkpt lat="36.114492" lon="138.18433">
<ele>1786.075855</ele>
<time>2026-08-13T00:28:27Z</time>
</trkpt>
<trkpt lat="36.114536" lon="138.184349">
<ele>1786.488893</ele>
<time>2026-08-13T00:28:32Z</time>
</trkpt>
<trkpt lat="36.114565" lon="138.184402">
<ele>1787.15473</ele>
<time>2026-08-13T00:28:56Z</time>
</trkpt>
<trkpt lat="36.114584" lon="138.184456">
<ele>1787.940399</ele>
<time>2026-08-13T00:29:01Z</time>
</trkpt>
<trkpt lat="36.114617" lon="138.184494">
<ele>1789.088013</ele>
<time>2026-08-13T00:29:06Z</time>
</trkpt>
<trkpt lat="36.114638" lon="138.184544">
<ele>1789.658503</ele>
<time>2026-08-13T00:29:11Z</time>
</trkpt>
<trkpt lat="36.11466" lon="138.184601">
<ele>1789.940697</ele>
<time>2026-08-13T00:29:19Z</time>
</trkpt>
<trkpt lat="36.114669" lon="138.184655">
<ele>1790.820167</ele>
<time>2026-08-13T00:29:24Z</time>
</trkpt>
<trkpt lat="36.114644" lon="138.184707">
<ele>1792.398154</ele>
<time>2026-08-13T00:30:26Z</time>
</trkpt>
<trkpt lat="36.114625" lon="138.184761">
<ele>1794.085504</ele>
<time>2026-08-13T00:30:32Z</time>
</trkpt>
<trkpt lat="36.114622" lon="138.18483">
<ele>1794.765643</ele>
<time>2026-08-13T00:30:55Z</time>
</trkpt>
<trkpt lat="36.114624" lon="138.184893">
<ele>1794.840385</ele>
<time>2026-08-13T00:31:01Z</time>
</trkpt>
<trkpt lat="36.114638" lon="138.18496">
<ele>1794.750648</ele>
<time>2026-08-13T00:31:06Z</time>
</trkpt>
<trkpt lat="36.11463" lon="138.185016">
<ele>1794.174087</ele>
<time>2026-08-13T00:31:11Z</time>
</trkpt>
<trkpt lat="36.114631" lon="138.185074">
<ele>1793.277357</ele>
<time>2026-08-13T00:31:31Z</time>
</trkpt>
<trkpt lat="36.114612" lon="138.185133">
<ele>1791.952326</ele>
<time>2026-08-13T00:31:43Z</time>
</trkpt>
<trkpt lat="36.114617" lon="138.185193">
<ele>1790.471327</ele>
<time>2026-08-13T00:31:51Z</time>
</trkpt>
<trkpt lat="36.114634" lon="138.18525">
<ele>1789.362835</ele>
<time>2026-08-13T00:31:57Z</time>
</trkpt>
<trkpt lat="36.114633" lon="138.185307">
<ele>1788.219952</ele>
<time>2026-08-13T00:32:03Z</time>
</trkpt>
<trkpt lat="36.114646" lon="138.18536">
<ele>1787.396628</ele>
<time>2026-08-13T00:32:09Z</time>
</trkpt>
<trkpt lat="36.11467" lon="138.185413">
<ele>1786.695051</ele>
<time>2026-08-13T00:32:26Z</time>
</trkpt>
<trkpt lat="36.11465" lon="138.185477">
<ele>1786.550176</ele>
<time>2026-08-13T00:32:32Z</time>
</trkpt>
<trkpt lat="36.114636" lon="138.185536">
<ele>1786.685196</ele>
<time>2026-08-13T00:32:38Z</time>
</trkpt>
<trkpt lat="36.114618" lon="138.18559">
<ele>1786.548259</ele>
<time>2026-08-13T00:32:43Z</time>
</trkpt>
<trkpt lat="36.114625" lon="138.185647">
<ele>1786.045978</ele>
<time>2026-08-13T00:32:48Z</time>
</trkpt>
<trkpt lat="36.114608" lon="138.185712">
<ele>1784.880403</ele>
<time>2026-08-13T00:32:57Z</time>
</trkpt>
<trkpt lat="36.114577" lon="138.185766">
<ele>1783.744493</ele>
<time>2026-08-13T00:33:02Z</time>
</trkpt>
<trkpt lat="36.114566" lon="138.185825">
<ele>1782.685619</ele>
<time>2026-08-13T00:33:08Z</time>
</trkpt>
<trkpt lat="36.114544" lon="138.185881">
<ele>1782.166776</ele>
<time>2026-08-13T00:33:13Z</time>
</trkpt>
<trkpt lat="36.114552" lon="138.185936">
<ele>1781.555887</ele>
<time>2026-08-13T00:33:17Z</time>
</trkpt>
<trkpt lat="36.114544" lon="138.185993">
<ele>1781.476372</ele>
<time>2026-08-13T00:33:22Z</time>
</trkpt>
<trkpt lat="36.114533" lon="138.186059">
<ele>1781.531629</ele>
<time>2026-08-13T00:33:27Z</time>
</trkpt>
<trkpt lat="36.114517" lon="138.186116">
<ele>1781.987853</ele>
<time>2026-08-13T00:33:32Z</time>
</trkpt>
<trkpt lat="36.114504" lon="138.186175">
<ele>1781.477496</ele>
<time>2026-08-13T00:33:37Z</time>
</trkpt>
<trkpt lat="36.114483" lon="138.186227">
<ele>1780.926295</ele>
<time>2026-08-13T00:33:50Z</time>
</trkpt>
<trkpt lat="36.114461" lon="138.186291">
<ele>1780.499147</ele>
<time>2026-08-13T00:33:55Z</time>
</trkpt>
<trkpt lat="36.114438" lon="138.186354">
<ele>1780.646645</ele>
<time>2026-08-13T00:34:00Z</time>
</trkpt>
<trkpt lat="36.114436" lon="138.186414">
<ele>1780.761122</ele>
<time>2026-08-13T00:34:05Z</time>
</trkpt>
<trkpt lat="36.114407" lon="138.186458">
<ele>1780.412454</ele>
<time>2026-08-13T00:34:09Z</time>
</trkpt>
<trkpt lat="36.114385" lon="138.186518">
<ele>1780.447832</ele>
<time>2026-08-13T00:34:14Z</time>
</trkpt>
<trkpt lat="36.114362" lon="138.186569">
<ele>1780.28137</ele>
<time>2026-08-13T00:34:19Z</time>
</trkpt>
<trkpt lat="36.114349" lon="138.186628">
<ele>1779.895336</ele>
<time>2026-08-13T00:34:24Z</time>
</trkpt>
<trkpt lat="36.114338" lon="138.186693">
<ele>1778.781221</ele>
<time>2026-08-13T00:34:29Z</time>
</trkpt>
<trkpt lat="36.114327" lon="138.186753">
<ele>1777.952889</ele>
<time>2026-08-13T00:34:34Z</time>
</trkpt>
<trkpt lat="36.114299" lon="138.186807">
<ele>1777.501738</ele>
<time>2026-08-13T00:34:40Z</time>
</trkpt>
<trkpt lat="36.114273" lon="138.18686">
<ele>1777.247889</ele>
<time>2026-08-13T00:34:45Z</time>
</trkpt>
<trkpt lat="36.114258" lon="138.186914">
<ele>1776.798865</ele>
<time>2026-08-13T00:34:50Z</time>
</trkpt>
<trkpt lat="36.114247" lon="138.186972">
<ele>1776.337888</ele>
<time>2026-08-13T00:34:55Z</time>
</trkpt>
<trkpt lat="36.114221" lon="138.187027">
<ele>1776.366956</ele>
<time>2026-08-13T00:35:00Z</time>
</trkpt>
<trkpt lat="36.114212" lon="138.187088">
<ele>1776.500964</ele>
<time>2026-08-13T00:35:18Z</time>
</trkpt>
<trkpt lat="36.11417" lon="138.187131">
<ele>1776.866806</ele>
<time>2026-08-13T00:35:23Z</time>
</trkpt>
<trkpt lat="36.11416" lon="138.187193">
<ele>1777.254805</ele>
<time>2026-08-13T00:35:28Z</time>
</trkpt>
<trkpt lat="36.114212" lon="138.187222">
<ele>1777.801377</ele>
<time>2026-08-13T00:35:58Z</time>
</trkpt>
<trkpt lat="36.114258" lon="138.187213">
<ele>1778.250177</ele>
<time>2026-08-13T00:36:02Z</time>
</trkpt>
<trkpt lat="36.114299" lon="138.187189">
<ele>1778.592143</ele>
<time>2026-08-13T00:36:06Z</time>
</trkpt>
<trkpt lat="36.114347" lon="138.18717">
<ele>1778.504481</ele>
<time>2026-08-13T00:36:33Z</time>
</trkpt>
<trkpt lat="36.114395" lon="138.187144">
<ele>1778.256436</ele>
<time>2026-08-13T00:36:39Z</time>
</trkpt>
<trkpt lat="36.114445" lon="138.187114">
<ele>1777.627126</ele>
<time>2026-08-13T00:36:59Z</time>
</trkpt>
<trkpt lat="36.114486" lon="138.187091">
<ele>1777.511204</ele>
<time>2026-08-13T00:37:03Z</time>
</trkpt>
<trkpt lat="36.114534" lon="138.187061">
<ele>1777.308352</ele>
<time>2026-08-13T00:37:08Z</time>
</trkpt>
<trkpt lat="36.114575" lon="138.187035">
<ele>1777.473467</ele>
<time>2026-08-13T00:37:13Z</time>
</trkpt>
<trkpt lat="36.11462" lon="138.187007">
<ele>1777.153613</ele>
<time>2026-08-13T00:37:21Z</time>
</trkpt>
<trkpt lat="36.114665" lon="138.18698">
<ele>1776.989369</ele>
<time>2026-08-13T00:37:30Z</time>
</trkpt>
<trkpt lat="36.114703" lon="138.186947">
<ele>1776.567502</ele>
<time>2026-08-13T00:37:36Z</time>
</trkpt>
<trkpt lat="36.114749" lon="138.18691">
<ele>1776.433048</ele>
<time>2026-08-13T00:37:42Z</time>
</trkpt>
<trkpt lat="36.114793" lon="138.186872">
<ele>1776.69491</ele>
<time>2026-08-13T00:37:46Z</time>
</trkpt>
<trkpt lat="36.114844" lon="138.18685">
<ele>1776.531557</ele>
<time>2026-08-13T00:37:50Z</time>
</trkpt>
<trkpt lat="36.114895" lon="138.186817">
<ele>1776.49692</ele>
<time>2026-08-13T00:37:56Z</time>
</trkpt>
<trkpt lat="36.114934" lon="138.186785">
<ele>1775.897145</ele>
<time>2026-08-13T00:38:00Z</time>
</trkpt>
<trkpt lat="36.114977" lon="138.186746">
<ele>1775.919375</ele>
<time>2026-08-13T00:38:05Z</time>
</trkpt>
<trkpt lat="36.115013" lon="138.18671">
<ele>1776.227879</ele>
<time>2026-08-13T00:38:22Z</time>
</trkpt>
<trkpt lat="36.115062" lon="138.186704">
<ele>1776.49399</ele>
<time>2026-08-13T00:38:30Z</time>
</trkpt>
<trkpt lat="36.115102" lon="138.186675">
<ele>1777.231511</ele>
<time>2026-08-13T00:38:34Z</time>
</trkpt>
<trkpt lat="36.115154" lon="138.186669">
<ele>1778.204569</ele>
<time>2026-08-13T00:38:39Z</time>
</trkpt>
<trkpt lat="36.115198" lon="138.186649">
<ele>1778.78863</ele>
<time>2026-08-13T00:38:44Z</time>
</trkpt>
<trkpt lat="36.115241" lon="138.18663">
<ele>1779.495394</ele>
<time>2026-08-13T00:38:54Z</time>
</trkpt>
<trkpt lat="36.115291" lon="138.186598">
<ele>1779.349097</ele>
<time>2026-08-13T00:39:00Z</time>
</trkpt>
<trkpt lat="36.115339" lon="138.186584">
<ele>1779.768313</ele>
<time>2026-08-13T00:39:33Z</time>
</trkpt>
<trkpt lat="36.115386" lon="138.186563">
<ele>1779.108462</ele>
<time>2026-08-13T00:39:39Z</time>
</trkpt>
<trkpt lat="36.115431" lon="138.186542">
<ele>1779.161378</ele>
<time>2026-08-13T00:39:43Z</time>
</trkpt>
<trkpt lat="36.115487" lon="138.186525">
<ele>1779.420013</ele>
<time>2026-08-13T00:39:49Z</time>
</trkpt>
<trkpt lat="36.115542" lon="138.186505">
<ele>1779.370744</ele>
<time>2026-08-13T00:39:54Z</time>
</trkpt>
<trkpt lat="36.115582" lon="138.18646">
<ele>1779.223563</ele>
<time>2026-08-13T00:40:01Z</time>
</trkpt>
<trkpt lat="36.115646" lon="138.186442">
<ele>1778.815541</ele>
<time>2026-08-13T00:40:06Z</time>
</trkpt>
<trkpt lat="36.115687" lon="138.186406">
<ele>1778.994165</ele>
<time>2026-08-13T00:40:12Z</time>
</trkpt>
<trkpt lat="36.115724" lon="138.186364">
<ele>1778.877476</ele>
<time>2026-08-13T00:40:16Z</time>
</trkpt>
<trkpt lat="36.115756" lon="138.186323">
<ele>1779.23962</ele>
<time>2026-08-13T00:40:21Z</time>
</trkpt>
<trkpt lat="36.11579" lon="138.186277">
<ele>1779.653899</ele>
<time>2026-08-13T00:40:27Z</time>
</trkpt>
<trkpt lat="36.115815" lon="138.186222">
<ele>1780.115081</ele>
<time>2026-08-13T00:40:48Z</time>
</trkpt>
<trkpt lat="36.115851" lon="138.186168">
<ele>1780.779558</ele>
<time>2026-08-13T00:40:56Z</time>
</trkpt>
<trkpt lat="36.115887" lon="138.186132">
<ele>1781.111407</ele>
<time>2026-08-13T00:48:45Z</time>
</trkpt>
<trkpt lat="36.115903" lon="138.186077">
<ele>1782.008455</ele>
<time>2026-08-13T00:48:53Z</time>
</trkpt>
<trkpt lat="36.115932" lon="138.186026">
<ele>1782.189817</ele>
<time>2026-08-13T00:49:01Z</time>
</trkpt>
<trkpt lat="36.115978" lon="138.186005">
<ele>1782.452151</ele>
<time>2026-08-13T00:49:06Z</time>
</trkpt>
<trkpt lat="36.116023" lon="138.185971">
<ele>1781.882599</ele>
<time>2026-08-13T00:49:11Z</time>
</trkpt>
<trkpt lat="36.116068" lon="138.185945">
<ele>1781.127788</ele>
<time>2026-08-13T00:49:15Z</time>
</trkpt>
<trkpt lat="36.116109" lon="138.185908">
<ele>1780.483984</ele>
<time>2026-08-13T00:49:27Z</time>
</trkpt>
<trkpt lat="36.116143" lon="138.185865">
<ele>1780.091879</ele>
<time>2026-08-13T00:49:32Z</time>
</trkpt>
<trkpt lat="36.116178" lon="138.185823">
<ele>1779.760185</ele>
<time>2026-08-13T00:49:38Z</time>
</trkpt>
<trkpt lat="36.116219" lon="138.185792">
<ele>1778.999697</ele>
<time>2026-08-13T00:49:42Z</time>
</trkpt>
<trkpt lat="36.116256" lon="138.185751">
<ele>1779.152656</ele>
<time>2026-08-13T00:49:49Z</time>
</trkpt>
<trkpt lat="36.1163" lon="138.18572">
<ele>1779.235867</ele>
<time>2026-08-13T00:49:54Z</time>
</trkpt>
<trkpt lat="36.116328" lon="138.185676">
<ele>1779.988989</ele>
<time>2026-08-13T00:50:02Z</time>
</trkpt>
<trkpt lat="36.116361" lon="138.185631">
<ele>1780.004891</ele>
<time>2026-08-13T00:50:07Z</time>
</trkpt>
<trkpt lat="36.116397" lon="138.185598">
<ele>1781.35296</ele>
<time>2026-08-13T00:50:12Z</time>
</trkpt>
<trkpt lat="36.116436" lon="138.185565">
<ele>1781.661303</ele>
<time>2026-08-13T00:50:26Z</time>
</trkpt>
<trkpt lat="36.116465" lon="138.18552">
<ele>1781.179573</ele>
<time>2026-08-13T00:50:32Z</time>
</trkpt>
<trkpt lat="36.116498" lon="138.185463">
<ele>1779.858637</ele>
<time>2026-08-13T00:50:38Z</time>
</trkpt>
<trkpt lat="36.116529" lon="138.185418">
<ele>1779.471154</ele>
<time>2026-08-13T00:50:43Z</time>
</trkpt>
<trkpt lat="36.116567" lon="138.185377">
<ele>1779.108277</ele>
<time>2026-08-13T00:50:54Z</time>
</trkpt>
<trkpt lat="36.11661" lon="138.185358">
<ele>1778.605589</ele>
<time>2026-08-13T00:51:00Z</time>
</trkpt>
<trkpt lat="36.116646" lon="138.185306">
<ele>1778.134614</ele>
<time>2026-08-13T00:51:05Z</time>
</trkpt>
<trkpt lat="36.116683" lon="138.185262">
<ele>1778.271186</ele>
<time>2026-08-13T00:51:12Z</time>
</trkpt>
<trkpt lat="36.116707" lon="138.185205">
<ele>1778.483451</ele>
<time>2026-08-13T00:51:16Z</time>
</trkpt>
<trkpt lat="36.116749" lon="138.185181">
<ele>1778.439067</ele>
<time>2026-08-13T00:51:23Z</time>
</trkpt>
<trkpt lat="36.11676" lon="138.185125">
<ele>1778.536946</ele>
<time>2026-08-13T00:51:30Z</time>
</trkpt>
<trkpt lat="36.1168" lon="138.185081">
<ele>1778.14234</ele>
<time>2026-08-13T00:51:42Z</time>
</trkpt>
<trkpt lat="36.116834" lon="138.185041">
<ele>1778.041462</ele>
<time>2026-08-13T00:51:46Z</time>
</trkpt>
<trkpt lat="36.116879" lon="138.185017">
<ele>1777.778631</ele>
<time>2026-08-13T00:51:52Z</time>
</trkpt>
<trkpt lat="36.116899" lon="138.184952">
<ele>1777.904036</ele>
<time>2026-08-13T00:51:58Z</time>
</trkpt>
<trkpt lat="36.116939" lon="138.184913">
<ele>1778.199581</ele>
<time>2026-08-13T00:52:04Z</time>
</trkpt>
<trkpt lat="36.116984" lon="138.184865">
<ele>1778.253278</ele>
<time>2026-08-13T00:52:55Z</time>
</trkpt>
<trkpt lat="36.117027" lon="138.184828">
<ele>1778.682812</ele>
<time>2026-08-13T00:53:01Z</time>
</trkpt>
<trkpt lat="36.117059" lon="138.18478">
<ele>1778.548943</ele>
<time>2026-08-13T00:53:08Z</time>
</trkpt>
<trkpt lat="36.117112" lon="138.184754">
<ele>1778.306683</ele>
<time>2026-08-13T00:53:14Z</time>
</trkpt>
<trkpt lat="36.11716" lon="138.184727">
<ele>1778.005776</ele>
<time>2026-08-13T00:53:20Z</time>
</trkpt>
<trkpt lat="36.117179" lon="138.184671">
<ele>1778.546632</ele>
<time>2026-08-13T00:53:26Z</time>
</trkpt>
<trkpt lat="36.117225" lon="138.184647">
<ele>1779.008615</ele>
<time>2026-08-13T00:53:44Z</time>
</trkpt>
<trkpt lat="36.117269" lon="138.184601">
<ele>1779.704028</ele>
<time>2026-08-13T00:53:49Z</time>
</trkpt>
<trkpt lat="36.117307" lon="138.18455">
<ele>1780.153968</ele>
<time>2026-08-13T00:53:57Z</time>
</trkpt>
<trkpt lat="36.11735" lon="138.184529">
<ele>1781.117374</ele>
<time>2026-08-13T00:54:09Z</time>
</trkpt>
<trkpt lat="36.117395" lon="138.184548">
<ele>1781.273549</ele>
<time>2026-08-13T00:54:17Z</time>
</trkpt>
<trkpt lat="36.117414" lon="138.184497">
<ele>1780.742328</ele>
<time>2026-08-13T00:54:21Z</time>
</trkpt>
<trkpt lat="36.117459" lon="138.184462">
<ele>1780.372594</ele>
<time>2026-08-13T00:54:27Z</time>
</trkpt>
<trkpt lat="36.117495" lon="138.184424">
<ele>1780.354868</ele>
<time>2026-08-13T00:54:33Z</time>
</trkpt>
<trkpt lat="36.117539" lon="138.184387">
<ele>1780.307619</ele>
<time>2026-08-13T00:54:39Z</time>
</trkpt>
<trkpt lat="36.117566" lon="138.184338">
<ele>1779.742804</ele>
<time>2026-08-13T00:54:44Z</time>
</trkpt>
<trkpt lat="36.11758" lon="138.184284">
<ele>1779.047779</ele>
<time>2026-08-13T00:54:51Z</time>
</trkpt>
<trkpt lat="36.117632" lon="138.18427">
<ele>1778.241047</ele>
<time>2026-08-13T00:55:07Z</time>
</trkpt>
<trkpt lat="36.117663" lon="138.184227">
<ele>1777.94524</ele>
<time>2026-08-13T00:55:12Z</time>
</trkpt>
<trkpt lat="36.117707" lon="138.184201">
<ele>1778.263862</ele>
<time>2026-08-13T00:55:17Z</time>
</trkpt>
<trkpt lat="36.117744" lon="138.184169">
<ele>1779.305902</ele>
<time>2026-08-13T00:55:32Z</time>
</trkpt>
<trkpt lat="36.117766" lon="138.184111">
<ele>1780.008725</ele>
<time>2026-08-13T00:55:39Z</time>
</trkpt>
<trkpt lat="36.117787" lon="138.18406">
<ele>1780.841588</ele>
<time>2026-08-13T00:55:45Z</time>
</trkpt>
<trkpt lat="36.117824" lon="138.184021">
<ele>1781.266941</ele>
<time>2026-08-13T00:56:01Z</time>
</trkpt>
<trkpt lat="36.11785" lon="138.183969">
<ele>1781.913988</ele>
<time>2026-08-13T00:56:07Z</time>
</trkpt>
<trkpt lat="36.117885" lon="138.183924">
<ele>1782.366344</ele>
<time>2026-08-13T00:56:35Z</time>
</trkpt>
<trkpt lat="36.117931" lon="138.183924">
<ele>1783.697968</ele>
<time>2026-08-13T00:56:40Z</time>
</trkpt>
<trkpt lat="36.117973" lon="138.183895">
<ele>1784.449695</ele>
<time>2026-08-13T00:56:55Z</time>
</trkpt>
<trkpt lat="36.118001" lon="138.183849">
<ele>1784.855537</ele>
<time>2026-08-13T00:57:05Z</time>
</trkpt>
<trkpt lat="36.118035" lon="138.183886">
<ele>1783.702721</ele>
<time>2026-08-13T00:57:42Z</time>
</trkpt>
<trkpt lat="36.118057" lon="138.183838">
<ele>1782.683546</ele>
<time>2026-08-13T00:58:12Z</time>
</trkpt>
<trkpt lat="36.118037" lon="138.183888">
<ele>1781.495295</ele>
<time>2026-08-13T00:59:08Z</time>
</trkpt>
<trkpt lat="36.118002" lon="138.183925">
<ele>1781.682783</ele>
<time>2026-08-13T00:59:13Z</time>
</trkpt>
<trkpt lat="36.117949" lon="138.183914">
<ele>1781.938088</ele>
<time>2026-08-13T00:59:28Z</time>
</trkpt>
<trkpt lat="36.117987" lon="138.18388">
<ele>1782.308043</ele>
<time>2026-08-13T01:00:01Z</time>
</trkpt>
<trkpt lat="36.118031" lon="138.183861">
<ele>1781.937986</ele>
<time>2026-08-13T01:00:11Z</time>
</trkpt>
<trkpt lat="36.118081" lon="138.18385">
<ele>1781.28938</ele>
<time>2026-08-13T01:00:44Z</time>
</trkpt>
<trkpt lat="36.118031" lon="138.183845">
<ele>1780.002807</ele>
<time>2026-08-13T01:04:01Z</time>
</trkpt>
<trkpt lat="36.118052" lon="138.183791">
<ele>1778.602238</ele>
<time>2026-08-13T01:04:12Z</time>
</trkpt>
<trkpt lat="36.118057" lon="138.183727">
<ele>1777.293584</ele>
<time>2026-08-13T01:04:30Z</time>
</trkpt>
<trkpt lat="36.118056" lon="138.183669">
<ele>1776.84494</ele>
<time>2026-08-13T01:04:41Z</time>
</trkpt>
<trkpt lat="36.118096" lon="138.18363">
<ele>1775.255685</ele>
<time>2026-08-13T01:05:00Z</time>
</trkpt>
<trkpt lat="36.118111" lon="138.183575">
<ele>1774.104188</ele>
<time>2026-08-13T01:05:21Z</time>
</trkpt>
<trkpt lat="36.118101" lon="138.183515">
<ele>1772.320756</ele>
<time>2026-08-13T01:05:34Z</time>
</trkpt>
<trkpt lat="36.118126" lon="138.183465">
<ele>1771.499561</ele>
<time>2026-08-13T01:05:42Z</time>
</trkpt>
<trkpt lat="36.118126" lon="138.183398">
<ele>1770.331239</ele>
<time>2026-08-13T01:05:59Z</time>
</trkpt>
<trkpt lat="36.118134" lon="138.183337">
<ele>1769.367819</ele>
<time>2026-08-13T01:06:06Z</time>
</trkpt>
<trkpt lat="36.118145" lon="138.183277">
<ele>1768.585896</ele>
<time>2026-08-13T01:06:10Z</time>
</trkpt>
<trkpt lat="36.118129" lon="138.183221">
<ele>1767.831489</ele>
<time>2026-08-13T01:06:16Z</time>
</trkpt>
<trkpt lat="36.11814" lon="138.183158">
<ele>1766.959588</ele>
<time>2026-08-13T01:06:41Z</time>
</trkpt>
<trkpt lat="36.118128" lon="138.183101">
<ele>1766.067413</ele>
<time>2026-08-13T01:06:47Z</time>
</trkpt>
<trkpt lat="36.118141" lon="138.183041">
<ele>1765.18162</ele>
<time>2026-08-13T01:06:54Z</time>
</trkpt>
<trkpt lat="36.11814" lon="138.182974">
<ele>1764.002567</ele>
<time>2026-08-13T01:07:02Z</time>
</trkpt>
<trkpt lat="36.118153" lon="138.182919">
<ele>1763.059259</ele>
<time>2026-08-13T01:07:08Z</time>
</trkpt>
<trkpt lat="36.118156" lon="138.182854">
<ele>1762.046118</ele>
<time>2026-08-13T01:07:14Z</time>
</trkpt>
<trkpt lat="36.11816" lon="138.182793">
<ele>1761.059317</ele>
<time>2026-08-13T01:07:22Z</time>
</trkpt>
<trkpt lat="36.118157" lon="138.182727">
<ele>1760.150113</ele>
<time>2026-08-13T01:07:38Z</time>
</trkpt>
<trkpt lat="36.118162" lon="138.182666">
<ele>1759.084361</ele>
<time>2026-08-13T01:07:45Z</time>
</trkpt>
<trkpt lat="36.118152" lon="138.182611">
<ele>1758.277923</ele>
<time>2026-08-13T01:07:53Z</time>
</trkpt>
<trkpt lat="36.118168" lon="138.182557">
<ele>1757.433698</ele>
<time>2026-08-13T01:08:01Z</time>
</trkpt>
<trkpt lat="36.118169" lon="138.182498">
<ele>1756.346728</ele>
<time>2026-08-13T01:08:08Z</time>
</trkpt>
<trkpt lat="36.118143" lon="138.182442">
<ele>1755.233324</ele>
<time>2026-08-13T01:08:18Z</time>
</trkpt>
<trkpt lat="36.118147" lon="138.182382">
<ele>1754.224741</ele>
<time>2026-08-13T01:08:29Z</time>
</trkpt>
<trkpt lat="36.118146" lon="138.182323">
<ele>1753.972073</ele>
<time>2026-08-13T01:08:36Z</time>
</trkpt>
<trkpt lat="36.118173" lon="138.182271">
<ele>1753.561288</ele>
<time>2026-08-13T01:09:02Z</time>
</trkpt>
<trkpt lat="36.118177" lon="138.182208">
<ele>1752.768897</ele>
<time>2026-08-13T01:09:10Z</time>
</trkpt>
<trkpt lat="36.118197" lon="138.182157">
<ele>1751.850957</ele>
<time>2026-08-13T01:09:20Z</time>
</trkpt>
<trkpt lat="36.118211" lon="138.182101">
<ele>1751.485109</ele>
<time>2026-08-13T01:09:36Z</time>
</trkpt>
<trkpt lat="36.118219" lon="138.182044">
<ele>1751.219701</ele>
<time>2026-08-13T01:09:59Z</time>
</trkpt>
<trkpt lat="36.118205" lon="138.181984">
<ele>1750.590445</ele>
<time>2026-08-13T01:10:07Z</time>
</trkpt>
<trkpt lat="36.118199" lon="138.181928">
<ele>1749.600002</ele>
<time>2026-08-13T01:10:13Z</time>
</trkpt>
<trkpt lat="36.118187" lon="138.181866">
<ele>1749.097015</ele>
<time>2026-08-13T01:10:20Z</time>
</trkpt>
<trkpt lat="36.118204" lon="138.181814">
<ele>1748.62243</ele>
<time>2026-08-13T01:10:26Z</time>
</trkpt>
<trkpt lat="36.118207" lon="138.181753">
<ele>1747.943099</ele>
<time>2026-08-13T01:10:32Z</time>
</trkpt>
<trkpt lat="36.118221" lon="138.18169">
<ele>1747.102019</ele>
<time>2026-08-13T01:10:40Z</time>
</trkpt>
<trkpt lat="36.118232" lon="138.181628">
<ele>1746.391529</ele>
<time>2026-08-13T01:10:48Z</time>
</trkpt>
<trkpt lat="36.118234" lon="138.181567">
<ele>1745.599261</ele>
<time>2026-08-13T01:10:54Z</time>
</trkpt>
<trkpt lat="36.118226" lon="138.181511">
<ele>1745.019033</ele>
<time>2026-08-13T01:11:00Z</time>
</trkpt>
<trkpt lat="36.118212" lon="138.181455">
<ele>1744.41187</ele>
<time>2026-08-13T01:11:05Z</time>
</trkpt>
<trkpt lat="36.118225" lon="138.181394">
<ele>1744.560676</ele>
<time>2026-08-13T01:11:11Z</time>
</trkpt>
<trkpt lat="36.118206" lon="138.181343">
<ele>1744.134512</ele>
<time>2026-08-13T01:11:24Z</time>
</trkpt>
<trkpt lat="36.11816" lon="138.181323">
<ele>1743.261556</ele>
<time>2026-08-13T01:11:30Z</time>
</trkpt>
<trkpt lat="36.118174" lon="138.181251">
<ele>1741.672366</ele>
<time>2026-08-13T01:11:39Z</time>
</trkpt>
<trkpt lat="36.118184" lon="138.181192">
<ele>1740.448217</ele>
<time>2026-08-13T01:11:50Z</time>
</trkpt>
<trkpt lat="36.118156" lon="138.181134">
<ele>1739.637267</ele>
<time>2026-08-13T01:11:57Z</time>
</trkpt>
<trkpt lat="36.118159" lon="138.181069">
<ele>1739.352622</ele>
<time>2026-08-13T01:12:09Z</time>
</trkpt>
<trkpt lat="36.11816" lon="138.181009">
<ele>1739.048681</ele>
<time>2026-08-13T01:12:19Z</time>
</trkpt>
<trkpt lat="36.1182" lon="138.180978">
<ele>1738.857489</ele>
<time>2026-08-13T01:12:30Z</time>
</trkpt>
<trkpt lat="36.118224" lon="138.18093">
<ele>1738.092588</ele>
<time>2026-08-13T01:12:38Z</time>
</trkpt>
<trkpt lat="36.118214" lon="138.180864">
<ele>1737.176365</ele>
<time>2026-08-13T01:12:52Z</time>
</trkpt>
<trkpt lat="36.118209" lon="138.180808">
<ele>1736.364472</ele>
<time>2026-08-13T01:12:59Z</time>
</trkpt>
<trkpt lat="36.118207" lon="138.180746">
<ele>1735.724797</ele>
<time>2026-08-13T01:13:09Z</time>
</trkpt>
<trkpt lat="36.118206" lon="138.18068">
<ele>1734.723408</ele>
<time>2026-08-13T01:13:16Z</time>
</trkpt>
<trkpt lat="36.118225" lon="138.180622">
<ele>1733.735425</ele>
<time>2026-08-13T01:13:23Z</time>
</trkpt>
<trkpt lat="36.118223" lon="138.180561">
<ele>1733.093514</ele>
<time>2026-08-13T01:13:41Z</time>
</trkpt>
<trkpt lat="36.118205" lon="138.180507">
<ele>1732.698049</ele>
<time>2026-08-13T01:13:49Z</time>
</trkpt>
<trkpt lat="36.118205" lon="138.180446">
<ele>1732.150429</ele>
<time>2026-08-13T01:13:55Z</time>
</trkpt>
<trkpt lat="36.118224" lon="138.180383">
<ele>1731.21486</ele>
<time>2026-08-13T01:14:02Z</time>
</trkpt>
<trkpt lat="36.118201" lon="138.180333">
<ele>1730.124889</ele>
<time>2026-08-13T01:14:06Z</time>
</trkpt>
<trkpt lat="36.11822" lon="138.18027">
<ele>1729.434281</ele>
<time>2026-08-13T01:14:18Z</time>
</trkpt>
<trkpt lat="36.118226" lon="138.180211">
<ele>1729.142872</ele>
<time>2026-08-13T01:14:24Z</time>
</trkpt>
<trkpt lat="36.118241" lon="138.180156">
<ele>1729.126504</ele>
<time>2026-08-13T01:14:37Z</time>
</trkpt>
<trkpt lat="36.118258" lon="138.180094">
<ele>1728.726212</ele>
<time>2026-08-13T01:14:43Z</time>
</trkpt>
<trkpt lat="36.118249" lon="138.180035">
<ele>1727.929254</ele>
<time>2026-08-13T01:14:50Z</time>
</trkpt>
<trkpt lat="36.118278" lon="138.179971">
<ele>1727.303269</ele>
<time>2026-08-13T01:14:56Z</time>
</trkpt>
<trkpt lat="36.118255" lon="138.179918">
<ele>1727.023337</ele>
<time>2026-08-13T01:15:01Z</time>
</trkpt>
<trkpt lat="36.118235" lon="138.179868">
<ele>1727.065256</ele>
<time>2026-08-13T01:15:07Z</time>
</trkpt>
<trkpt lat="36.118253" lon="138.17981">
<ele>1727.143342</ele>
<time>2026-08-13T01:15:12Z</time>
</trkpt>
<trkpt lat="36.118269" lon="138.179749">
<ele>1727.022638</ele>
<time>2026-08-13T01:15:17Z</time>
</trkpt>
<trkpt lat="36.118287" lon="138.179695">
<ele>1727.191606</ele>
<time>2026-08-13T01:15:22Z</time>
</trkpt>
<trkpt lat="36.118307" lon="138.179636">
<ele>1727.22824</ele>
<time>2026-08-13T01:15:27Z</time>
</trkpt>
<trkpt lat="36.118302" lon="138.179577">
<ele>1726.864474</ele>
<time>2026-08-13T01:15:32Z</time>
</trkpt>
<trkpt lat="36.118317" lon="138.179522">
<ele>1726.296693</ele>
<time>2026-08-13T01:15:37Z</time>
</trkpt>
<trkpt lat="36.118308" lon="138.179461">
<ele>1725.463052</ele>
<time>2026-08-13T01:15:42Z</time>
</trkpt>
<trkpt lat="36.118304" lon="138.179396">
<ele>1724.304197</ele>
<time>2026-08-13T01:15:50Z</time>
</trkpt>
<trkpt lat="36.118312" lon="138.179336">
<ele>1723.297473</ele>
<time>2026-08-13T01:16:17Z</time>
</trkpt>
<trkpt lat="36.118335" lon="138.179279">
<ele>1722.279737</ele>
<time>2026-08-13T01:16:22Z</time>
</trkpt>
<trkpt lat="36.118332" lon="138.179221">
<ele>1722.354389</ele>
<time>2026-08-13T01:16:27Z</time>
</trkpt>
<trkpt lat="36.11834" lon="138.179155">
<ele>1722.188672</ele>
<time>2026-08-13T01:16:32Z</time>
</trkpt>
<trkpt lat="36.118357" lon="138.179094">
<ele>1722.44741</ele>
<time>2026-08-13T01:16:37Z</time>
</trkpt>
<trkpt lat="36.118374" lon="138.179041">
<ele>1721.93946</ele>
<time>2026-08-13T01:16:44Z</time>
</trkpt>
<trkpt lat="36.118385" lon="138.178984">
<ele>1721.2668</ele>
<time>2026-08-13T01:16:49Z</time>
</trkpt>
<trkpt lat="36.118405" lon="138.178929">
<ele>1720.729778</ele>
<time>2026-08-13T01:16:54Z</time>
</trkpt>
<trkpt lat="36.118415" lon="138.17887">
<ele>1720.926242</ele>
<time>2026-08-13T01:17:00Z</time>
</trkpt>
<trkpt lat="36.118434" lon="138.178801">
<ele>1720.807057</ele>
<time>2026-08-13T01:17:06Z</time>
</trkpt>
<trkpt lat="36.118428" lon="138.178744">
<ele>1720.452013</ele>
<time>2026-08-13T01:17:12Z</time>
</trkpt>
<trkpt lat="36.118448" lon="138.178692">
<ele>1719.265262</ele>
<time>2026-08-13T01:17:23Z</time>
</trkpt>
<trkpt lat="36.118442" lon="138.178629">
<ele>1718.404159</ele>
<time>2026-08-13T01:17:44Z</time>
</trkpt>
<trkpt lat="36.118447" lon="138.178571">
<ele>1717.555764</ele>
<time>2026-08-13T01:17:51Z</time>
</trkpt>
<trkpt lat="36.118414" lon="138.178523">
<ele>1716.979136</ele>
<time>2026-08-13T01:17:56Z</time>
</trkpt>
<trkpt lat="36.118384" lon="138.178474">
<ele>1716.299561</ele>
<time>2026-08-13T01:18:02Z</time>
</trkpt>
<trkpt lat="36.118392" lon="138.178418">
<ele>1715.77077</ele>
<time>2026-08-13T01:18:08Z</time>
</trkpt>
<trkpt lat="36.118399" lon="138.17836">
<ele>1715.354897</ele>
<time>2026-08-13T01:18:14Z</time>
</trkpt>
<trkpt lat="36.118409" lon="138.178303">
<ele>1714.739189</ele>
<time>2026-08-13T01:18:23Z</time>
</trkpt>
<trkpt lat="36.118412" lon="138.178235">
<ele>1713.447187</ele>
<time>2026-08-13T01:18:33Z</time>
</trkpt>
<trkpt lat="36.118434" lon="138.178185">
<ele>1712.447633</ele>
<time>2026-08-13T01:18:39Z</time>
</trkpt>
<trkpt lat="36.118484" lon="138.178194">
<ele>1711.374689</ele>
<time>2026-08-13T01:18:52Z</time>
</trkpt>
<trkpt lat="36.11853" lon="138.178226">
<ele>1710.245276</ele>
<time>2026-08-13T01:18:58Z</time>
</trkpt>
<trkpt lat="36.118583" lon="138.178217">
<ele>1709.121924</ele>
<time>2026-08-13T01:19:07Z</time>
</trkpt>
<trkpt lat="36.118628" lon="138.178221">
<ele>1708.846589</ele>
<time>2026-08-13T01:19:12Z</time>
</trkpt>
<trkpt lat="36.118623" lon="138.178154">
<ele>1709.116815</ele>
<time>2026-08-13T01:19:15Z</time>
</trkpt>
<trkpt lat="36.118608" lon="138.178099">
<ele>1709.157153</ele>
<time>2026-08-13T01:19:19Z</time>
</trkpt>
<trkpt lat="36.118567" lon="138.178058">
<ele>1708.923274</ele>
<time>2026-08-13T01:19:24Z</time>
</trkpt>
<trkpt lat="36.118536" lon="138.178013">
<ele>1708.82122</ele>
<time>2026-08-13T01:19:28Z</time>
</trkpt>
<trkpt lat="36.118517" lon="138.177962">
<ele>1709.141112</ele>
<time>2026-08-13T01:19:33Z</time>
</trkpt>
<trkpt lat="36.118478" lon="138.177925">
<ele>1708.850885</ele>
<time>2026-08-13T01:19:53Z</time>
</trkpt>
<trkpt lat="36.118496" lon="138.177867">
<ele>1707.345178</ele>
<time>2026-08-13T01:20:03Z</time>
</trkpt>
<trkpt lat="36.118544" lon="138.177868">
<ele>1705.497721</ele>
<time>2026-08-13T01:20:28Z</time>
</trkpt>
<trkpt lat="36.118588" lon="138.177889">
<ele>1703.760587</ele>
<time>2026-08-13T01:20:33Z</time>
</trkpt>
<trkpt lat="36.118629" lon="138.177918">
<ele>1703.060439</ele>
<time>2026-08-13T01:20:39Z</time>
</trkpt>
<trkpt lat="36.118666" lon="138.177971">
<ele>1702.196944</ele>
<time>2026-08-13T01:20:49Z</time>
</trkpt>
<trkpt lat="36.118707" lon="138.178002">
<ele>1701.585831</ele>
<time>2026-08-13T01:20:57Z</time>
</trkpt>
<trkpt lat="36.118746" lon="138.178046">
<ele>1701.205704</ele>
<time>2026-08-13T01:21:04Z</time>
</trkpt>
<trkpt lat="36.118791" lon="138.178046">
<ele>1700.492189</ele>
<time>2026-08-13T01:21:14Z</time>
</trkpt>
<trkpt lat="36.118846" lon="138.178053">
<ele>1699.69889</ele>
<time>2026-08-13T01:21:24Z</time>
</trkpt>
<trkpt lat="36.118868" lon="138.178">
<ele>1698.505697</ele>
<time>2026-08-13T01:21:29Z</time>
</trkpt>
<trkpt lat="36.118855" lon="138.177942">
<ele>1697.73855</ele>
<time>2026-08-13T01:21:33Z</time>
</trkpt>
<trkpt lat="36.118824" lon="138.177882">
<ele>1697.404754</ele>
<time>2026-08-13T01:21:37Z</time>
</trkpt>
<trkpt lat="36.118788" lon="138.177836">
<ele>1697.727965</ele>
<time>2026-08-13T01:21:42Z</time>
</trkpt>
<trkpt lat="36.118766" lon="138.177786">
<ele>1698.380466</ele>
<time>2026-08-13T01:21:48Z</time>
</trkpt>
<trkpt lat="36.11876" lon="138.177729">
<ele>1699.068029</ele>
<time>2026-08-13T01:21:54Z</time>
</trkpt>
<trkpt lat="36.118742" lon="138.177667">
<ele>1699.110507</ele>
<time>2026-08-13T01:21:59Z</time>
</trkpt>
<trkpt lat="36.118709" lon="138.177628">
<ele>1698.877175</ele>
<time>2026-08-13T01:22:03Z</time>
</trkpt>
<trkpt lat="36.118683" lon="138.177579">
<ele>1697.32018</ele>
<time>2026-08-13T01:22:08Z</time>
</trkpt>
<trkpt lat="36.118671" lon="138.177524">
<ele>1695.738096</ele>
<time>2026-08-13T01:22:34Z</time>
</trkpt>
<trkpt lat="36.118658" lon="138.177468">
<ele>1693.749398</ele>
<time>2026-08-13T01:22:41Z</time>
</trkpt>
<trkpt lat="36.118703" lon="138.177469">
<ele>1692.722319</ele>
<time>2026-08-13T01:22:49Z</time>
</trkpt>
<trkpt lat="36.118729" lon="138.177519">
<ele>1691.994385</ele>
<time>2026-08-13T01:22:54Z</time>
</trkpt>
<trkpt lat="36.118766" lon="138.177553">
<ele>1691.707902</ele>
<time>2026-08-13T01:23:02Z</time>
</trkpt>
<trkpt lat="36.118791" lon="138.177601">
<ele>1691.277558</ele>
<time>2026-08-13T01:23:07Z</time>
</trkpt>
<trkpt lat="36.118843" lon="138.177616">
<ele>1690.730975</ele>
<time>2026-08-13T01:23:12Z</time>
</trkpt>
<trkpt lat="36.118888" lon="138.17763">
<ele>1690.369852</ele>
<time>2026-08-13T01:23:17Z</time>
</trkpt>
<trkpt lat="36.11893" lon="138.177658">
<ele>1690.170603</ele>
<time>2026-08-13T01:23:24Z</time>
</trkpt>
<trkpt lat="36.118965" lon="138.177703">
<ele>1689.563868</ele>
<time>2026-08-13T01:23:29Z</time>
</trkpt>
<trkpt lat="36.119009" lon="138.177679">
<ele>1688.42496</ele>
<time>2026-08-13T01:23:41Z</time>
</trkpt>
<trkpt lat="36.119053" lon="138.177646">
<ele>1687.404503</ele>
<time>2026-08-13T01:23:48Z</time>
</trkpt>
<trkpt lat="36.119031" lon="138.177586">
<ele>1686.964048</ele>
<time>2026-08-13T01:23:55Z</time>
</trkpt>
<trkpt lat="36.11902" lon="138.177528">
<ele>1686.890916</ele>
<time>2026-08-13T01:24:01Z</time>
</trkpt>
<trkpt lat="36.118994" lon="138.177481">
<ele>1686.77167</ele>
<time>2026-08-13T01:24:05Z</time>
</trkpt>
<trkpt lat="36.118981" lon="138.177422">
<ele>1686.758135</ele>
<time>2026-08-13T01:24:09Z</time>
</trkpt>
<trkpt lat="36.118957" lon="138.177363">
<ele>1686.662298</ele>
<time>2026-08-13T01:24:15Z</time>
</trkpt>
<trkpt lat="36.118924" lon="138.177315">
<ele>1686.315941</ele>
<time>2026-08-13T01:24:21Z</time>
</trkpt>
<trkpt lat="36.118912" lon="138.177261">
<ele>1685.202041</ele>
<time>2026-08-13T01:24:41Z</time>
</trkpt>
<trkpt lat="36.118944" lon="138.177218">
<ele>1683.464924</ele>
<time>2026-08-13T01:24:50Z</time>
</trkpt>
<trkpt lat="36.118991" lon="138.177246">
<ele>1681.91982</ele>
<time>2026-08-13T01:25:01Z</time>
</trkpt>
<trkpt lat="36.119023" lon="138.177286">
<ele>1681.179237</ele>
<time>2026-08-13T01:25:11Z</time>
</trkpt>
<trkpt lat="36.119066" lon="138.177321">
<ele>1681.012373</ele>
<time>2026-08-13T01:25:18Z</time>
</trkpt>
<trkpt lat="36.119108" lon="138.177357">
<ele>1680.521203</ele>
<time>2026-08-13T01:25:23Z</time>
</trkpt>
<trkpt lat="36.119154" lon="138.17736">
<ele>1679.792222</ele>
<time>2026-08-13T01:25:36Z</time>
</trkpt>
<trkpt lat="36.119199" lon="138.177377">
<ele>1679.154156</ele>
<time>2026-08-13T01:25:41Z</time>
</trkpt>
<trkpt lat="36.119235" lon="138.177412">
<ele>1678.564599</ele>
<time>2026-08-13T01:25:48Z</time>
</trkpt>
<trkpt lat="36.119285" lon="138.177378">
<ele>1678.267615</ele>
<time>2026-08-13T01:25:57Z</time>
</trkpt>
<trkpt lat="36.119293" lon="138.177323">
<ele>1677.336374</ele>
<time>2026-08-13T01:26:01Z</time>
</trkpt>
<trkpt lat="36.119251" lon="138.177286">
<ele>1676.953639</ele>
<time>2026-08-13T01:26:22Z</time>
</trkpt>
<trkpt lat="36.119251" lon="138.177227">
<ele>1676.354032</ele>
<time>2026-08-13T01:26:25Z</time>
</trkpt>
<trkpt lat="36.119218" lon="138.177181">
<ele>1676.176215</ele>
<time>2026-08-13T01:26:29Z</time>
</trkpt>
<trkpt lat="36.119188" lon="138.17713">
<ele>1676.234354</ele>
<time>2026-08-13T01:26:34Z</time>
</trkpt>
<trkpt lat="36.119152" lon="138.177093">
<ele>1676.083706</ele>
<time>2026-08-13T01:26:41Z</time>
</trkpt>
<trkpt lat="36.119131" lon="138.177034">
<ele>1676.257687</ele>
<time>2026-08-13T01:26:46Z</time>
</trkpt>
<trkpt lat="36.119119" lon="138.176975">
<ele>1675.592342</ele>
<time>2026-08-13T01:26:54Z</time>
</trkpt>
<trkpt lat="36.119123" lon="138.176914">
<ele>1675.066646</ele>
<time>2026-08-13T01:27:06Z</time>
</trkpt>
<trkpt lat="36.119123" lon="138.176859">
<ele>1674.236036</ele>
<time>2026-08-13T01:27:14Z</time>
</trkpt>
<trkpt lat="36.119155" lon="138.176811">
<ele>1673.763697</ele>
<time>2026-08-13T01:27:33Z</time>
</trkpt>
<trkpt lat="36.1192" lon="138.176814">
<ele>1673.005282</ele>
<time>2026-08-13T01:27:38Z</time>
</trkpt>
<trkpt lat="36.119247" lon="138.176836">
<ele>1673.085483</ele>
<time>2026-08-13T01:27:42Z</time>
</trkpt>
<trkpt lat="36.119298" lon="138.176848">
<ele>1672.365516</ele>
<time>2026-08-13T01:27:49Z</time>
</trkpt>
<trkpt lat="36.119329" lon="138.176897">
<ele>1672.087406</ele>
<time>2026-08-13T01:27:53Z</time>
</trkpt>
<trkpt lat="36.119364" lon="138.176949">
<ele>1671.703064</ele>
<time>2026-08-13T01:27:58Z</time>
</trkpt>
<trkpt lat="36.119395" lon="138.176995">
<ele>1671.615326</ele>
<time>2026-08-13T01:28:04Z</time>
</trkpt>
<trkpt lat="36.119444" lon="138.177006">
<ele>1672.166656</ele>
<time>2026-08-13T01:28:27Z</time>
</trkpt>
<trkpt lat="36.119496" lon="138.176997">
<ele>1671.170068</ele>
<time>2026-08-13T01:28:32Z</time>
</trkpt>
<trkpt lat="36.119526" lon="138.176947">
<ele>1670.33918</ele>
<time>2026-08-13T01:28:45Z</time>
</trkpt>
<trkpt lat="36.119501" lon="138.176898">
<ele>1669.248943</ele>
<time>2026-08-13T01:28:49Z</time>
</trkpt>
<trkpt lat="36.119496" lon="138.176829">
<ele>1668.615033</ele>
<time>2026-08-13T01:28:54Z</time>
</trkpt>
<trkpt lat="36.119455" lon="138.176801">
<ele>1668.759127</ele>
<time>2026-08-13T01:28:59Z</time>
</trkpt>
<trkpt lat="36.119464" lon="138.176741">
<ele>1668.30858</ele>
<time>2026-08-13T01:29:04Z</time>
</trkpt>
<trkpt lat="36.119484" lon="138.176686">
<ele>1668.285953</ele>
<time>2026-08-13T01:29:09Z</time>
</trkpt>
<trkpt lat="36.119531" lon="138.176683">
<ele>1667.855749</ele>
<time>2026-08-13T01:29:30Z</time>
</trkpt>
<trkpt lat="36.119578" lon="138.176731">
<ele>1667.022765</ele>
<time>2026-08-13T01:29:36Z</time>
</trkpt>
<trkpt lat="36.119615" lon="138.176698">
<ele>1666.318254</ele>
<time>2026-08-13T01:29:50Z</time>
</trkpt>
<trkpt lat="36.119664" lon="138.176686">
<ele>1666.027707</ele>
<time>2026-08-13T01:29:55Z</time>
</trkpt>
<trkpt lat="36.11971" lon="138.176664">
<ele>1665.40469</ele>
<time>2026-08-13T01:30:03Z</time>
</trkpt>
<trkpt lat="36.119691" lon="138.176606">
<ele>1665.365438</ele>
<time>2026-08-13T01:30:10Z</time>
</trkpt>
<trkpt lat="36.119745" lon="138.176604">
<ele>1665.437146</ele>
<time>2026-08-13T01:30:16Z</time>
</trkpt>
<trkpt lat="36.119798" lon="138.17659">
<ele>1666.190169</ele>
<time>2026-08-13T01:30:21Z</time>
</trkpt>
<trkpt lat="36.119802" lon="138.176531">
<ele>1666.035739</ele>
<time>2026-08-13T01:30:24Z</time>
</trkpt>
<trkpt lat="36.119818" lon="138.176478">
<ele>1665.664859</ele>
<time>2026-08-13T01:30:29Z</time>
</trkpt>
<trkpt lat="36.119864" lon="138.176434">
<ele>1664.438396</ele>
<time>2026-08-13T01:30:35Z</time>
</trkpt>
<trkpt lat="36.119852" lon="138.176371">
<ele>1665.219108</ele>
<time>2026-08-13T01:30:40Z</time>
</trkpt>
<trkpt lat="36.119819" lon="138.176328">
<ele>1666.960821</ele>
<time>2026-08-13T01:30:45Z</time>
</trkpt>
<trkpt lat="36.119861" lon="138.176304">
<ele>1669.069667</ele>
<time>2026-08-13T01:30:49Z</time>
</trkpt>
<trkpt lat="36.119885" lon="138.176249">
<ele>1669.330344</ele>
<time>2026-08-13T01:30:55Z</time>
</trkpt>
<trkpt lat="36.119918" lon="138.176209">
<ele>1667.76139</ele>
<time>2026-08-13T01:30:59Z</time>
</trkpt>
<trkpt lat="36.119947" lon="138.17616">
<ele>1667.559983</ele>
<time>2026-08-13T01:31:06Z</time>
</trkpt>
<trkpt lat="36.119988" lon="138.176127">
<ele>1667.645701</ele>
<time>2026-08-13T01:31:11Z</time>
</trkpt>
<trkpt lat="36.120025" lon="138.176087">
<ele>1666.920198</ele>
<time>2026-08-13T01:31:18Z</time>
</trkpt>
<trkpt lat="36.120046" lon="138.176036">
<ele>1666.147963</ele>
<time>2026-08-13T01:31:24Z</time>
</trkpt>
<trkpt lat="36.12007" lon="138.175984">
<ele>1666.088505</ele>
<time>2026-08-13T01:31:33Z</time>
</trkpt>
<trkpt lat="36.12011" lon="138.175943">
<ele>1666.595573</ele>
<time>2026-08-13T01:31:38Z</time>
</trkpt>
<trkpt lat="36.120149" lon="138.175908">
<ele>1665.739847</ele>
<time>2026-08-13T01:31:46Z</time>
</trkpt>
<trkpt lat="36.120177" lon="138.175851">
<ele>1663.913839</ele>
<time>2026-08-13T01:31:54Z</time>
</trkpt>
<trkpt lat="36.120204" lon="138.175802">
<ele>1663.213139</ele>
<time>2026-08-13T01:32:01Z</time>
</trkpt>
<trkpt lat="36.120252" lon="138.17576">
<ele>1663.534365</ele>
<time>2026-08-13T01:32:18Z</time>
</trkpt>
<trkpt lat="36.120299" lon="138.175726">
<ele>1663.472077</ele>
<time>2026-08-13T01:32:25Z</time>
</trkpt>
<trkpt lat="36.1203" lon="138.175668">
<ele>1663.219372</ele>
<time>2026-08-13T01:32:28Z</time>
</trkpt>
<trkpt lat="36.120318" lon="138.175612">
<ele>1663.569465</ele>
<time>2026-08-13T01:32:32Z</time>
</trkpt>
<trkpt lat="36.120355" lon="138.175565">
<ele>1664.423958</ele>
<time>2026-08-13T01:32:37Z</time>
</trkpt>
<trkpt lat="36.120379" lon="138.175513">
<ele>1664.55957</ele>
<time>2026-08-13T01:32:41Z</time>
</trkpt>
<trkpt lat="36.120393" lon="138.175457">
<ele>1663.880679</ele>
<time>2026-08-13T01:32:44Z</time>
</trkpt>
<trkpt lat="36.120393" lon="138.175398">
<ele>1662.82158</ele>
<time>2026-08-13T01:32:49Z</time>
</trkpt>
<trkpt lat="36.120357" lon="138.175344">
<ele>1662.271402</ele>
<time>2026-08-13T01:33:00Z</time>
</trkpt>
<trkpt lat="36.120383" lon="138.175295">
<ele>1661.910833</ele>
<time>2026-08-13T01:33:04Z</time>
</trkpt>
<trkpt lat="36.12039" lon="138.175234">
<ele>1662.709877</ele>
<time>2026-08-13T01:33:08Z</time>
</trkpt>
<trkpt lat="36.120401" lon="138.175177">
<ele>1662.427701</ele>
<time>2026-08-13T01:33:13Z</time>
</trkpt>
<trkpt lat="36.120377" lon="138.175116">
<ele>1661.705369</ele>
<time>2026-08-13T01:33:21Z</time>
</trkpt>
<trkpt lat="36.12037" lon="138.175058">
<ele>1660.319986</ele>
<time>2026-08-13T01:33:33Z</time>
</trkpt>
<trkpt lat="36.120365" lon="138.174994">
<ele>1659.434151</ele>
<time>2026-08-13T01:33:43Z</time>
</trkpt>
<trkpt lat="36.120371" lon="138.174932">
<ele>1658.34462</ele>
<time>2026-08-13T01:33:49Z</time>
</trkpt>
<trkpt lat="36.120366" lon="138.174867">
<ele>1657.228876</ele>
<time>2026-08-13T01:34:02Z</time>
</trkpt>
<trkpt lat="36.120363" lon="138.174809">
<ele>1656.834392</ele>
<time>2026-08-13T01:34:05Z</time>
</trkpt>
<trkpt lat="36.120367" lon="138.174749">
<ele>1657.058996</ele>
<time>2026-08-13T01:34:13Z</time>
</trkpt>
<trkpt lat="36.12035" lon="138.174684">
<ele>1656.898802</ele>
<time>2026-08-13T01:34:20Z</time>
</trkpt>
<trkpt lat="36.120354" lon="138.174628">
<ele>1656.227659</ele>
<time>2026-08-13T01:34:27Z</time>
</trkpt>
<trkpt lat="36.120349" lon="138.174572">
<ele>1655.665009</ele>
<time>2026-08-13T01:34:33Z</time>
</trkpt>
<trkpt lat="36.120349" lon="138.174515">
<ele>1654.867284</ele>
<time>2026-08-13T01:34:40Z</time>
</trkpt>
<trkpt lat="36.120348" lon="138.174453">
<ele>1654.567012</ele>
<time>2026-08-13T01:34:46Z</time>
</trkpt>
<trkpt lat="36.120345" lon="138.174389">
<ele>1653.704964</ele>
<time>2026-08-13T01:34:52Z</time>
</trkpt>
<trkpt lat="36.120352" lon="138.174329">
<ele>1653.129195</ele>
<time>2026-08-13T01:34:59Z</time>
</trkpt>
<trkpt lat="36.120329" lon="138.174276">
<ele>1652.411942</ele>
<time>2026-08-13T01:35:03Z</time>
</trkpt>
<trkpt lat="36.120335" lon="138.174206">
<ele>1651.894082</ele>
<time>2026-08-13T01:35:09Z</time>
</trkpt>
<trkpt lat="36.120345" lon="138.174141">
<ele>1651.657106</ele>
<time>2026-08-13T01:35:16Z</time>
</trkpt>
<trkpt lat="36.120337" lon="138.17408">
<ele>1651.098921</ele>
<time>2026-08-13T01:35:21Z</time>
</trkpt>
<trkpt lat="36.120337" lon="138.174022">
<ele>1650.585985</ele>
<time>2026-08-13T01:35:27Z</time>
</trkpt>
<trkpt lat="36.120384" lon="138.173989">
<ele>1649.731541</ele>
<time>2026-08-13T01:35:31Z</time>
</trkpt>
<trkpt lat="36.120389" lon="138.17393">
<ele>1649.238509</ele>
<time>2026-08-13T01:35:44Z</time>
</trkpt>
<trkpt lat="36.120414" lon="138.173877">
<ele>1648.342025</ele>
<time>2026-08-13T01:35:48Z</time>
</trkpt>
<trkpt lat="36.12044" lon="138.173822">
<ele>1647.824829</ele>
<time>2026-08-13T01:35:52Z</time>
</trkpt>
<trkpt lat="36.120472" lon="138.173779">
<ele>1647.423318</ele>
<time>2026-08-13T01:36:08Z</time>
</trkpt>
<trkpt lat="36.120519" lon="138.173771">
<ele>1647.270009</ele>
<time>2026-08-13T01:36:13Z</time>
</trkpt>
<trkpt lat="36.120567" lon="138.173758">
<ele>1647.532049</ele>
<time>2026-08-13T01:36:26Z</time>
</trkpt>
<trkpt lat="36.120614" lon="138.173741">
<ele>1647.636128</ele>
<time>2026-08-13T01:36:31Z</time>
</trkpt>
<trkpt lat="36.120663" lon="138.173711">
<ele>1647.304939</ele>
<time>2026-08-13T01:36:40Z</time>
</trkpt>
<trkpt lat="36.120708" lon="138.173695">
<ele>1647.347804</ele>
<time>2026-08-13T01:36:45Z</time>
</trkpt>
<trkpt lat="36.120757" lon="138.173689">
<ele>1647.637079</ele>
<time>2026-08-13T01:36:50Z</time>
</trkpt>
<trkpt lat="36.120709" lon="138.173677">
<ele>1648.925543</ele>
<time>2026-08-13T01:37:14Z</time>
</trkpt>
<trkpt lat="36.120715" lon="138.173614">
<ele>1648.723487</ele>
<time>2026-08-13T01:37:20Z</time>
</trkpt>
<trkpt lat="36.12072" lon="138.173541">
<ele>1648.869795</ele>
<time>2026-08-13T01:37:34Z</time>
</trkpt>
<trkpt lat="36.120734" lon="138.173476">
<ele>1648.311828</ele>
<time>2026-08-13T01:37:38Z</time>
</trkpt>
<trkpt lat="36.120751" lon="138.173412">
<ele>1648.486552</ele>
<time>2026-08-13T01:37:43Z</time>
</trkpt>
<trkpt lat="36.120739" lon="138.173354">
<ele>1647.562309</ele>
<time>2026-08-13T01:37:51Z</time>
</trkpt>
<trkpt lat="36.120769" lon="138.173286">
<ele>1647.137654</ele>
<time>2026-08-13T01:37:55Z</time>
</trkpt>
<trkpt lat="36.120775" lon="138.173221">
<ele>1647.04054</ele>
<time>2026-08-13T01:38:00Z</time>
</trkpt>
<trkpt lat="36.120778" lon="138.173165">
<ele>1647.943243</ele>
<time>2026-08-13T01:38:04Z</time>
</trkpt>
<trkpt lat="36.120818" lon="138.173112">
<ele>1647.649811</ele>
<time>2026-08-13T01:38:08Z</time>
</trkpt>
<trkpt lat="36.120817" lon="138.173044">
<ele>1646.752415</ele>
<time>2026-08-13T01:38:12Z</time>
</trkpt>
<trkpt lat="36.120829" lon="138.172984">
<ele>1645.931232</ele>
<time>2026-08-13T01:38:17Z</time>
</trkpt>
<trkpt lat="36.120827" lon="138.172923">
<ele>1645.701314</ele>
<time>2026-08-13T01:38:20Z</time>
</trkpt>
<trkpt lat="36.120841" lon="138.172866">
<ele>1645.745158</ele>
<time>2026-08-13T01:38:25Z</time>
</trkpt>
<trkpt lat="36.12085" lon="138.172805">
<ele>1645.055379</ele>
<time>2026-08-13T01:38:29Z</time>
</trkpt>
<trkpt lat="36.120873" lon="138.172749">
<ele>1644.469557</ele>
<time>2026-08-13T01:38:33Z</time>
</trkpt>
<trkpt lat="36.120885" lon="138.172682">
<ele>1644.291108</ele>
<time>2026-08-13T01:38:38Z</time>
</trkpt>
<trkpt lat="36.120875" lon="138.17262">
<ele>1645.314944</ele>
<time>2026-08-13T01:38:43Z</time>
</trkpt>
<trkpt lat="36.120894" lon="138.172568">
<ele>1645.82358</ele>
<time>2026-08-13T01:38:47Z</time>
</trkpt>
<trkpt lat="36.120898" lon="138.1725">
<ele>1646.151566</ele>
<time>2026-08-13T01:38:52Z</time>
</trkpt>
<trkpt lat="36.12089" lon="138.172445">
<ele>1645.495898</ele>
<time>2026-08-13T01:38:55Z</time>
</trkpt>
<trkpt lat="36.120885" lon="138.172389">
<ele>1644.999037</ele>
<time>2026-08-13T01:39:00Z</time>
</trkpt>
<trkpt lat="36.120898" lon="138.172334">
<ele>1644.938312</ele>
<time>2026-08-13T01:39:04Z</time>
</trkpt>
<trkpt lat="36.1209" lon="138.172275">
<ele>1644.217878</ele>
<time>2026-08-13T01:39:10Z</time>
</trkpt>
<trkpt lat="36.120896" lon="138.172217">
<ele>1644.256358</ele>
<time>2026-08-13T01:39:14Z</time>
</trkpt>
<trkpt lat="36.120889" lon="138.172156">
<ele>1643.126727</ele>
<time>2026-08-13T01:39:36Z</time>
</trkpt>
<trkpt lat="36.120842" lon="138.17216">
<ele>1642.941011</ele>
<time>2026-08-13T01:39:57Z</time>
</trkpt>
<trkpt lat="36.120888" lon="138.172168">
<ele>1642.817568</ele>
<time>2026-08-13T01:40:17Z</time>
</trkpt>
<trkpt lat="36.120919" lon="138.172114">
<ele>1642.877054</ele>
<time>2026-08-13T01:40:20Z</time>
</trkpt>
<trkpt lat="36.120926" lon="138.172049">
<ele>1642.603422</ele>
<time>2026-08-13T01:40:27Z</time>
</trkpt>
<trkpt lat="36.120943" lon="138.171995">
<ele>1642.701024</ele>
<time>2026-08-13T01:40:32Z</time>
</trkpt>
<trkpt lat="36.120981" lon="138.171938">
<ele>1643.06374</ele>
<time>2026-08-13T01:40:38Z</time>
</trkpt>
<trkpt lat="36.121024" lon="138.171894">
<ele>1643.747521</ele>
<time>2026-08-13T01:40:43Z</time>
</trkpt>
<trkpt lat="36.121058" lon="138.17185">
<ele>1643.792379</ele>
<time>2026-08-13T01:40:47Z</time>
</trkpt>
<trkpt lat="36.12109" lon="138.171801">
<ele>1644.417231</ele>
<time>2026-08-13T01:40:52Z</time>
</trkpt>
<trkpt lat="36.121127" lon="138.171759">
<ele>1644.5578</ele>
<time>2026-08-13T01:40:59Z</time>
</trkpt>
<trkpt lat="36.121149" lon="138.171705">
<ele>1644.512221</ele>
<time>2026-08-13T01:41:07Z</time>
</trkpt>
<trkpt lat="36.121197" lon="138.171671">
<ele>1643.898454</ele>
<time>2026-08-13T01:41:12Z</time>
</trkpt>
<trkpt lat="36.121214" lon="138.171615">
<ele>1643.518593</ele>
<time>2026-08-13T01:41:17Z</time>
</trkpt>
<trkpt lat="36.121256" lon="138.17157">
<ele>1643.23741</ele>
<time>2026-08-13T01:41:25Z</time>
</trkpt>
<trkpt lat="36.121299" lon="138.171531">
<ele>1642.432362</ele>
<time>2026-08-13T01:41:30Z</time>
</trkpt>
<trkpt lat="36.121328" lon="138.171483">
<ele>1641.911366</ele>
<time>2026-08-13T01:41:34Z</time>
</trkpt>
<trkpt lat="36.121373" lon="138.17145">
<ele>1642.724999</ele>
<time>2026-08-13T01:43:17Z</time>
</trkpt>
<trkpt lat="36.121421" lon="138.171461">
<ele>1642.108837</ele>
<time>2026-08-13T01:43:27Z</time>
</trkpt>
<trkpt lat="36.121463" lon="138.171437">
<ele>1640.897452</ele>
<time>2026-08-13T01:43:34Z</time>
</trkpt>
<trkpt lat="36.121506" lon="138.17141">
<ele>1641.322763</ele>
<time>2026-08-13T01:44:13Z</time>
</trkpt>
<trkpt lat="36.121546" lon="138.171375">
<ele>1642.03278</ele>
<time>2026-08-13T01:44:27Z</time>
</trkpt>
<trkpt lat="36.12157" lon="138.171319">
<ele>1642.754345</ele>
<time>2026-08-13T01:44:31Z</time>
</trkpt>
<trkpt lat="36.121598" lon="138.171267">
<ele>1642.197456</ele>
<time>2026-08-13T01:44:35Z</time>
</trkpt>
<trkpt lat="36.121631" lon="138.171212">
<ele>1641.881284</ele>
<time>2026-08-13T01:44:39Z</time>
</trkpt>
<trkpt lat="36.121664" lon="138.171154">
<ele>1641.995961</ele>
<time>2026-08-13T01:44:44Z</time>
</trkpt>
<trkpt lat="36.121699" lon="138.17111">
<ele>1642.06158</ele>
<time>2026-08-13T01:44:49Z</time>
</trkpt>
<trkpt lat="36.12172" lon="138.171056">
<ele>1642.034031</ele>
<time>2026-08-13T01:45:00Z</time>
</trkpt>
<trkpt lat="36.121752" lon="138.171012">
<ele>1641.354528</ele>
<time>2026-08-13T01:45:04Z</time>
</trkpt>
<trkpt lat="36.121787" lon="138.170966">
<ele>1640.622417</ele>
<time>2026-08-13T01:45:08Z</time>
</trkpt>
<trkpt lat="36.121809" lon="138.170908">
<ele>1639.91724</ele>
<time>2026-08-13T01:45:16Z</time>
</trkpt>
<trkpt lat="36.121849" lon="138.170859">
<ele>1639.488183</ele>
<time>2026-08-13T01:45:21Z</time>
</trkpt>
<trkpt lat="36.121894" lon="138.170827">
<ele>1639.933472</ele>
<time>2026-08-13T01:45:29Z</time>
</trkpt>
<trkpt lat="36.121937" lon="138.170799">
<ele>1639.840743</ele>
<time>2026-08-13T01:45:32Z</time>
</trkpt>
<trkpt lat="36.121969" lon="138.170745">
<ele>1640.168934</ele>
<time>2026-08-13T01:45:36Z</time>
</trkpt>
<trkpt lat="36.121989" lon="138.170693">
<ele>1639.557948</ele>
<time>2026-08-13T01:45:39Z</time>
</trkpt>
<trkpt lat="36.121996" lon="138.170637">
<ele>1638.820673</ele>
<time>2026-08-13T01:45:52Z</time>
</trkpt>
<trkpt lat="36.122018" lon="138.170588">
<ele>1638.219962</ele>
<time>2026-08-13T01:46:21Z</time>
</trkpt>
<trkpt lat="36.122051" lon="138.170541">
<ele>1637.996544</ele>
<time>2026-08-13T01:46:25Z</time>
</trkpt>
<trkpt lat="36.122085" lon="138.17049">
<ele>1637.635036</ele>
<time>2026-08-13T01:46:29Z</time>
</trkpt>
<trkpt lat="36.122106" lon="138.170438">
<ele>1636.832927</ele>
<time>2026-08-13T01:46:35Z</time>
</trkpt>
<trkpt lat="36.122132" lon="138.170387">
<ele>1636.045549</ele>
<time>2026-08-13T01:46:40Z</time>
</trkpt>
<trkpt lat="36.122134" lon="138.170329">
<ele>1635.937421</ele>
<time>2026-08-13T01:46:47Z</time>
</trkpt>
<trkpt lat="36.122161" lon="138.170272">
<ele>1635.757955</ele>
<time>2026-08-13T01:46:52Z</time>
</trkpt>
<trkpt lat="36.122184" lon="138.17022">
<ele>1635.684365</ele>
<time>2026-08-13T01:46:56Z</time>
</trkpt>
<trkpt lat="36.122194" lon="138.17016">
<ele>1635.282466</ele>
<time>2026-08-13T01:47:16Z</time>
</trkpt>
<trkpt lat="36.122216" lon="138.170107">
<ele>1634.891169</ele>
<time>2026-08-13T01:47:20Z</time>
</trkpt>
<trkpt lat="36.122243" lon="138.170061">
<ele>1634.568646</ele>
<time>2026-08-13T01:47:24Z</time>
</trkpt>
<trkpt lat="36.122273" lon="138.170002">
<ele>1634.163451</ele>
<time>2026-08-13T01:47:29Z</time>
</trkpt>
<trkpt lat="36.122292" lon="138.169948">
<ele>1633.956532</ele>
<time>2026-08-13T01:47:34Z</time>
</trkpt>
<trkpt lat="36.122318" lon="138.169899">
<ele>1633.585863</ele>
<time>2026-08-13T01:47:38Z</time>
</trkpt>
<trkpt lat="36.122347" lon="138.169849">
<ele>1633.801126</ele>
<time>2026-08-13T01:47:43Z</time>
</trkpt>
<trkpt lat="36.122376" lon="138.169788">
<ele>1633.62587</ele>
<time>2026-08-13T01:47:52Z</time>
</trkpt>
<trkpt lat="36.122413" lon="138.169731">
<ele>1633.298354</ele>
<time>2026-08-13T01:48:06Z</time>
</trkpt>
<trkpt lat="36.122438" lon="138.169679">
<ele>1632.920494</ele>
<time>2026-08-13T01:48:09Z</time>
</trkpt>
<trkpt lat="36.122463" lon="138.169618">
<ele>1632.727612</ele>
<time>2026-08-13T01:48:14Z</time>
</trkpt>
<trkpt lat="36.122479" lon="138.169559">
<ele>1633.213895</ele>
<time>2026-08-13T01:48:27Z</time>
</trkpt>
<trkpt lat="36.122506" lon="138.169505">
<ele>1632.939967</ele>
<time>2026-08-13T01:48:38Z</time>
</trkpt>
<trkpt lat="36.122534" lon="138.169459">
<ele>1632.88376</ele>
<time>2026-08-13T01:48:43Z</time>
</trkpt>
<trkpt lat="36.122572" lon="138.169426">
<ele>1632.395497</ele>
<time>2026-08-13T01:48:47Z</time>
</trkpt>
<trkpt lat="36.122607" lon="138.169382">
<ele>1632.542043</ele>
<time>2026-08-13T01:48:52Z</time>
</trkpt>
<trkpt lat="36.122654" lon="138.169349">
<ele>1632.169739</ele>
<time>2026-08-13T01:48:58Z</time>
</trkpt>
<trkpt lat="36.122682" lon="138.169296">
<ele>1632.216559</ele>
<time>2026-08-13T01:49:13Z</time>
</trkpt>
<trkpt lat="36.122726" lon="138.169249">
<ele>1631.843512</ele>
<time>2026-08-13T01:49:18Z</time>
</trkpt>
<trkpt lat="36.122766" lon="138.16921">
<ele>1631.59744</ele>
<time>2026-08-13T01:49:21Z</time>
</trkpt>
<trkpt lat="36.122801" lon="138.169167">
<ele>1631.192295</ele>
<time>2026-08-13T01:49:25Z</time>
</trkpt>
<trkpt lat="36.122836" lon="138.16912">
<ele>1631.276511</ele>
<time>2026-08-13T01:49:29Z</time>
</trkpt>
<trkpt lat="36.122864" lon="138.169067">
<ele>1632.16763</ele>
<time>2026-08-13T01:49:34Z</time>
</trkpt>
<trkpt lat="36.122872" lon="138.169006">
<ele>1632.446608</ele>
<time>2026-08-13T01:49:44Z</time>
</trkpt>
<trkpt lat="36.122896" lon="138.16894">
<ele>1632.275923</ele>
<time>2026-08-13T01:49:48Z</time>
</trkpt>
<trkpt lat="36.122934" lon="138.168897">
<ele>1632.680164</ele>
<time>2026-08-13T01:49:52Z</time>
</trkpt>
<trkpt lat="36.122964" lon="138.16884">
<ele>1632.865733</ele>
<time>2026-08-13T01:49:56Z</time>
</trkpt>
<trkpt lat="36.123002" lon="138.168806">
<ele>1633.581629</ele>
<time>2026-08-13T01:50:00Z</time>
</trkpt>
<trkpt lat="36.123038" lon="138.168752">
<ele>1632.963772</ele>
<time>2026-08-13T01:50:10Z</time>
</trkpt>
<trkpt lat="36.12307" lon="138.168684">
<ele>1633.295067</ele>
<time>2026-08-13T01:50:17Z</time>
</trkpt>
<trkpt lat="36.123105" lon="138.168624">
<ele>1633.583735</ele>
<time>2026-08-13T01:50:20Z</time>
</trkpt>
<trkpt lat="36.123126" lon="138.168556">
<ele>1634.186846</ele>
<time>2026-08-13T01:50:25Z</time>
</trkpt>
<trkpt lat="36.123133" lon="138.168482">
<ele>1634.124893</ele>
<time>2026-08-13T01:50:29Z</time>
</trkpt>
<trkpt lat="36.123136" lon="138.168425">
<ele>1634.391568</ele>
<time>2026-08-13T01:50:33Z</time>
</trkpt>
<trkpt lat="36.123134" lon="138.168366">
<ele>1633.434205</ele>
<time>2026-08-13T01:50:37Z</time>
</trkpt>
<trkpt lat="36.1231" lon="138.16831">
<ele>1632.700893</ele>
<time>2026-08-13T01:50:51Z</time>
</trkpt>
<trkpt lat="36.123105" lon="138.16825">
<ele>1631.750558</ele>
<time>2026-08-13T01:50:54Z</time>
</trkpt>
<trkpt lat="36.123112" lon="138.168189">
<ele>1631.782909</ele>
<time>2026-08-13T01:50:59Z</time>
</trkpt>
<trkpt lat="36.123119" lon="138.168134">
<ele>1632.055905</ele>
<time>2026-08-13T01:51:02Z</time>
</trkpt>
<trkpt lat="36.12312" lon="138.168073">
<ele>1632.173502</ele>
<time>2026-08-13T01:51:06Z</time>
</trkpt>
<trkpt lat="36.12313" lon="138.16801">
<ele>1632.617542</ele>
<time>2026-08-13T01:51:11Z</time>
</trkpt>
<trkpt lat="36.123121" lon="138.167944">
<ele>1632.308468</ele>
<time>2026-08-13T01:51:15Z</time>
</trkpt>
<trkpt lat="36.123107" lon="138.167889">
<ele>1632.061158</ele>
<time>2026-08-13T01:51:44Z</time>
</trkpt>
<trkpt lat="36.123115" lon="138.167833">
<ele>1631.479266</ele>
<time>2026-08-13T01:51:50Z</time>
</trkpt>
<trkpt lat="36.1231" lon="138.167772">
<ele>1631.972008</ele>
<time>2026-08-13T01:52:17Z</time>
</trkpt>
<trkpt lat="36.123102" lon="138.167711">
<ele>1632.455305</ele>
<time>2026-08-13T01:52:21Z</time>
</trkpt>
<trkpt lat="36.123097" lon="138.167647">
<ele>1633.169528</ele>
<time>2026-08-13T01:52:25Z</time>
</trkpt>
<trkpt lat="36.123089" lon="138.167587">
<ele>1633.803451</ele>
<time>2026-08-13T01:52:29Z</time>
</trkpt>
<trkpt lat="36.123074" lon="138.167531">
<ele>1634.289683</ele>
<time>2026-08-13T01:52:33Z</time>
</trkpt>
<trkpt lat="36.12307" lon="138.167475">
<ele>1634.499669</ele>
<time>2026-08-13T01:52:37Z</time>
</trkpt>
<trkpt lat="36.123057" lon="138.16742">
<ele>1634.350208</ele>
<time>2026-08-13T01:52:41Z</time>
</trkpt>
<trkpt lat="36.123049" lon="138.167363">
<ele>1634.128341</ele>
<time>2026-08-13T01:52:45Z</time>
</trkpt>
<trkpt lat="36.123028" lon="138.1673">
<ele>1634.323871</ele>
<time>2026-08-13T01:52:49Z</time>
</trkpt>
<trkpt lat="36.123017" lon="138.167236">
<ele>1634.55481</ele>
<time>2026-08-13T01:52:53Z</time>
</trkpt>
<trkpt lat="36.122998" lon="138.167173">
<ele>1634.497288</ele>
<time>2026-08-13T01:52:58Z</time>
</trkpt>
<trkpt lat="36.122958" lon="138.167133">
<ele>1634.007046</ele>
<time>2026-08-13T01:53:33Z</time>
</trkpt>
<trkpt lat="36.122943" lon="138.16708">
<ele>1633.702328</ele>
<time>2026-08-13T01:53:37Z</time>
</trkpt>
<trkpt lat="36.122924" lon="138.167021">
<ele>1633.690695</ele>
<time>2026-08-13T01:53:41Z</time>
</trkpt>
<trkpt lat="36.122905" lon="138.166968">
<ele>1633.977885</ele>
<time>2026-08-13T01:53:45Z</time>
</trkpt>
<trkpt lat="36.122891" lon="138.166905">
<ele>1634.145269</ele>
<time>2026-08-13T01:53:52Z</time>
</trkpt>
<trkpt lat="36.122859" lon="138.166852">
<ele>1634.372237</ele>
<time>2026-08-13T01:53:57Z</time>
</trkpt>
<trkpt lat="36.122842" lon="138.166787">
<ele>1634.690777</ele>
<time>2026-08-13T01:54:01Z</time>
</trkpt>
<trkpt lat="36.122812" lon="138.166738">
<ele>1634.274916</ele>
<time>2026-08-13T01:54:05Z</time>
</trkpt>
<trkpt lat="36.12278" lon="138.166699">
<ele>1633.675076</ele>
<time>2026-08-13T01:54:38Z</time>
</trkpt>
<trkpt lat="36.12276" lon="138.166642">
<ele>1633.476794</ele>
<time>2026-08-13T01:54:42Z</time>
</trkpt>
<trkpt lat="36.122743" lon="138.166588">
<ele>1633.703628</ele>
<time>2026-08-13T01:54:52Z</time>
</trkpt>
<trkpt lat="36.122716" lon="138.166536">
<ele>1633.987556</ele>
<time>2026-08-13T01:54:56Z</time>
</trkpt>
<trkpt lat="36.12268" lon="138.166491">
<ele>1633.794365</ele>
<time>2026-08-13T01:55:00Z</time>
</trkpt>
<trkpt lat="36.122646" lon="138.166445">
<ele>1633.925912</ele>
<time>2026-08-13T01:55:04Z</time>
</trkpt>
<trkpt lat="36.12262" lon="138.166395">
<ele>1634.090113</ele>
<time>2026-08-13T01:55:08Z</time>
</trkpt>
<trkpt lat="36.122584" lon="138.166338">
<ele>1634.173859</ele>
<time>2026-08-13T01:55:13Z</time>
</trkpt>
<trkpt lat="36.122545" lon="138.166309">
<ele>1634.260289</ele>
<time>2026-08-13T01:55:17Z</time>
</trkpt>
<trkpt lat="36.122494" lon="138.166278">
<ele>1634.318475</ele>
<time>2026-08-13T01:55:22Z</time>
</trkpt>
<trkpt lat="36.122447" lon="138.166256">
<ele>1634.279074</ele>
<time>2026-08-13T01:55:27Z</time>
</trkpt>
<trkpt lat="36.122408" lon="138.166221">
<ele>1634.50779</ele>
<time>2026-08-13T01:55:31Z</time>
</trkpt>
<trkpt lat="36.122367" lon="138.16619">
<ele>1634.36779</ele>
<time>2026-08-13T01:55:35Z</time>
</trkpt>
<trkpt lat="36.12232" lon="138.166172">
<ele>1634.366045</ele>
<time>2026-08-13T01:55:46Z</time>
</trkpt>
<trkpt lat="36.122277" lon="138.166133">
<ele>1633.435085</ele>
<time>2026-08-13T01:55:50Z</time>
</trkpt>
<trkpt lat="36.122237" lon="138.166097">
<ele>1632.935631</ele>
<time>2026-08-13T01:56:05Z</time>
</trkpt>
<trkpt lat="36.122201" lon="138.166053">
<ele>1632.33787</ele>
<time>2026-08-13T01:56:09Z</time>
</trkpt>
<trkpt lat="36.122169" lon="138.166015">
<ele>1632.419866</ele>
<time>2026-08-13T01:56:13Z</time>
</trkpt>
<trkpt lat="36.122136" lon="138.165972">
<ele>1632.68977</ele>
<time>2026-08-13T01:56:21Z</time>
</trkpt>
<trkpt lat="36.122107" lon="138.165914">
<ele>1632.964742</ele>
<time>2026-08-13T01:56:25Z</time>
</trkpt>
<trkpt lat="36.122086" lon="138.165863">
<ele>1633.427459</ele>
<time>2026-08-13T01:56:29Z</time>
</trkpt>
<trkpt lat="36.122073" lon="138.165804">
<ele>1633.908576</ele>
<time>2026-08-13T01:56:34Z</time>
</trkpt>
<trkpt lat="36.122059" lon="138.165748">
<ele>1634.150584</ele>
<time>2026-08-13T01:56:38Z</time>
</trkpt>
<trkpt lat="36.122014" lon="138.16572">
<ele>1634.105802</ele>
<time>2026-08-13T01:56:43Z</time>
</trkpt>
<trkpt lat="36.121979" lon="138.165667">
<ele>1633.841244</ele>
<time>2026-08-13T01:56:51Z</time>
</trkpt>
<trkpt lat="36.121944" lon="138.165614">
<ele>1633.662273</ele>
<time>2026-08-13T01:56:56Z</time>
</trkpt>
<trkpt lat="36.121921" lon="138.165565">
<ele>1633.945269</ele>
<time>2026-08-13T01:57:01Z</time>
</trkpt>
<trkpt lat="36.121899" lon="138.165497">
<ele>1633.675903</ele>
<time>2026-08-13T01:57:06Z</time>
</trkpt>
<trkpt lat="36.121879" lon="138.165439">
<ele>1634.592164</ele>
<time>2026-08-13T01:57:11Z</time>
</trkpt>
<trkpt lat="36.121852" lon="138.165381">
<ele>1634.94516</ele>
<time>2026-08-13T01:57:16Z</time>
</trkpt>
<trkpt lat="36.121825" lon="138.165335">
<ele>1635.097058</ele>
<time>2026-08-13T01:57:20Z</time>
</trkpt>
<trkpt lat="36.121808" lon="138.165269">
<ele>1634.706595</ele>
<time>2026-08-13T01:57:31Z</time>
</trkpt>
<trkpt lat="36.121793" lon="138.165213">
<ele>1634.38407</ele>
<time>2026-08-13T01:57:35Z</time>
</trkpt>
<trkpt lat="36.121762" lon="138.165168">
<ele>1634.71818</ele>
<time>2026-08-13T01:57:39Z</time>
</trkpt>
<trkpt lat="36.121736" lon="138.165122">
<ele>1634.668205</ele>
<time>2026-08-13T01:57:44Z</time>
</trkpt>
<trkpt lat="36.121695" lon="138.165098">
<ele>1634.681957</ele>
<time>2026-08-13T01:58:03Z</time>
</trkpt>
<trkpt lat="36.12168" lon="138.165045">
<ele>1635.150351</ele>
<time>2026-08-13T01:58:07Z</time>
</trkpt>
<trkpt lat="36.121664" lon="138.164977">
<ele>1635.598464</ele>
<time>2026-08-13T01:58:12Z</time>
</trkpt>
<trkpt lat="36.121651" lon="138.164916">
<ele>1635.708874</ele>
<time>2026-08-13T01:58:16Z</time>
</trkpt>
<trkpt lat="36.121627" lon="138.164865">
<ele>1635.714854</ele>
<time>2026-08-13T01:58:21Z</time>
</trkpt>
<trkpt lat="36.121622" lon="138.164803">
<ele>1635.436917</ele>
<time>2026-08-13T01:58:26Z</time>
</trkpt>
<trkpt lat="36.121593" lon="138.164747">
<ele>1635.187851</ele>
<time>2026-08-13T01:58:30Z</time>
</trkpt>
<trkpt lat="36.121563" lon="138.164696">
<ele>1634.970031</ele>
<time>2026-08-13T01:58:49Z</time>
</trkpt>
<trkpt lat="36.121553" lon="138.164636">
<ele>1634.947755</ele>
<time>2026-08-13T01:58:53Z</time>
</trkpt>
<trkpt lat="36.121543" lon="138.164578">
<ele>1635.026623</ele>
<time>2026-08-13T01:58:57Z</time>
</trkpt>
<trkpt lat="36.121527" lon="138.164521">
<ele>1634.921936</ele>
<time>2026-08-13T01:59:01Z</time>
</trkpt>
<trkpt lat="36.121521" lon="138.164462">
<ele>1635.435914</ele>
<time>2026-08-13T01:59:05Z</time>
</trkpt>
<trkpt lat="36.121509" lon="138.164396">
<ele>1635.831994</ele>
<time>2026-08-13T01:59:10Z</time>
</trkpt>
<trkpt lat="36.121502" lon="138.164332">
<ele>1636.168783</ele>
<time>2026-08-13T01:59:14Z</time>
</trkpt>
<trkpt lat="36.121467" lon="138.164294">
<ele>1635.903716</ele>
<time>2026-08-13T01:59:18Z</time>
</trkpt>
<trkpt lat="36.121459" lon="138.164226">
<ele>1635.498087</ele>
<time>2026-08-13T01:59:23Z</time>
</trkpt>
<trkpt lat="36.121458" lon="138.164167">
<ele>1635.859183</ele>
<time>2026-08-13T01:59:27Z</time>
</trkpt>
<trkpt lat="36.121456" lon="138.164108">
<ele>1636.449957</ele>
<time>2026-08-13T01:59:32Z</time>
</trkpt>
<trkpt lat="36.121482" lon="138.164056">
<ele>1637.666252</ele>
<time>2026-08-13T01:59:36Z</time>
</trkpt>
<trkpt lat="36.121492" lon="138.163986">
<ele>1637.71147</ele>
<time>2026-08-13T01:59:40Z</time>
</trkpt>
<trkpt lat="36.121465" lon="138.163939">
<ele>1638.424195</ele>
<time>2026-08-13T01:59:45Z</time>
</trkpt>
<trkpt lat="36.121447" lon="138.163884">
<ele>1638.415174</ele>
<time>2026-08-13T01:59:49Z</time>
</trkpt>
<trkpt lat="36.121444" lon="138.163818">
<ele>1638.491795</ele>
<time>2026-08-13T01:59:54Z</time>
</trkpt>
<trkpt lat="36.121415" lon="138.163765">
<ele>1637.864198</ele>
<time>2026-08-13T01:59:59Z</time>
</trkpt>
<trkpt lat="36.121413" lon="138.163699">
<ele>1637.586245</ele>
<time>2026-08-13T02:00:04Z</time>
</trkpt>
<trkpt lat="36.121399" lon="138.163643">
<ele>1637.364701</ele>
<time>2026-08-13T02:00:09Z</time>
</trkpt>
<trkpt lat="36.121383" lon="138.163587">
<ele>1636.481827</ele>
<time>2026-08-13T02:00:18Z</time>
</trkpt>
<trkpt lat="36.121372" lon="138.163511">
<ele>1635.945152</ele>
<time>2026-08-13T02:00:30Z</time>
</trkpt>
<trkpt lat="36.121344" lon="138.163467">
<ele>1635.63572</ele>
<time>2026-08-13T02:00:46Z</time>
</trkpt>
<trkpt lat="36.121302" lon="138.163445">
<ele>1635.799169</ele>
<time>2026-08-13T02:00:51Z</time>
</trkpt>
<trkpt lat="36.121266" lon="138.163392">
<ele>1635.928603</ele>
<time>2026-08-13T02:00:57Z</time>
</trkpt>
<trkpt lat="36.121259" lon="138.163329">
<ele>1636.145983</ele>
<time>2026-08-13T02:01:02Z</time>
</trkpt>
<trkpt lat="36.12125" lon="138.163265">
<ele>1636.480842</ele>
<time>2026-08-13T02:01:07Z</time>
</trkpt>
<trkpt lat="36.12123" lon="138.1632">
<ele>1636.569058</ele>
<time>2026-08-13T02:01:29Z</time>
</trkpt>
<trkpt lat="36.121205" lon="138.163139">
<ele>1636.764259</ele>
<time>2026-08-13T02:01:34Z</time>
</trkpt>
<trkpt lat="36.121164" lon="138.163104">
<ele>1637.452339</ele>
<time>2026-08-13T02:01:39Z</time>
</trkpt>
<trkpt lat="36.12114" lon="138.163047">
<ele>1638.368383</ele>
<time>2026-08-13T02:01:43Z</time>
</trkpt>
<trkpt lat="36.121117" lon="138.162995">
<ele>1638.510145</ele>
<time>2026-08-13T02:01:47Z</time>
</trkpt>
<trkpt lat="36.121073" lon="138.162975">
<ele>1637.99356</ele>
<time>2026-08-13T02:01:56Z</time>
</trkpt>
<trkpt lat="36.121051" lon="138.162921">
<ele>1637.575684</ele>
<time>2026-08-13T02:02:00Z</time>
</trkpt>
<trkpt lat="36.121027" lon="138.162864">
<ele>1638.109007</ele>
<time>2026-08-13T02:02:05Z</time>
</trkpt>
<trkpt lat="36.120984" lon="138.162849">
<ele>1638.654673</ele>
<time>2026-08-13T02:02:09Z</time>
</trkpt>
<trkpt lat="36.120961" lon="138.162795">
<ele>1638.711169</ele>
<time>2026-08-13T02:02:17Z</time>
</trkpt>
<trkpt lat="36.120931" lon="138.162743">
<ele>1638.449779</ele>
<time>2026-08-13T02:02:22Z</time>
</trkpt>
<trkpt lat="36.120898" lon="138.162693">
<ele>1637.852399</ele>
<time>2026-08-13T02:02:28Z</time>
</trkpt>
<trkpt lat="36.12085" lon="138.162676">
<ele>1637.490066</ele>
<time>2026-08-13T02:02:46Z</time>
</trkpt>
<trkpt lat="36.120817" lon="138.162627">
<ele>1636.870312</ele>
<time>2026-08-13T02:02:51Z</time>
</trkpt>
<trkpt lat="36.120795" lon="138.162565">
<ele>1636.56482</ele>
<time>2026-08-13T02:02:56Z</time>
</trkpt>
<trkpt lat="36.120773" lon="138.162515">
<ele>1635.860401</ele>
<time>2026-08-13T02:03:00Z</time>
</trkpt>
<trkpt lat="36.120742" lon="138.162465">
<ele>1635.570412</ele>
<time>2026-08-13T02:03:09Z</time>
</trkpt>
<trkpt lat="36.120729" lon="138.162411">
<ele>1635.412725</ele>
<time>2026-08-13T02:03:12Z</time>
</trkpt>
<trkpt lat="36.120684" lon="138.162353">
<ele>1635.472694</ele>
<time>2026-08-13T02:03:24Z</time>
</trkpt>
<trkpt lat="36.120658" lon="138.162305">
<ele>1635.932894</ele>
<time>2026-08-13T02:03:33Z</time>
</trkpt>
<trkpt lat="36.120638" lon="138.162252">
<ele>1636.453693</ele>
<time>2026-08-13T02:03:45Z</time>
</trkpt>
<trkpt lat="36.120624" lon="138.162198">
<ele>1636.484826</ele>
<time>2026-08-13T02:03:49Z</time>
</trkpt>
<trkpt lat="36.12063" lon="138.162131">
<ele>1637.047882</ele>
<time>2026-08-13T02:04:06Z</time>
</trkpt>
<trkpt lat="36.120599" lon="138.162078">
<ele>1637.517819</ele>
<time>2026-08-13T02:04:10Z</time>
</trkpt>
<trkpt lat="36.12059" lon="138.16201">
<ele>1637.707229</ele>
<time>2026-08-13T02:04:15Z</time>
</trkpt>
<trkpt lat="36.120563" lon="138.161949">
<ele>1637.373416</ele>
<time>2026-08-13T02:04:39Z</time>
</trkpt>
<trkpt lat="36.120544" lon="138.161889">
<ele>1637.063083</ele>
<time>2026-08-13T02:04:43Z</time>
</trkpt>
<trkpt lat="36.120526" lon="138.161831">
<ele>1637.852916</ele>
<time>2026-08-13T02:04:48Z</time>
</trkpt>
<trkpt lat="36.120506" lon="138.16178">
<ele>1638.012263</ele>
<time>2026-08-13T02:04:52Z</time>
</trkpt>
<trkpt lat="36.120464" lon="138.161736">
<ele>1638.044784</ele>
<time>2026-08-13T02:05:03Z</time>
</trkpt>
<trkpt lat="36.120425" lon="138.161695">
<ele>1637.735897</ele>
<time>2026-08-13T02:05:08Z</time>
</trkpt>
<trkpt lat="36.120389" lon="138.161652">
<ele>1637.478627</ele>
<time>2026-08-13T02:05:12Z</time>
</trkpt>
<trkpt lat="36.120359" lon="138.161597">
<ele>1637.19445</ele>
<time>2026-08-13T02:05:17Z</time>
</trkpt>
<trkpt lat="36.12032" lon="138.161556">
<ele>1637.026248</ele>
<time>2026-08-13T02:05:21Z</time>
</trkpt>
<trkpt lat="36.120274" lon="138.161558">
<ele>1636.28055</ele>
<time>2026-08-13T02:05:31Z</time>
</trkpt>
<trkpt lat="36.120222" lon="138.161532">
<ele>1635.867308</ele>
<time>2026-08-13T02:05:36Z</time>
</trkpt>
<trkpt lat="36.120174" lon="138.16151">
<ele>1635.621234</ele>
<time>2026-08-13T02:05:41Z</time>
</trkpt>
<trkpt lat="36.120166" lon="138.161446">
<ele>1635.568056</ele>
<time>2026-08-13T02:05:55Z</time>
</trkpt>
<trkpt lat="36.120157" lon="138.161374">
<ele>1635.512752</ele>
<time>2026-08-13T02:06:05Z</time>
</trkpt>
<trkpt lat="36.120125" lon="138.161307">
<ele>1635.586334</ele>
<time>2026-08-13T02:06:10Z</time>
</trkpt>
<trkpt lat="36.120081" lon="138.16127">
<ele>1636.697594</ele>
<time>2026-08-13T02:06:29Z</time>
</trkpt>
<trkpt lat="36.120074" lon="138.161215">
<ele>1637.570652</ele>
<time>2026-08-13T02:06:38Z</time>
</trkpt>
<trkpt lat="36.120032" lon="138.161183">
<ele>1638.469382</ele>
<time>2026-08-13T02:06:42Z</time>
</trkpt>
<trkpt lat="36.11999" lon="138.161162">
<ele>1638.295017</ele>
<time>2026-08-13T02:06:46Z</time>
</trkpt>
<trkpt lat="36.119948" lon="138.161193">
<ele>1637.813019</ele>
<time>2026-08-13T02:06:59Z</time>
</trkpt>
<trkpt lat="36.119895" lon="138.161175">
<ele>1637.756678</ele>
<time>2026-08-13T02:07:03Z</time>
</trkpt>
<trkpt lat="36.119841" lon="138.161157">
<ele>1638.391206</ele>
<time>2026-08-13T02:07:08Z</time>
</trkpt>
<trkpt lat="36.119795" lon="138.161144">
<ele>1639.518446</ele>
<time>2026-08-13T02:07:12Z</time>
</trkpt>
<trkpt lat="36.119749" lon="138.161132">
<ele>1639.896638</ele>
<time>2026-08-13T02:07:16Z</time>
</trkpt>
<trkpt lat="36.119702" lon="138.161105">
<ele>1639.889807</ele>
<time>2026-08-13T02:07:40Z</time>
</trkpt>
<trkpt lat="36.119656" lon="138.161095">
<ele>1640.176424</ele>
<time>2026-08-13T02:07:44Z</time>
</trkpt>
<trkpt lat="36.119661" lon="138.161037">
<ele>1641.607308</ele>
<time>2026-08-13T02:07:53Z</time>
</trkpt>
<trkpt lat="36.119688" lon="138.16099">
<ele>1643.066823</ele>
<time>2026-08-13T02:08:06Z</time>
</trkpt>
<trkpt lat="36.119715" lon="138.160937">
<ele>1644.406522</ele>
<time>2026-08-13T02:08:11Z</time>
</trkpt>
<trkpt lat="36.119743" lon="138.160894">
<ele>1645.083193</ele>
<time>2026-08-13T02:08:15Z</time>
</trkpt>
<trkpt lat="36.119769" lon="138.160845">
<ele>1645.669929</ele>
<time>2026-08-13T02:08:20Z</time>
</trkpt>
<trkpt lat="36.1198" lon="138.160801">
<ele>1646.207662</ele>
<time>2026-08-13T02:08:35Z</time>
</trkpt>
<trkpt lat="36.119824" lon="138.160739">
<ele>1647.113446</ele>
<time>2026-08-13T02:08:54Z</time>
</trkpt>
<trkpt lat="36.119842" lon="138.160676">
<ele>1648.40155</ele>
<time>2026-08-13T02:08:59Z</time>
</trkpt>
<trkpt lat="36.119854" lon="138.160619">
<ele>1649.446643</ele>
<time>2026-08-13T02:09:03Z</time>
</trkpt>
<trkpt lat="36.119854" lon="138.160548">
<ele>1649.509407</ele>
<time>2026-08-13T02:09:08Z</time>
</trkpt>
<trkpt lat="36.11987" lon="138.160478">
<ele>1649.460469</ele>
<time>2026-08-13T02:09:13Z</time>
</trkpt>
<trkpt lat="36.119859" lon="138.160421">
<ele>1649.254274</ele>
<time>2026-08-13T02:09:17Z</time>
</trkpt>
<trkpt lat="36.119861" lon="138.160355">
<ele>1648.983471</ele>
<time>2026-08-13T02:09:22Z</time>
</trkpt>
<trkpt lat="36.11985" lon="138.160285">
<ele>1648.563195</ele>
<time>2026-08-13T02:09:28Z</time>
</trkpt>
<trkpt lat="36.119853" lon="138.160212">
<ele>1648.063704</ele>
<time>2026-08-13T02:09:33Z</time>
</trkpt>
<trkpt lat="36.119849" lon="138.160149">
<ele>1647.818601</ele>
<time>2026-08-13T02:09:38Z</time>
</trkpt>
<trkpt lat="36.119852" lon="138.160086">
<ele>1647.010977</ele>
<time>2026-08-13T02:09:42Z</time>
</trkpt>
<trkpt lat="36.119859" lon="138.160026">
<ele>1645.981121</ele>
<time>2026-08-13T02:10:12Z</time>
</trkpt>
<trkpt lat="36.119837" lon="138.159977">
<ele>1645.553235</ele>
<time>2026-08-13T02:10:16Z</time>
</trkpt>
<trkpt lat="36.119799" lon="138.159947">
<ele>1645.950113</ele>
<time>2026-08-13T02:10:19Z</time>
</trkpt>
<trkpt lat="36.11976" lon="138.159896">
<ele>1646.786419</ele>
<time>2026-08-13T02:10:24Z</time>
</trkpt>
<trkpt lat="36.119753" lon="138.159837">
<ele>1646.945374</ele>
<time>2026-08-13T02:10:31Z</time>
</trkpt>
<trkpt lat="36.119757" lon="138.159768">
<ele>1646.517668</ele>
<time>2026-08-13T02:10:36Z</time>
</trkpt>
<trkpt lat="36.119831" lon="138.159707">
<ele>1646.539991</ele>
<time>2026-08-13T02:10:39Z</time>
</trkpt>
<trkpt lat="36.119883" lon="138.159705">
<ele>1647.117871</ele>
<time>2026-08-13T02:10:41Z</time>
</trkpt>
</trkseg></trk></gpx>