<?xml version="1.0" encoding="UTF-8"?>
<gpx xmlns:xsi="http://www.w3.org/2001/XMLSchema-instance" xmlns="http://www.topografix.com/GPX/1/0" xsi:schemaLocation="http://www.topografix.com/GPX/1/1 http://www.topografix.com/GPX/1/1/gpx.xsd" creator="Geographica - http://geographica.biz/" appVersion="296" device="iPhone" ios="26.5" carrier="Unknown">
<trk>
<name>高ボッチから</name>
<trkseg>
<trkpt lat="36.134854" lon="138.037343">
<ele>1643.060390</ele>
<time>2026-06-19T02:18:16Z</time>
<speed>0.000000</speed>
<trueHeading>175.456009</trueHeading>
<magneticHeading>183.764099</magneticHeading>
<gpsHeading>-1.000000</gpsHeading>
<haccuracy>4.748652</haccuracy>
<vaccuracy>4.029364</vaccuracy>
<internetconnect>2</internetconnect>
</trkpt>
<trkpt lat="36.134902" lon="138.037376">
<ele>1645.528546</ele>
<time>2026-06-19T02:19:08Z</time>
<speed>2.258414</speed>
<trueHeading>213.857513</trueHeading>
<magneticHeading>222.165604</magneticHeading>
<gpsHeading>29.522687</gpsHeading>
<haccuracy>4.748652</haccuracy>
<vaccuracy>4.248234</vaccuracy>
<internetconnect>2</internetconnect>
</trkpt>
<trkpt lat="36.134945" lon="138.037418">
<ele>1646.046757</ele>
<time>2026-06-19T02:19:11Z</time>
<speed>1.589449</speed>
<trueHeading>183.758514</trueHeading>
<magneticHeading>192.066605</magneticHeading>
<gpsHeading>38.474223</gpsHeading>
<haccuracy>4.748652</haccuracy>
<vaccuracy>4.031036</vaccuracy>
<internetconnect>2</internetconnect>
</trkpt>
<trkpt lat="36.134880" lon="138.037469">
<ele>1646.147164</ele>
<time>2026-06-19T02:19:16Z</time>
<speed>3.354283</speed>
<trueHeading>153.416183</trueHeading>
<magneticHeading>161.724274</magneticHeading>
<gpsHeading>147.462516</gpsHeading>
<haccuracy>4.748652</haccuracy>
<vaccuracy>4.154141</vaccuracy>
<internetconnect>2</internetconnect>
</trkpt>
<trkpt lat="36.134842" lon="138.037506">
<ele>1645.696608</ele>
<time>2026-06-19T02:19:17Z</time>
<speed>4.171635</speed>
<trueHeading>138.377304</trueHeading>
<magneticHeading>146.685394</magneticHeading>
<gpsHeading>142.164161</gpsHeading>
<haccuracy>4.748652</haccuracy>
<vaccuracy>4.230077</vaccuracy>
<internetconnect>2</internetconnect>
</trkpt>
<trkpt lat="36.134802" lon="138.037546">
<ele>1645.866189</ele>
<time>2026-06-19T02:19:18Z</time>
<speed>4.854048</speed>
<trueHeading>183.146713</trueHeading>
<magneticHeading>191.454803</magneticHeading>
<gpsHeading>141.331364</gpsHeading>
<haccuracy>4.748652</haccuracy>
<vaccuracy>4.101135</vaccuracy>
<internetconnect>2</internetconnect>
</trkpt>
<trkpt lat="36.134765" lon="138.037587">
<ele>1645.951538</ele>
<time>2026-06-19T02:19:19Z</time>
<speed>5.170382</speed>
<trueHeading>167.025696</trueHeading>
<magneticHeading>175.333786</magneticHeading>
<gpsHeading>137.500323</gpsHeading>
<haccuracy>4.748652</haccuracy>
<vaccuracy>3.979217</vaccuracy>
<internetconnect>2</internetconnect>
</trkpt>
<trkpt lat="36.134702" lon="138.037637">
<ele>1646.185410</ele>
<time>2026-06-19T02:19:21Z</time>
<speed>3.959737</speed>
<trueHeading>167.025696</trueHeading>
<magneticHeading>175.333786</magneticHeading>
<gpsHeading>147.334802</gpsHeading>
<haccuracy>4.748652</haccuracy>
<vaccuracy>3.867991</vaccuracy>
<internetconnect>2</internetconnect>
</trkpt>
<trkpt lat="36.134631" lon="138.037627">
<ele>1646.055756</ele>
<time>2026-06-19T02:19:25Z</time>
<speed>3.074083</speed>
<trueHeading>167.025696</trueHeading>
<magneticHeading>175.333786</magneticHeading>
<gpsHeading>186.600673</gpsHeading>
<haccuracy>4.748652</haccuracy>
<vaccuracy>3.854440</vaccuracy>
<internetconnect>2</internetconnect>
</trkpt>
<trkpt lat="36.134598" lon="138.037581">
<ele>1646.355318</ele>
<time>2026-06-19T02:19:26Z</time>
<speed>4.350855</speed>
<trueHeading>182.155350</trueHeading>
<magneticHeading>190.463440</magneticHeading>
<gpsHeading>228.018608</gpsHeading>
<haccuracy>4.748651</haccuracy>
<vaccuracy>3.931403</vaccuracy>
<internetconnect>2</internetconnect>
</trkpt>
<trkpt lat="36.134578" lon="138.037520">
<ele>1646.438104</ele>
<time>2026-06-19T02:19:27Z</time>
<speed>5.310820</speed>
<trueHeading>200.019455</trueHeading>
<magneticHeading>208.327545</magneticHeading>
<gpsHeading>247.933986</gpsHeading>
<haccuracy>4.748651</haccuracy>
<vaccuracy>3.846812</vaccuracy>
<internetconnect>2</internetconnect>
</trkpt>
<trkpt lat="36.134552" lon="138.037441">
<ele>1646.573550</ele>
<time>2026-06-19T02:19:28Z</time>
<speed>6.628860</speed>
<trueHeading>217.617844</trueHeading>
<magneticHeading>225.925934</magneticHeading>
<gpsHeading>247.837271</gpsHeading>
<haccuracy>4.748651</haccuracy>
<vaccuracy>3.784314</vaccuracy>
<internetconnect>2</internetconnect>
</trkpt>
<trkpt lat="36.134525" lon="138.037337">
<ele>1646.247364</ele>
<time>2026-06-19T02:19:29Z</time>
<speed>7.995125</speed>
<trueHeading>217.617844</trueHeading>
<magneticHeading>225.925934</magneticHeading>
<gpsHeading>252.470815</gpsHeading>
<haccuracy>4.748651</haccuracy>
<vaccuracy>3.780426</vaccuracy>
<internetconnect>2</internetconnect>
</trkpt>
<trkpt lat="36.134495" lon="138.037238">
<ele>1645.913998</ele>
<time>2026-06-19T02:19:30Z</time>
<speed>8.610138</speed>
<trueHeading>234.047241</trueHeading>
<magneticHeading>242.355331</magneticHeading>
<gpsHeading>249.550491</gpsHeading>
<haccuracy>4.748651</haccuracy>
<vaccuracy>3.824130</vaccuracy>
<internetconnect>2</internetconnect>
</trkpt>
<trkpt lat="36.134469" lon="138.037154">
<ele>1645.498670</ele>
<time>2026-06-19T02:19:31Z</time>
<speed>8.372173</speed>
<trueHeading>234.047241</trueHeading>
<magneticHeading>242.355331</magneticHeading>
<gpsHeading>248.963746</gpsHeading>
<haccuracy>4.748651</haccuracy>
<vaccuracy>3.718036</vaccuracy>
<internetconnect>2</internetconnect>
</trkpt>
<trkpt lat="36.134436" lon="138.037061">
<ele>1645.085290</ele>
<time>2026-06-19T02:19:32Z</time>
<speed>8.277258</speed>
<trueHeading>234.047241</trueHeading>
<magneticHeading>242.355331</magneticHeading>
<gpsHeading>245.910890</gpsHeading>
<haccuracy>4.748651</haccuracy>
<vaccuracy>3.712225</vaccuracy>
<internetconnect>2</internetconnect>
</trkpt>
<trkpt lat="36.134398" lon="138.036970">
<ele>1644.750266</ele>
<time>2026-06-19T02:19:33Z</time>
<speed>8.729194</speed>
<trueHeading>234.047241</trueHeading>
<magneticHeading>242.355331</magneticHeading>
<gpsHeading>243.104806</gpsHeading>
<haccuracy>4.748651</haccuracy>
<vaccuracy>3.825515</vaccuracy>
<internetconnect>2</internetconnect>
</trkpt>
<trkpt lat="36.134361" lon="138.036870">
<ele>1644.333034</ele>
<time>2026-06-19T02:19:34Z</time>
<speed>9.210056</speed>
<trueHeading>234.047241</trueHeading>
<magneticHeading>242.355331</magneticHeading>
<gpsHeading>244.953828</gpsHeading>
<haccuracy>4.748651</haccuracy>
<vaccuracy>3.728982</vaccuracy>
<internetconnect>2</internetconnect>
</trkpt>
<trkpt lat="36.134313" lon="138.036772">
<ele>1643.830798</ele>
<time>2026-06-19T02:19:35Z</time>
<speed>9.510768</speed>
<trueHeading>234.047241</trueHeading>
<magneticHeading>242.355331</magneticHeading>
<gpsHeading>238.862470</gpsHeading>
<haccuracy>4.748651</haccuracy>
<vaccuracy>3.878983</vaccuracy>
<internetconnect>2</internetconnect>
</trkpt>
<trkpt lat="36.134267" lon="138.036665">
<ele>1643.193276</ele>
<time>2026-06-19T02:19:36Z</time>
<speed>9.910869</speed>
<trueHeading>234.047241</trueHeading>
<magneticHeading>242.355331</magneticHeading>
<gpsHeading>242.099714</gpsHeading>
<haccuracy>4.748651</haccuracy>
<vaccuracy>3.992867</vaccuracy>
<internetconnect>2</internetconnect>
</trkpt>
<trkpt lat="36.134228" lon="138.036574">
<ele>1642.766962</ele>
<time>2026-06-19T02:19:37Z</time>
<speed>9.558210</speed>
<trueHeading>234.047241</trueHeading>
<magneticHeading>242.355331</magneticHeading>
<gpsHeading>242.221251</gpsHeading>
<haccuracy>4.748651</haccuracy>
<vaccuracy>4.049333</vaccuracy>
<internetconnect>2</internetconnect>
</trkpt>
<trkpt lat="36.134192" lon="138.036490">
<ele>1641.825237</ele>
<time>2026-06-19T02:19:38Z</time>
<speed>8.858074</speed>
<trueHeading>234.047241</trueHeading>
<magneticHeading>242.355331</magneticHeading>
<gpsHeading>241.916571</gpsHeading>
<haccuracy>4.748651</haccuracy>
<vaccuracy>4.051740</vaccuracy>
<internetconnect>2</internetconnect>
</trkpt>
<trkpt lat="36.134135" lon="138.036419">
<ele>1641.334821</ele>
<time>2026-06-19T02:19:39Z</time>
<speed>9.036131</speed>
<trueHeading>234.047241</trueHeading>
<magneticHeading>242.355331</magneticHeading>
<gpsHeading>224.836002</gpsHeading>
<haccuracy>4.748651</haccuracy>
<vaccuracy>4.067735</vaccuracy>
<internetconnect>2</internetconnect>
</trkpt>
<trkpt lat="36.134062" lon="138.036353">
<ele>1640.860875</ele>
<time>2026-06-19T02:19:40Z</time>
<speed>9.521932</speed>
<trueHeading>234.047241</trueHeading>
<magneticHeading>242.355331</magneticHeading>
<gpsHeading>216.350330</gpsHeading>
<haccuracy>4.748651</haccuracy>
<vaccuracy>4.035641</vaccuracy>
<internetconnect>2</internetconnect>
</trkpt>
<trkpt lat="36.133983" lon="138.036276">
<ele>1640.527474</ele>
<time>2026-06-19T02:19:41Z</time>
<speed>10.465140</speed>
<trueHeading>234.047241</trueHeading>
<magneticHeading>242.355331</magneticHeading>
<gpsHeading>218.358366</gpsHeading>
<haccuracy>4.748651</haccuracy>
<vaccuracy>4.017063</vaccuracy>
<internetconnect>2</internetconnect>
</trkpt>
<trkpt lat="36.133899" lon="138.036202">
<ele>1640.606913</ele>
<time>2026-06-19T02:19:42Z</time>
<speed>10.922582</speed>
<trueHeading>234.047241</trueHeading>
<magneticHeading>242.355331</magneticHeading>
<gpsHeading>215.519491</gpsHeading>
<haccuracy>4.748651</haccuracy>
<vaccuracy>3.956472</vaccuracy>
<internetconnect>2</internetconnect>
</trkpt>
<trkpt lat="36.133823" lon="138.036131">
<ele>1640.978006</ele>
<time>2026-06-19T02:19:43Z</time>
<speed>10.751480</speed>
<trueHeading>234.047241</trueHeading>
<magneticHeading>242.355331</magneticHeading>
<gpsHeading>216.842442</gpsHeading>
<haccuracy>4.748651</haccuracy>
<vaccuracy>3.920276</vaccuracy>
<internetconnect>2</internetconnect>
</trkpt>
<trkpt lat="36.133748" lon="138.036065">
<ele>1641.137910</ele>
<time>2026-06-19T02:19:44Z</time>
<speed>10.394149</speed>
<trueHeading>218.953415</trueHeading>
<magneticHeading>227.261505</magneticHeading>
<gpsHeading>215.489590</gpsHeading>
<haccuracy>4.748651</haccuracy>
<vaccuracy>3.972106</vaccuracy>
<internetconnect>2</internetconnect>
</trkpt>
<trkpt lat="36.133672" lon="138.036013">
<ele>1640.911555</ele>
<time>2026-06-19T02:19:45Z</time>
<speed>9.831009</speed>
<trueHeading>203.749466</trueHeading>
<magneticHeading>212.057556</magneticHeading>
<gpsHeading>208.713079</gpsHeading>
<haccuracy>4.748651</haccuracy>
<vaccuracy>3.947974</vaccuracy>
<internetconnect>2</internetconnect>
</trkpt>
<trkpt lat="36.133599" lon="138.035997">
<ele>1640.779962</ele>
<time>2026-06-19T02:19:46Z</time>
<speed>8.775634</speed>
<trueHeading>188.634918</trueHeading>
<magneticHeading>196.943008</magneticHeading>
<gpsHeading>189.870171</gpsHeading>
<haccuracy>4.748651</haccuracy>
<vaccuracy>3.928978</vaccuracy>
<internetconnect>2</internetconnect>
</trkpt>
<trkpt lat="36.133534" lon="138.036010">
<ele>1641.015729</ele>
<time>2026-06-19T02:19:47Z</time>
<speed>7.668427</speed>
<trueHeading>188.634918</trueHeading>
<magneticHeading>196.943008</magneticHeading>
<gpsHeading>171.340787</gpsHeading>
<haccuracy>4.748651</haccuracy>
<vaccuracy>3.919174</vaccuracy>
<internetconnect>2</internetconnect>
</trkpt>
<trkpt lat="36.133472" lon="138.036051">
<ele>1641.116921</ele>
<time>2026-06-19T02:19:48Z</time>
<speed>7.516596</speed>
<trueHeading>173.565750</trueHeading>
<magneticHeading>181.873840</magneticHeading>
<gpsHeading>151.621459</gpsHeading>
<haccuracy>4.748651</haccuracy>
<vaccuracy>3.987694</vaccuracy>
<internetconnect>2</internetconnect>
</trkpt>
<trkpt lat="36.133404" lon="138.036118">
<ele>1641.711536</ele>
<time>2026-06-19T02:19:49Z</time>
<speed>8.222498</speed>
<trueHeading>158.485397</trueHeading>
<magneticHeading>166.793488</magneticHeading>
<gpsHeading>141.385107</gpsHeading>
<haccuracy>4.748651</haccuracy>
<vaccuracy>4.096389</vaccuracy>
<internetconnect>2</internetconnect>
</trkpt>
<trkpt lat="36.133332" lon="138.036186">
<ele>1641.822588</ele>
<time>2026-06-19T02:19:50Z</time>
<speed>8.813399</speed>
<trueHeading>158.485397</trueHeading>
<magneticHeading>166.793488</magneticHeading>
<gpsHeading>142.621364</gpsHeading>
<haccuracy>4.748651</haccuracy>
<vaccuracy>4.023062</vaccuracy>
<internetconnect>2</internetconnect>
</trkpt>
<trkpt lat="36.133271" lon="138.036263">
<ele>1641.706624</ele>
<time>2026-06-19T02:19:51Z</time>
<speed>9.343967</speed>
<trueHeading>143.482193</trueHeading>
<magneticHeading>151.790283</magneticHeading>
<gpsHeading>134.620055</gpsHeading>
<haccuracy>4.748651</haccuracy>
<vaccuracy>4.046896</vaccuracy>
<internetconnect>2</internetconnect>
</trkpt>
<trkpt lat="36.133217" lon="138.036353">
<ele>1641.628174</ele>
<time>2026-06-19T02:19:52Z</time>
<speed>9.518247</speed>
<trueHeading>143.482193</trueHeading>
<magneticHeading>151.790283</magneticHeading>
<gpsHeading>126.557839</gpsHeading>
<haccuracy>4.748651</haccuracy>
<vaccuracy>3.984562</vaccuracy>
<internetconnect>2</internetconnect>
</trkpt>
<trkpt lat="36.133165" lon="138.036445">
<ele>1641.585366</ele>
<time>2026-06-19T02:19:53Z</time>
<speed>9.580609</speed>
<trueHeading>143.482193</trueHeading>
<magneticHeading>151.790283</magneticHeading>
<gpsHeading>125.173367</gpsHeading>
<haccuracy>4.748651</haccuracy>
<vaccuracy>3.897412</vaccuracy>
<internetconnect>2</internetconnect>
</trkpt>
<trkpt lat="36.133122" lon="138.036516">
<ele>1640.516970</ele>
<time>2026-06-19T02:19:54Z</time>
<speed>8.613208</speed>
<trueHeading>158.486938</trueHeading>
<magneticHeading>166.795029</magneticHeading>
<gpsHeading>126.341574</gpsHeading>
<haccuracy>4.748651</haccuracy>
<vaccuracy>3.794835</vaccuracy>
<internetconnect>2</internetconnect>
</trkpt>
<trkpt lat="36.133071" lon="138.036542">
<ele>1640.378932</ele>
<time>2026-06-19T02:19:55Z</time>
<speed>7.061003</speed>
<trueHeading>188.553391</trueHeading>
<magneticHeading>196.861481</magneticHeading>
<gpsHeading>157.765228</gpsHeading>
<haccuracy>4.748651</haccuracy>
<vaccuracy>3.793423</vaccuracy>
<internetconnect>2</internetconnect>
</trkpt>
<trkpt lat="36.133011" lon="138.036529">
<ele>1641.015041</ele>
<time>2026-06-19T02:19:56Z</time>
<speed>6.414438</speed>
<trueHeading>203.795410</trueHeading>
<magneticHeading>212.103500</magneticHeading>
<gpsHeading>190.534342</gpsHeading>
<haccuracy>4.748651</haccuracy>
<vaccuracy>3.743108</vaccuracy>
<internetconnect>2</internetconnect>
</trkpt>
<trkpt lat="36.132941" lon="138.036488">
<ele>1639.861474</ele>
<time>2026-06-19T02:19:57Z</time>
<speed>7.308376</speed>
<trueHeading>218.822174</trueHeading>
<magneticHeading>227.130264</magneticHeading>
<gpsHeading>205.404514</gpsHeading>
<haccuracy>4.748651</haccuracy>
<vaccuracy>3.771578</vaccuracy>
<internetconnect>2</internetconnect>
</trkpt>
<trkpt lat="36.132881" lon="138.036414">
<ele>1639.215053</ele>
<time>2026-06-19T02:19:58Z</time>
<speed>8.419644</speed>
<trueHeading>218.822174</trueHeading>
<magneticHeading>227.130264</magneticHeading>
<gpsHeading>224.607193</gpsHeading>
<haccuracy>4.748651</haccuracy>
<vaccuracy>3.761327</vaccuracy>
<internetconnect>2</internetconnect>
</trkpt>
<trkpt lat="36.132817" lon="138.036340">
<ele>1639.056128</ele>
<time>2026-06-19T02:19:59Z</time>
<speed>8.912703</speed>
<trueHeading>218.822174</trueHeading>
<magneticHeading>227.130264</magneticHeading>
<gpsHeading>223.059244</gpsHeading>
<haccuracy>4.748651</haccuracy>
<vaccuracy>3.718520</vaccuracy>
<internetconnect>2</internetconnect>
</trkpt>
<trkpt lat="36.132748" lon="138.036271">
<ele>1638.833830</ele>
<time>2026-06-19T02:20:00Z</time>
<speed>9.425057</speed>
<trueHeading>218.822174</trueHeading>
<magneticHeading>227.130264</magneticHeading>
<gpsHeading>218.837171</gpsHeading>
<haccuracy>4.748651</haccuracy>
<vaccuracy>3.634936</vaccuracy>
<internetconnect>2</internetconnect>
</trkpt>
<trkpt lat="36.132670" lon="138.036205">
<ele>1638.459298</ele>
<time>2026-06-19T02:20:01Z</time>
<speed>9.921698</speed>
<trueHeading>218.822174</trueHeading>
<magneticHeading>227.130264</magneticHeading>
<gpsHeading>214.496350</gpsHeading>
<haccuracy>4.748651</haccuracy>
<vaccuracy>3.603346</vaccuracy>
<internetconnect>2</internetconnect>
</trkpt>
<trkpt lat="36.132583" lon="138.036170">
<ele>1638.209400</ele>
<time>2026-06-19T02:20:02Z</time>
<speed>9.828639</speed>
<trueHeading>218.822174</trueHeading>
<magneticHeading>227.130264</magneticHeading>
<gpsHeading>197.879405</gpsHeading>
<haccuracy>4.748651</haccuracy>
<vaccuracy>3.589245</vaccuracy>
<internetconnect>2</internetconnect>
</trkpt>
<trkpt lat="36.132509" lon="138.036134">
<ele>1637.641077</ele>
<time>2026-06-19T02:20:03Z</time>
<speed>9.002427</speed>
<trueHeading>218.822174</trueHeading>
<magneticHeading>227.130264</magneticHeading>
<gpsHeading>201.431988</gpsHeading>
<haccuracy>4.748651</haccuracy>
<vaccuracy>3.573489</vaccuracy>
<internetconnect>2</internetconnect>
</trkpt>
<trkpt lat="36.132455" lon="138.036100">
<ele>1637.539341</ele>
<time>2026-06-19T02:20:04Z</time>
<speed>7.502202</speed>
<trueHeading>218.822174</trueHeading>
<magneticHeading>227.130264</magneticHeading>
<gpsHeading>207.504762</gpsHeading>
<haccuracy>4.748651</haccuracy>
<vaccuracy>3.558212</vaccuracy>
<internetconnect>2</internetconnect>
</trkpt>
<trkpt lat="36.132419" lon="138.036042">
<ele>1637.649560</ele>
<time>2026-06-19T02:20:05Z</time>
<speed>6.801511</speed>
<trueHeading>233.925385</trueHeading>
<magneticHeading>242.233475</magneticHeading>
<gpsHeading>232.394562</gpsHeading>
<haccuracy>4.748651</haccuracy>
<vaccuracy>3.519302</vaccuracy>
<internetconnect>2</internetconnect>
</trkpt>
<trkpt lat="36.132396" lon="138.035962">
<ele>1637.430500</ele>
<time>2026-06-19T02:20:06Z</time>
<speed>7.019541</speed>
<trueHeading>248.945114</trueHeading>
<magneticHeading>257.253204</magneticHeading>
<gpsHeading>250.279540</gpsHeading>
<haccuracy>4.748651</haccuracy>
<vaccuracy>3.502773</vaccuracy>
<internetconnect>2</internetconnect>
</trkpt>
<trkpt lat="36.132378" lon="138.035873">
<ele>1637.047889</ele>
<time>2026-06-19T02:20:07Z</time>
<speed>7.563942</speed>
<trueHeading>248.945114</trueHeading>
<magneticHeading>257.253204</magneticHeading>
<gpsHeading>255.453018</gpsHeading>
<haccuracy>4.748651</haccuracy>
<vaccuracy>3.442960</vaccuracy>
<internetconnect>2</internetconnect>
</trkpt>
<trkpt lat="36.132361" lon="138.035784">
<ele>1636.936177</ele>
<time>2026-06-19T02:20:08Z</time>
<speed>7.822700</speed>
<trueHeading>248.945114</trueHeading>
<magneticHeading>257.253204</magneticHeading>
<gpsHeading>256.636750</gpsHeading>
<haccuracy>4.748651</haccuracy>
<vaccuracy>3.432235</vaccuracy>
<internetconnect>2</internetconnect>
</trkpt>
<trkpt lat="36.132353" lon="138.035706">
<ele>1636.213532</ele>
<time>2026-06-19T02:20:09Z</time>
<speed>7.109348</speed>
<trueHeading>248.945114</trueHeading>
<magneticHeading>257.253204</magneticHeading>
<gpsHeading>263.022242</gpsHeading>
<haccuracy>4.748651</haccuracy>
<vaccuracy>3.490875</vaccuracy>
<internetconnect>2</internetconnect>
</trkpt>
<trkpt lat="36.132337" lon="138.035636">
<ele>1635.559069</ele>
<time>2026-06-19T02:20:11Z</time>
<speed>3.829274</speed>
<trueHeading>248.945114</trueHeading>
<magneticHeading>257.253204</magneticHeading>
<gpsHeading>254.137121</gpsHeading>
<haccuracy>4.748651</haccuracy>
<vaccuracy>3.607980</vaccuracy>
<internetconnect>2</internetconnect>
</trkpt>
<trkpt lat="36.132316" lon="138.035565">
<ele>1635.566676</ele>
<time>2026-06-19T02:20:15Z</time>
<speed>1.895799</speed>
<trueHeading>248.945114</trueHeading>
<magneticHeading>257.253204</magneticHeading>
<gpsHeading>249.851266</gpsHeading>
<haccuracy>4.748651</haccuracy>
<vaccuracy>5.772802</vaccuracy>
<internetconnect>2</internetconnect>
</trkpt>
<trkpt lat="36.132297" lon="138.035507">
<ele>1635.185156</ele>
<time>2026-06-19T02:20:16Z</time>
<speed>3.978775</speed>
<trueHeading>248.945114</trueHeading>
<magneticHeading>257.253204</magneticHeading>
<gpsHeading>248.356721</gpsHeading>
<haccuracy>4.748651</haccuracy>
<vaccuracy>5.823937</vaccuracy>
<internetconnect>2</internetconnect>
</trkpt>
<trkpt lat="36.132270" lon="138.035417">
<ele>1634.618323</ele>
<time>2026-06-19T02:20:17Z</time>
<speed>6.528245</speed>
<trueHeading>248.945114</trueHeading>
<magneticHeading>257.253204</magneticHeading>
<gpsHeading>249.518001</gpsHeading>
<haccuracy>4.748651</haccuracy>
<vaccuracy>5.565174</vaccuracy>
<internetconnect>2</internetconnect>
</trkpt>
<trkpt lat="36.132231" lon="138.035315">
<ele>1634.274579</ele>
<time>2026-06-19T02:20:18Z</time>
<speed>8.475386</speed>
<trueHeading>248.945114</trueHeading>
<magneticHeading>257.253204</magneticHeading>
<gpsHeading>244.583404</gpsHeading>
<haccuracy>4.748651</haccuracy>
<vaccuracy>5.551652</vaccuracy>
<internetconnect>2</internetconnect>
</trkpt>
<trkpt lat="36.132188" lon="138.035210">
<ele>1633.328396</ele>
<time>2026-06-19T02:20:19Z</time>
<speed>9.656841</speed>
<trueHeading>248.945114</trueHeading>
<magneticHeading>257.253204</magneticHeading>
<gpsHeading>243.282198</gpsHeading>
<haccuracy>4.748651</haccuracy>
<vaccuracy>5.517205</vaccuracy>
<internetconnect>2</internetconnect>
</trkpt>
<trkpt lat="36.132135" lon="138.035116">
<ele>1632.304651</ele>
<time>2026-06-19T02:20:20Z</time>
<speed>9.842834</speed>
<trueHeading>248.945114</trueHeading>
<magneticHeading>257.253204</magneticHeading>
<gpsHeading>234.948994</gpsHeading>
<haccuracy>4.748651</haccuracy>
<vaccuracy>5.577845</vaccuracy>
<internetconnect>2</internetconnect>
</trkpt>
<trkpt lat="36.132099" lon="138.035025">
<ele>1631.619538</ele>
<time>2026-06-19T02:20:21Z</time>
<speed>9.382940</speed>
<trueHeading>248.945114</trueHeading>
<magneticHeading>257.253204</magneticHeading>
<gpsHeading>244.264421</gpsHeading>
<haccuracy>4.748651</haccuracy>
<vaccuracy>5.629976</vaccuracy>
<internetconnect>2</internetconnect>
</trkpt>
<trkpt lat="36.132070" lon="138.034948">
<ele>1630.985345</ele>
<time>2026-06-19T02:20:22Z</time>
<speed>8.349221</speed>
<trueHeading>233.655167</trueHeading>
<magneticHeading>241.963257</magneticHeading>
<gpsHeading>244.264432</gpsHeading>
<haccuracy>4.748651</haccuracy>
<vaccuracy>5.583552</vaccuracy>
<internetconnect>2</internetconnect>
</trkpt>
<trkpt lat="36.132054" lon="138.034891">
<ele>1630.441614</ele>
<time>2026-06-19T02:20:23Z</time>
<speed>6.794975</speed>
<trueHeading>218.592102</trueHeading>
<magneticHeading>226.900192</magneticHeading>
<gpsHeading>251.609338</gpsHeading>
<haccuracy>4.748651</haccuracy>
<vaccuracy>5.581370</vaccuracy>
<internetconnect>2</internetconnect>
</trkpt>
<trkpt lat="36.131924" lon="138.034953">
<ele>1630.066255</ele>
<time>2026-06-19T02:20:25Z</time>
<speed>7.141494</speed>
<trueHeading>172.887604</trueHeading>
<magneticHeading>181.195694</magneticHeading>
<gpsHeading>159.231976</gpsHeading>
<haccuracy>4.748651</haccuracy>
<vaccuracy>5.676167</vaccuracy>
<internetconnect>2</internetconnect>
</trkpt>
<trkpt lat="36.131843" lon="138.034963">
<ele>1629.874752</ele>
<time>2026-06-19T02:20:26Z</time>
<speed>8.124715</speed>
<trueHeading>172.887604</trueHeading>
<magneticHeading>181.195694</magneticHeading>
<gpsHeading>174.118923</gpsHeading>
<haccuracy>4.748651</haccuracy>
<vaccuracy>5.761969</vaccuracy>
<internetconnect>2</internetconnect>
</trkpt>
<trkpt lat="36.131771" lon="138.034972">
<ele>1629.545093</ele>
<time>2026-06-19T02:20:27Z</time>
<speed>7.978111</speed>
<trueHeading>172.887604</trueHeading>
<magneticHeading>181.195694</magneticHeading>
<gpsHeading>174.118918</gpsHeading>
<haccuracy>4.748651</haccuracy>
<vaccuracy>5.891879</vaccuracy>
<internetconnect>2</internetconnect>
</trkpt>
<trkpt lat="36.131697" lon="138.034982">
<ele>1629.232673</ele>
<time>2026-06-19T02:20:28Z</time>
<speed>8.085733</speed>
<trueHeading>172.887604</trueHeading>
<magneticHeading>181.195694</magneticHeading>
<gpsHeading>174.118912</gpsHeading>
<haccuracy>4.748651</haccuracy>
<vaccuracy>6.035121</vaccuracy>
<internetconnect>2</internetconnect>
</trkpt>
<trkpt lat="36.131619" lon="138.034986">
<ele>1628.960912</ele>
<time>2026-06-19T02:20:29Z</time>
<speed>8.347378</speed>
<trueHeading>172.887604</trueHeading>
<magneticHeading>181.195694</magneticHeading>
<gpsHeading>177.597655</gpsHeading>
<haccuracy>4.748650</haccuracy>
<vaccuracy>6.807904</vaccuracy>
<internetconnect>2</internetconnect>
</trkpt>
<trkpt lat="36.131544" lon="138.034988">
<ele>1628.273245</ele>
<time>2026-06-19T02:20:30Z</time>
<speed>8.373412</speed>
<trueHeading>172.887604</trueHeading>
<magneticHeading>181.195694</magneticHeading>
<gpsHeading>178.312806</gpsHeading>
<haccuracy>4.748651</haccuracy>
<vaccuracy>7.170182</vaccuracy>
<internetconnect>2</internetconnect>
</trkpt>
<trkpt lat="36.131477" lon="138.034981">
<ele>1627.490932</ele>
<time>2026-06-19T02:20:31Z</time>
<speed>7.532304</speed>
<trueHeading>172.887604</trueHeading>
<magneticHeading>181.195694</magneticHeading>
<gpsHeading>185.256275</gpsHeading>
<haccuracy>4.748651</haccuracy>
<vaccuracy>7.202928</vaccuracy>
<internetconnect>2</internetconnect>
</trkpt>
<trkpt lat="36.131424" lon="138.034982">
<ele>1626.872168</ele>
<time>2026-06-19T02:20:32Z</time>
<speed>6.542117</speed>
<trueHeading>172.887604</trueHeading>
<magneticHeading>181.195694</magneticHeading>
<gpsHeading>178.782005</gpsHeading>
<haccuracy>4.748651</haccuracy>
<vaccuracy>7.020961</vaccuracy>
<internetconnect>2</internetconnect>
</trkpt>
<trkpt lat="36.131375" lon="138.034988">
<ele>1626.321259</ele>
<time>2026-06-19T02:20:33Z</time>
<speed>5.857047</speed>
<trueHeading>172.887604</trueHeading>
<magneticHeading>181.195694</magneticHeading>
<gpsHeading>174.279940</gpsHeading>
<haccuracy>4.748651</haccuracy>
<vaccuracy>6.618083</vaccuracy>
<internetconnect>2</internetconnect>
</trkpt>
<trkpt lat="36.131326" lon="138.035017">
<ele>1625.749240</ele>
<time>2026-06-19T02:20:34Z</time>
<speed>5.955480</speed>
<trueHeading>172.887604</trueHeading>
<magneticHeading>181.195694</magneticHeading>
<gpsHeading>154.460242</gpsHeading>
<haccuracy>4.748651</haccuracy>
<vaccuracy>6.612978</vaccuracy>
<internetconnect>2</internetconnect>
</trkpt>
<trkpt lat="36.131268" lon="138.035028">
<ele>1625.426908</ele>
<time>2026-06-19T02:20:35Z</time>
<speed>6.315233</speed>
<trueHeading>172.887604</trueHeading>
<magneticHeading>181.195694</magneticHeading>
<gpsHeading>171.256963</gpsHeading>
<haccuracy>4.748651</haccuracy>
<vaccuracy>6.921489</vaccuracy>
<internetconnect>2</internetconnect>
</trkpt>
<trkpt lat="36.131205" lon="138.035040">
<ele>1625.102871</ele>
<time>2026-06-19T02:20:36Z</time>
<speed>6.797835</speed>
<trueHeading>172.887604</trueHeading>
<magneticHeading>181.195694</magneticHeading>
<gpsHeading>171.208330</gpsHeading>
<haccuracy>4.748651</haccuracy>
<vaccuracy>6.909211</vaccuracy>
<internetconnect>2</internetconnect>
</trkpt>
<trkpt lat="36.131140" lon="138.035045">
<ele>1624.353304</ele>
<time>2026-06-19T02:20:37Z</time>
<speed>6.930697</speed>
<trueHeading>172.887604</trueHeading>
<magneticHeading>181.195694</magneticHeading>
<gpsHeading>177.059767</gpsHeading>
<haccuracy>4.748651</haccuracy>
<vaccuracy>6.943213</vaccuracy>
<internetconnect>2</internetconnect>
</trkpt>
<trkpt lat="36.131089" lon="138.035070">
<ele>1624.431674</ele>
<time>2026-06-19T02:20:38Z</time>
<speed>6.196395</speed>
<trueHeading>157.814682</trueHeading>
<magneticHeading>166.122772</magneticHeading>
<gpsHeading>158.088949</gpsHeading>
<haccuracy>4.748651</haccuracy>
<vaccuracy>6.671888</vaccuracy>
<internetconnect>2</internetconnect>
</trkpt>
<trkpt lat="36.131004" lon="138.035089">
<ele>1623.970913</ele>
<time>2026-06-19T02:20:40Z</time>
<speed>5.592976</speed>
<trueHeading>157.814682</trueHeading>
<magneticHeading>166.122772</magneticHeading>
<gpsHeading>169.410796</gpsHeading>
<haccuracy>4.748651</haccuracy>
<vaccuracy>6.749848</vaccuracy>
<internetconnect>2</internetconnect>
</trkpt>
<trkpt lat="36.130948" lon="138.035100">
<ele>1624.029517</ele>
<time>2026-06-19T02:20:42Z</time>
<speed>2.992842</speed>
<trueHeading>157.814682</trueHeading>
<magneticHeading>166.122772</magneticHeading>
<gpsHeading>171.164440</gpsHeading>
<haccuracy>4.748651</haccuracy>
<vaccuracy>6.826683</vaccuracy>
<internetconnect>2</internetconnect>
</trkpt>
<trkpt lat="36.130900" lon="138.035110">
<ele>1624.276387</ele>
<time>2026-06-19T02:21:08Z</time>
<speed>2.691375</speed>
<trueHeading>203.458801</trueHeading>
<magneticHeading>211.766891</magneticHeading>
<gpsHeading>171.164435</gpsHeading>
<haccuracy>4.748651</haccuracy>
<vaccuracy>6.251116</vaccuracy>
<internetconnect>2</internetconnect>
</trkpt>
<trkpt lat="36.130833" lon="138.035115">
<ele>1624.072417</ele>
<time>2026-06-19T02:21:11Z</time>
<speed>4.020144</speed>
<trueHeading>203.443649</trueHeading>
<magneticHeading>211.751740</magneticHeading>
<gpsHeading>176.526906</gpsHeading>
<haccuracy>4.748651</haccuracy>
<vaccuracy>6.053486</vaccuracy>
<internetconnect>2</internetconnect>
</trkpt>
<trkpt lat="36.130783" lon="138.035127">
<ele>1624.094205</ele>
<time>2026-06-19T02:21:12Z</time>
<speed>4.877364</speed>
<trueHeading>188.235352</trueHeading>
<magneticHeading>196.543442</magneticHeading>
<gpsHeading>168.898470</gpsHeading>
<haccuracy>4.748651</haccuracy>
<vaccuracy>5.927764</vaccuracy>
<internetconnect>2</internetconnect>
</trkpt>
<trkpt lat="36.130718" lon="138.035142">
<ele>1623.665033</ele>
<time>2026-06-19T02:21:22Z</time>
<speed>3.346197</speed>
<trueHeading>188.235352</trueHeading>
<magneticHeading>196.543442</magneticHeading>
<gpsHeading>168.898461</gpsHeading>
<haccuracy>4.748651</haccuracy>
<vaccuracy>6.614671</vaccuracy>
<internetconnect>2</internetconnect>
</trkpt>
<trkpt lat="36.130663" lon="138.035156">
<ele>1623.220008</ele>
<time>2026-06-19T02:21:23Z</time>
<speed>5.287233</speed>
<trueHeading>188.235352</trueHeading>
<magneticHeading>196.543442</magneticHeading>
<gpsHeading>168.898453</gpsHeading>
<haccuracy>4.748651</haccuracy>
<vaccuracy>6.457574</vaccuracy>
<internetconnect>2</internetconnect>
</trkpt>
<trkpt lat="36.130600" lon="138.035171">
<ele>1622.633465</ele>
<time>2026-06-19T02:21:24Z</time>
<speed>6.374539</speed>
<trueHeading>172.878342</trueHeading>
<magneticHeading>181.186432</magneticHeading>
<gpsHeading>168.898444</gpsHeading>
<haccuracy>4.748651</haccuracy>
<vaccuracy>6.463821</vaccuracy>
<internetconnect>2</internetconnect>
</trkpt>
<trkpt lat="36.130536" lon="138.035189">
<ele>1622.065139</ele>
<time>2026-06-19T02:21:25Z</time>
<speed>7.170510</speed>
<trueHeading>172.878342</trueHeading>
<magneticHeading>181.186432</magneticHeading>
<gpsHeading>167.151585</gpsHeading>
<haccuracy>4.748651</haccuracy>
<vaccuracy>6.925152</vaccuracy>
<internetconnect>2</internetconnect>
</trkpt>
<trkpt lat="36.130464" lon="138.035215">
<ele>1621.078905</ele>
<time>2026-06-19T02:21:26Z</time>
<speed>7.911824</speed>
<trueHeading>172.878342</trueHeading>
<magneticHeading>181.186432</magneticHeading>
<gpsHeading>163.837850</gpsHeading>
<haccuracy>4.748651</haccuracy>
<vaccuracy>7.270605</vaccuracy>
<internetconnect>2</internetconnect>
</trkpt>
<trkpt lat="36.130387" lon="138.035243">
<ele>1620.068685</ele>
<time>2026-06-19T02:21:27Z</time>
<speed>8.523651</speed>
<trueHeading>172.878342</trueHeading>
<magneticHeading>181.186432</magneticHeading>
<gpsHeading>163.837833</gpsHeading>
<haccuracy>4.748651</haccuracy>
<vaccuracy>7.438476</vaccuracy>
<internetconnect>2</internetconnect>
</trkpt>
<trkpt lat="36.130299" lon="138.035245">
<ele>1618.911677</ele>
<time>2026-06-19T02:21:28Z</time>
<speed>9.088862</speed>
<trueHeading>172.878342</trueHeading>
<magneticHeading>181.186432</magneticHeading>
<gpsHeading>178.757573</gpsHeading>
<haccuracy>4.748651</haccuracy>
<vaccuracy>7.411307</vaccuracy>
<internetconnect>2</internetconnect>
</trkpt>
<trkpt lat="36.130214" lon="138.035270">
<ele>1617.669161</ele>
<time>2026-06-19T02:21:29Z</time>
<speed>9.447762</speed>
<trueHeading>172.878342</trueHeading>
<magneticHeading>181.186432</magneticHeading>
<gpsHeading>166.664286</gpsHeading>
<haccuracy>4.748651</haccuracy>
<vaccuracy>7.245197</vaccuracy>
<internetconnect>2</internetconnect>
</trkpt>
<trkpt lat="36.130142" lon="138.035319">
<ele>1616.440504</ele>
<time>2026-06-19T02:21:30Z</time>
<speed>9.143157</speed>
<trueHeading>172.878342</trueHeading>
<magneticHeading>181.186432</magneticHeading>
<gpsHeading>151.131342</gpsHeading>
<haccuracy>4.748651</haccuracy>
<vaccuracy>7.038586</vaccuracy>
<internetconnect>2</internetconnect>
</trkpt>
<trkpt lat="36.130061" lon="138.035338">
<ele>1615.192379</ele>
<time>2026-06-19T02:21:31Z</time>
<speed>9.179479</speed>
<trueHeading>172.878342</trueHeading>
<magneticHeading>181.186432</magneticHeading>
<gpsHeading>169.426520</gpsHeading>
<haccuracy>4.748651</haccuracy>
<vaccuracy>7.164206</vaccuracy>
<internetconnect>2</internetconnect>
</trkpt>
<trkpt lat="36.129989" lon="138.035365">
<ele>1614.491151</ele>
<time>2026-06-19T02:21:32Z</time>
<speed>8.488230</speed>
<trueHeading>172.878342</trueHeading>
<magneticHeading>181.186432</magneticHeading>
<gpsHeading>163.141278</gpsHeading>
<haccuracy>4.748651</haccuracy>
<vaccuracy>6.994513</vaccuracy>
<internetconnect>2</internetconnect>
</trkpt>
<trkpt lat="36.129917" lon="138.035377">
<ele>1613.730316</ele>
<time>2026-06-19T02:21:33Z</time>
<speed>8.263145</speed>
<trueHeading>172.878342</trueHeading>
<magneticHeading>181.186432</magneticHeading>
<gpsHeading>172.093296</gpsHeading>
<haccuracy>4.748651</haccuracy>
<vaccuracy>6.855047</vaccuracy>
<internetconnect>2</internetconnect>
</trkpt>
<trkpt lat="36.129835" lon="138.035368">
<ele>1614.168395</ele>
<time>2026-06-19T02:21:34Z</time>
<speed>8.695247</speed>
<trueHeading>172.878342</trueHeading>
<magneticHeading>181.186432</magneticHeading>
<gpsHeading>184.903048</gpsHeading>
<haccuracy>4.748651</haccuracy>
<vaccuracy>6.705961</vaccuracy>
<internetconnect>2</internetconnect>
</trkpt>
<trkpt lat="36.129754" lon="138.035342">
<ele>1613.717382</ele>
<time>2026-06-19T02:21:35Z</time>
<speed>8.951940</speed>
<trueHeading>172.878342</trueHeading>
<magneticHeading>181.186432</magneticHeading>
<gpsHeading>194.694482</gpsHeading>
<haccuracy>4.748651</haccuracy>
<vaccuracy>6.423524</vaccuracy>
<internetconnect>2</internetconnect>
</trkpt>
<trkpt lat="36.129679" lon="138.035323">
<ele>1612.399018</ele>
<time>2026-06-19T02:21:36Z</time>
<speed>8.822945</speed>
<trueHeading>172.878342</trueHeading>
<magneticHeading>181.186432</magneticHeading>
<gpsHeading>191.848619</gpsHeading>
<haccuracy>4.748651</haccuracy>
<vaccuracy>6.133218</vaccuracy>
<internetconnect>2</internetconnect>
</trkpt>
<trkpt lat="36.129606" lon="138.035311">
<ele>1611.385581</ele>
<time>2026-06-19T02:21:37Z</time>
<speed>8.426295</speed>
<trueHeading>172.878342</trueHeading>
<magneticHeading>181.186432</magneticHeading>
<gpsHeading>187.588489</gpsHeading>
<haccuracy>4.748651</haccuracy>
<vaccuracy>6.397379</vaccuracy>
<internetconnect>2</internetconnect>
</trkpt>
<trkpt lat="36.129525" lon="138.035302">
<ele>1610.622407</ele>
<time>2026-06-19T02:21:38Z</time>
<speed>8.757428</speed>
<trueHeading>172.878342</trueHeading>
<magneticHeading>181.186432</magneticHeading>
<gpsHeading>184.751741</gpsHeading>
<haccuracy>4.748651</haccuracy>
<vaccuracy>6.268221</vaccuracy>
<internetconnect>2</internetconnect>
</trkpt>
<trkpt lat="36.129442" lon="138.035296">
<ele>1610.666204</ele>
<time>2026-06-19T02:21:39Z</time>
<speed>9.002798</speed>
<trueHeading>172.878342</trueHeading>
<magneticHeading>181.186432</magneticHeading>
<gpsHeading>183.341553</gpsHeading>
<haccuracy>4.748651</haccuracy>
<vaccuracy>6.122355</vaccuracy>
<internetconnect>2</internetconnect>
</trkpt>
<trkpt lat="36.129363" lon="138.035294">
<ele>1610.679448</ele>
<time>2026-06-19T02:21:40Z</time>
<speed>8.809367</speed>
<trueHeading>172.878342</trueHeading>
<magneticHeading>181.186432</magneticHeading>
<gpsHeading>181.089537</gpsHeading>
<haccuracy>4.748651</haccuracy>
<vaccuracy>6.216138</vaccuracy>
<internetconnect>2</internetconnect>
</trkpt>
<trkpt lat="36.129292" lon="138.035293">
<ele>1610.463564</ele>
<time>2026-06-19T02:21:41Z</time>
<speed>8.151466</speed>
<trueHeading>172.878342</trueHeading>
<magneticHeading>181.186432</magneticHeading>
<gpsHeading>181.148517</gpsHeading>
<haccuracy>4.748651</haccuracy>
<vaccuracy>6.163362</vaccuracy>
<internetconnect>2</internetconnect>
</trkpt>
<trkpt lat="36.129224" lon="138.035296">
<ele>1610.782044</ele>
<time>2026-06-19T02:21:42Z</time>
<speed>7.532853</speed>
<trueHeading>172.878342</trueHeading>
<magneticHeading>181.186432</magneticHeading>
<gpsHeading>177.791869</gpsHeading>
<haccuracy>4.748651</haccuracy>
<vaccuracy>6.176783</vaccuracy>
<internetconnect>2</internetconnect>
</trkpt>
<trkpt lat="36.129168" lon="138.035283">
<ele>1611.551008</ele>
<time>2026-06-19T02:21:43Z</time>
<speed>6.753594</speed>
<trueHeading>187.893127</trueHeading>
<magneticHeading>196.201218</magneticHeading>
<gpsHeading>190.883262</gpsHeading>
<haccuracy>4.748651</haccuracy>
<vaccuracy>6.231060</vaccuracy>
<internetconnect>2</internetconnect>
</trkpt>
<trkpt lat="36.129117" lon="138.035251">
<ele>1612.103783</ele>
<time>2026-06-19T02:21:44Z</time>
<speed>6.504620</speed>
<trueHeading>187.893127</trueHeading>
<magneticHeading>196.201218</magneticHeading>
<gpsHeading>206.825113</gpsHeading>
<haccuracy>4.748651</haccuracy>
<vaccuracy>6.292938</vaccuracy>
<internetconnect>2</internetconnect>
</trkpt>
<trkpt lat="36.129060" lon="138.035204">
<ele>1611.792147</ele>
<time>2026-06-19T02:21:45Z</time>
<speed>7.175542</speed>
<trueHeading>203.065933</trueHeading>
<magneticHeading>211.374023</magneticHeading>
<gpsHeading>213.621949</gpsHeading>
<haccuracy>4.748651</haccuracy>
<vaccuracy>6.287764</vaccuracy>
<internetconnect>2</internetconnect>
</trkpt>
<trkpt lat="36.129004" lon="138.035157">
<ele>1611.525163</ele>
<time>2026-06-19T02:21:46Z</time>
<speed>7.509408</speed>
<trueHeading>203.065933</trueHeading>
<magneticHeading>211.374023</magneticHeading>
<gpsHeading>213.742403</gpsHeading>
<haccuracy>4.748651</haccuracy>
<vaccuracy>6.395227</vaccuracy>
<internetconnect>2</internetconnect>
</trkpt>
<trkpt lat="36.128940" lon="138.035101">
<ele>1611.691871</ele>
<time>2026-06-19T02:21:47Z</time>
<speed>8.469154</speed>
<trueHeading>203.065933</trueHeading>
<magneticHeading>211.374023</magneticHeading>
<gpsHeading>215.248602</gpsHeading>
<haccuracy>4.748651</haccuracy>
<vaccuracy>6.294929</vaccuracy>
<internetconnect>2</internetconnect>
</trkpt>
<trkpt lat="36.128866" lon="138.035039">
<ele>1612.020905</ele>
<time>2026-06-19T02:21:48Z</time>
<speed>9.426922</speed>
<trueHeading>203.065933</trueHeading>
<magneticHeading>211.374023</magneticHeading>
<gpsHeading>214.266002</gpsHeading>
<haccuracy>4.748651</haccuracy>
<vaccuracy>6.431514</vaccuracy>
<internetconnect>2</internetconnect>
</trkpt>
<trkpt lat="36.128794" lon="138.035003">
<ele>1612.663968</ele>
<time>2026-06-19T02:21:49Z</time>
<speed>8.636361</speed>
<trueHeading>203.065933</trueHeading>
<magneticHeading>211.374023</magneticHeading>
<gpsHeading>201.974792</gpsHeading>
<haccuracy>4.748651</haccuracy>
<vaccuracy>6.345700</vaccuracy>
<internetconnect>2</internetconnect>
</trkpt>
<trkpt lat="36.128749" lon="138.034949">
<ele>1612.402049</ele>
<time>2026-06-19T02:21:50Z</time>
<speed>7.189401</speed>
<trueHeading>203.065933</trueHeading>
<magneticHeading>211.374023</magneticHeading>
<gpsHeading>224.164114</gpsHeading>
<haccuracy>4.748651</haccuracy>
<vaccuracy>6.906983</vaccuracy>
<internetconnect>2</internetconnect>
</trkpt>
<trkpt lat="36.128701" lon="138.034918">
<ele>1612.384325</ele>
<time>2026-06-19T02:21:51Z</time>
<speed>6.367061</speed>
<trueHeading>203.065933</trueHeading>
<magneticHeading>211.374023</magneticHeading>
<gpsHeading>207.847966</gpsHeading>
<haccuracy>4.748651</haccuracy>
<vaccuracy>7.166144</vaccuracy>
<internetconnect>2</internetconnect>
</trkpt>
<trkpt lat="36.128652" lon="138.034882">
<ele>1611.747693</ele>
<time>2026-06-19T02:21:52Z</time>
<speed>6.491014</speed>
<trueHeading>203.065933</trueHeading>
<magneticHeading>211.374023</magneticHeading>
<gpsHeading>210.532687</gpsHeading>
<haccuracy>4.748651</haccuracy>
<vaccuracy>7.122746</vaccuracy>
<internetconnect>2</internetconnect>
</trkpt>
<trkpt lat="36.128593" lon="138.034838">
<ele>1611.148547</ele>
<time>2026-06-19T02:21:53Z</time>
<speed>7.241416</speed>
<trueHeading>203.065933</trueHeading>
<magneticHeading>211.374023</magneticHeading>
<gpsHeading>211.364805</gpsHeading>
<haccuracy>4.748651</haccuracy>
<vaccuracy>6.766566</vaccuracy>
<internetconnect>2</internetconnect>
</trkpt>
<trkpt lat="36.128524" lon="138.034798">
<ele>1610.483974</ele>
<time>2026-06-19T02:21:54Z</time>
<speed>8.196973</speed>
<trueHeading>203.065933</trueHeading>
<magneticHeading>211.374023</magneticHeading>
<gpsHeading>204.754070</gpsHeading>
<haccuracy>4.748651</haccuracy>
<vaccuracy>6.801657</vaccuracy>
<internetconnect>2</internetconnect>
</trkpt>
<trkpt lat="36.128443" lon="138.034761">
<ele>1609.959452</ele>
<time>2026-06-19T02:21:55Z</time>
<speed>9.031659</speed>
<trueHeading>203.065933</trueHeading>
<magneticHeading>211.374023</magneticHeading>
<gpsHeading>200.333774</gpsHeading>
<haccuracy>4.748651</haccuracy>
<vaccuracy>6.625312</vaccuracy>
<internetconnect>2</internetconnect>
</trkpt>
<trkpt lat="36.128358" lon="138.034720">
<ele>1609.165269</ele>
<time>2026-06-19T02:21:56Z</time>
<speed>9.685626</speed>
<trueHeading>203.065933</trueHeading>
<magneticHeading>211.374023</magneticHeading>
<gpsHeading>201.205603</gpsHeading>
<haccuracy>4.748651</haccuracy>
<vaccuracy>6.615493</vaccuracy>
<internetconnect>2</internetconnect>
</trkpt>
<trkpt lat="36.128269" lon="138.034673">
<ele>1608.550661</ele>
<time>2026-06-19T02:21:57Z</time>
<speed>10.319023</speed>
<trueHeading>203.065933</trueHeading>
<magneticHeading>211.374023</magneticHeading>
<gpsHeading>203.041777</gpsHeading>
<haccuracy>4.748650</haccuracy>
<vaccuracy>6.573450</vaccuracy>
<internetconnect>2</internetconnect>
</trkpt>
<trkpt lat="36.128185" lon="138.034627">
<ele>1608.226622</ele>
<time>2026-06-19T02:21:58Z</time>
<speed>10.242564</speed>
<trueHeading>203.065933</trueHeading>
<magneticHeading>211.374023</magneticHeading>
<gpsHeading>204.293707</gpsHeading>
<haccuracy>4.748651</haccuracy>
<vaccuracy>6.525479</vaccuracy>
<internetconnect>2</internetconnect>
</trkpt>
<trkpt lat="36.128107" lon="138.034583">
<ele>1608.300738</ele>
<time>2026-06-19T02:21:59Z</time>
<speed>9.811527</speed>
<trueHeading>203.065933</trueHeading>
<magneticHeading>211.374023</magneticHeading>
<gpsHeading>203.944642</gpsHeading>
<haccuracy>4.748651</haccuracy>
<vaccuracy>6.520946</vaccuracy>
<internetconnect>2</internetconnect>
</trkpt>
<trkpt lat="36.128034" lon="138.034538">
<ele>1608.067357</ele>
<time>2026-06-19T02:22:00Z</time>
<speed>9.254052</speed>
<trueHeading>203.065933</trueHeading>
<magneticHeading>211.374023</magneticHeading>
<gpsHeading>206.944735</gpsHeading>
<haccuracy>4.748651</haccuracy>
<vaccuracy>6.592450</vaccuracy>
<internetconnect>2</internetconnect>
</trkpt>
<trkpt lat="36.127969" lon="138.034491">
<ele>1608.623993</ele>
<time>2026-06-19T02:22:01Z</time>
<speed>8.552259</speed>
<trueHeading>203.065933</trueHeading>
<magneticHeading>211.374023</magneticHeading>
<gpsHeading>209.850491</gpsHeading>
<haccuracy>4.748651</haccuracy>
<vaccuracy>6.548861</vaccuracy>
<internetconnect>2</internetconnect>
</trkpt>
<trkpt lat="36.127928" lon="138.034424">
<ele>1610.115487</ele>
<time>2026-06-19T02:22:02Z</time>
<speed>7.674889</speed>
<trueHeading>218.068909</trueHeading>
<magneticHeading>226.376999</magneticHeading>
<gpsHeading>233.410994</gpsHeading>
<haccuracy>4.748651</haccuracy>
<vaccuracy>6.358089</vaccuracy>
<internetconnect>2</internetconnect>
</trkpt>
<trkpt lat="36.127895" lon="138.034363">
<ele>1609.414578</ele>
<time>2026-06-19T02:22:03Z</time>
<speed>6.930128</speed>
<trueHeading>233.173630</trueHeading>
<magneticHeading>241.481720</magneticHeading>
<gpsHeading>235.557627</gpsHeading>
<haccuracy>4.748651</haccuracy>
<vaccuracy>6.389734</vaccuracy>
<internetconnect>2</internetconnect>
</trkpt>
<trkpt lat="36.127878" lon="138.034296">
<ele>1609.023454</ele>
<time>2026-06-19T02:22:04Z</time>
<speed>6.373364</speed>
<trueHeading>248.497971</trueHeading>
<magneticHeading>256.806061</magneticHeading>
<gpsHeading>253.071178</gpsHeading>
<haccuracy>4.748651</haccuracy>
<vaccuracy>6.359002</vaccuracy>
<internetconnect>2</internetconnect>
</trkpt>
<trkpt lat="36.127887" lon="138.034226">
<ele>1608.563382</ele>
<time>2026-06-19T02:22:05Z</time>
<speed>6.081005</speed>
<trueHeading>263.716003</trueHeading>
<magneticHeading>272.024109</magneticHeading>
<gpsHeading>278.927442</gpsHeading>
<haccuracy>4.748651</haccuracy>
<vaccuracy>6.420076</vaccuracy>
<internetconnect>2</internetconnect>
</trkpt>
<trkpt lat="36.127899" lon="138.034139">
<ele>1609.702735</ele>
<time>2026-06-19T02:22:06Z</time>
<speed>6.824877</speed>
<trueHeading>278.874207</trueHeading>
<magneticHeading>287.182312</magneticHeading>
<gpsHeading>279.586661</gpsHeading>
<haccuracy>4.748651</haccuracy>
<vaccuracy>6.501777</vaccuracy>
<internetconnect>2</internetconnect>
</trkpt>
<trkpt lat="36.127944" lon="138.034079">
<ele>1610.366585</ele>
<time>2026-06-19T02:22:07Z</time>
<speed>7.110083</speed>
<trueHeading>278.874207</trueHeading>
<magneticHeading>287.182312</magneticHeading>
<gpsHeading>312.629772</gpsHeading>
<haccuracy>4.748651</haccuracy>
<vaccuracy>6.514119</vaccuracy>
<internetconnect>2</internetconnect>
</trkpt>
<trkpt lat="36.127975" lon="138.034017">
<ele>1609.935300</ele>
<time>2026-06-19T02:22:08Z</time>
<speed>6.604262</speed>
<trueHeading>278.874207</trueHeading>
<magneticHeading>287.182312</magneticHeading>
<gpsHeading>301.764882</gpsHeading>
<haccuracy>4.748651</haccuracy>
<vaccuracy>6.619854</vaccuracy>
<internetconnect>2</internetconnect>
</trkpt>
<trkpt lat="36.128003" lon="138.033966">
<ele>1609.410250</ele>
<time>2026-06-19T02:22:09Z</time>
<speed>6.031508</speed>
<trueHeading>294.461792</trueHeading>
<magneticHeading>302.769897</magneticHeading>
<gpsHeading>304.560238</gpsHeading>
<haccuracy>4.748651</haccuracy>
<vaccuracy>6.355273</vaccuracy>
<internetconnect>2</internetconnect>
</trkpt>
<trkpt lat="36.128026" lon="138.033883">
<ele>1608.988389</ele>
<time>2026-06-19T02:22:10Z</time>
<speed>6.890562</speed>
<trueHeading>294.461792</trueHeading>
<magneticHeading>302.769897</magneticHeading>
<gpsHeading>288.717240</gpsHeading>
<haccuracy>4.748651</haccuracy>
<vaccuracy>7.210943</vaccuracy>
<internetconnect>2</internetconnect>
</trkpt>
<trkpt lat="36.128074" lon="138.033822">
<ele>1608.649023</ele>
<time>2026-06-19T02:22:11Z</time>
<speed>7.329154</speed>
<trueHeading>294.461792</trueHeading>
<magneticHeading>302.769897</magneticHeading>
<gpsHeading>314.252670</gpsHeading>
<haccuracy>4.748651</haccuracy>
<vaccuracy>7.126321</vaccuracy>
<internetconnect>2</internetconnect>
</trkpt>
<trkpt lat="36.128113" lon="138.033737">
<ele>1608.807935</ele>
<time>2026-06-19T02:22:12Z</time>
<speed>8.096346</speed>
<trueHeading>294.461792</trueHeading>
<magneticHeading>302.769897</magneticHeading>
<gpsHeading>299.718666</gpsHeading>
<haccuracy>4.748651</haccuracy>
<vaccuracy>6.787877</vaccuracy>
<internetconnect>2</internetconnect>
</trkpt>
<trkpt lat="36.128143" lon="138.033662">
<ele>1608.973253</ele>
<time>2026-06-19T02:22:13Z</time>
<speed>7.644454</speed>
<trueHeading>294.461792</trueHeading>
<magneticHeading>302.769897</magneticHeading>
<gpsHeading>296.444315</gpsHeading>
<haccuracy>4.748651</haccuracy>
<vaccuracy>6.217835</vaccuracy>
<internetconnect>2</internetconnect>
</trkpt>
<trkpt lat="36.128169" lon="138.033591">
<ele>1609.045069</ele>
<time>2026-06-19T02:22:14Z</time>
<speed>7.215438</speed>
<trueHeading>294.461792</trueHeading>
<magneticHeading>302.769897</magneticHeading>
<gpsHeading>294.575211</gpsHeading>
<haccuracy>4.748651</haccuracy>
<vaccuracy>6.137271</vaccuracy>
<internetconnect>2</internetconnect>
</trkpt>
<trkpt lat="36.128188" lon="138.033509">
<ele>1608.974494</ele>
<time>2026-06-19T02:22:15Z</time>
<speed>7.456944</speed>
<trueHeading>294.461792</trueHeading>
<magneticHeading>302.769897</magneticHeading>
<gpsHeading>285.623029</gpsHeading>
<haccuracy>4.748651</haccuracy>
<vaccuracy>6.619623</vaccuracy>
<internetconnect>2</internetconnect>
</trkpt>
<trkpt lat="36.128226" lon="138.033436">
<ele>1609.206297</ele>
<time>2026-06-19T02:22:16Z</time>
<speed>7.672825</speed>
<trueHeading>294.461792</trueHeading>
<magneticHeading>302.769897</magneticHeading>
<gpsHeading>302.957136</gpsHeading>
<haccuracy>4.748651</haccuracy>
<vaccuracy>6.607070</vaccuracy>
<internetconnect>2</internetconnect>
</trkpt>
<trkpt lat="36.128258" lon="138.033350">
<ele>1608.554690</ele>
<time>2026-06-19T02:22:17Z</time>
<speed>7.828247</speed>
<trueHeading>294.461792</trueHeading>
<magneticHeading>302.769897</magneticHeading>
<gpsHeading>294.507271</gpsHeading>
<haccuracy>4.748651</haccuracy>
<vaccuracy>6.595330</vaccuracy>
<internetconnect>2</internetconnect>
</trkpt>
<trkpt lat="36.128278" lon="138.033267">
<ele>1608.871949</ele>
<time>2026-06-19T02:22:18Z</time>
<speed>7.953869</speed>
<trueHeading>279.375153</trueHeading>
<magneticHeading>287.683258</magneticHeading>
<gpsHeading>286.572828</gpsHeading>
<haccuracy>4.748651</haccuracy>
<vaccuracy>6.803884</vaccuracy>
<internetconnect>2</internetconnect>
</trkpt>
<trkpt lat="36.128219" lon="138.033152">
<ele>1609.520336</ele>
<time>2026-06-19T02:22:19Z</time>
<speed>8.150921</speed>
<trueHeading>279.375153</trueHeading>
<magneticHeading>287.683258</magneticHeading>
<gpsHeading>237.628965</gpsHeading>
<haccuracy>4.748651</haccuracy>
<vaccuracy>6.691092</vaccuracy>
<internetconnect>2</internetconnect>
</trkpt>
<trkpt lat="36.128217" lon="138.033055">
<ele>1610.211275</ele>
<time>2026-06-19T02:22:20Z</time>
<speed>8.535607</speed>
<trueHeading>279.375153</trueHeading>
<magneticHeading>287.683258</magneticHeading>
<gpsHeading>268.583486</gpsHeading>
<haccuracy>4.748650</haccuracy>
<vaccuracy>6.670443</vaccuracy>
<internetconnect>2</internetconnect>
</trkpt>
<trkpt lat="36.128215" lon="138.032956">
<ele>1610.091430</ele>
<time>2026-06-19T02:22:21Z</time>
<speed>8.683882</speed>
<trueHeading>279.375153</trueHeading>
<magneticHeading>287.683258</magneticHeading>
<gpsHeading>268.270576</gpsHeading>
<haccuracy>4.748650</haccuracy>
<vaccuracy>6.449922</vaccuracy>
<internetconnect>2</internetconnect>
</trkpt>
<trkpt lat="36.128207" lon="138.032856">
<ele>1609.851842</ele>
<time>2026-06-19T02:22:22Z</time>
<speed>8.928033</speed>
<trueHeading>279.375153</trueHeading>
<magneticHeading>287.683258</magneticHeading>
<gpsHeading>264.824950</gpsHeading>
<haccuracy>4.748650</haccuracy>
<vaccuracy>6.693920</vaccuracy>
<internetconnect>2</internetconnect>
</trkpt>
<trkpt lat="36.128206" lon="138.032748">
<ele>1610.355851</ele>
<time>2026-06-19T02:22:23Z</time>
<speed>9.362603</speed>
<trueHeading>279.375153</trueHeading>
<magneticHeading>287.683258</magneticHeading>
<gpsHeading>269.229489</gpsHeading>
<haccuracy>4.748650</haccuracy>
<vaccuracy>6.588332</vaccuracy>
<internetconnect>2</internetconnect>
</trkpt>
<trkpt lat="36.128204" lon="138.032636">
<ele>1610.683686</ele>
<time>2026-06-19T02:22:24Z</time>
<speed>9.844864</speed>
<trueHeading>279.375153</trueHeading>
<magneticHeading>287.683258</magneticHeading>
<gpsHeading>268.742544</gpsHeading>
<haccuracy>4.748650</haccuracy>
<vaccuracy>6.554169</vaccuracy>
<internetconnect>2</internetconnect>
</trkpt>
<trkpt lat="36.128212" lon="138.032537">
<ele>1610.356387</ele>
<time>2026-06-19T02:22:25Z</time>
<speed>9.201909</speed>
<trueHeading>279.375153</trueHeading>
<magneticHeading>287.683258</magneticHeading>
<gpsHeading>275.822444</gpsHeading>
<haccuracy>4.748650</haccuracy>
<vaccuracy>6.575492</vaccuracy>
<internetconnect>2</internetconnect>
</trkpt>
<trkpt lat="36.128237" lon="138.032427">
<ele>1611.262376</ele>
<time>2026-06-19T02:22:26Z</time>
<speed>9.603203</speed>
<trueHeading>279.375153</trueHeading>
<magneticHeading>287.683258</magneticHeading>
<gpsHeading>285.463950</gpsHeading>
<haccuracy>4.748650</haccuracy>
<vaccuracy>6.594404</vaccuracy>
<internetconnect>2</internetconnect>
</trkpt>
<trkpt lat="36.128252" lon="138.032322">
<ele>1611.016937</ele>
<time>2026-06-19T02:22:27Z</time>
<speed>9.672719</speed>
<trueHeading>279.375153</trueHeading>
<magneticHeading>287.683258</magneticHeading>
<gpsHeading>279.935967</gpsHeading>
<haccuracy>4.748650</haccuracy>
<vaccuracy>6.424690</vaccuracy>
<internetconnect>2</internetconnect>
</trkpt>
<trkpt lat="36.128271" lon="138.032213">
<ele>1610.800030</ele>
<time>2026-06-19T02:22:28Z</time>
<speed>9.932088</speed>
<trueHeading>279.375153</trueHeading>
<magneticHeading>287.683258</magneticHeading>
<gpsHeading>282.251138</gpsHeading>
<haccuracy>4.748650</haccuracy>
<vaccuracy>6.420083</vaccuracy>
<internetconnect>2</internetconnect>
</trkpt>
<trkpt lat="36.128289" lon="138.032101">
<ele>1610.566290</ele>
<time>2026-06-19T02:22:29Z</time>
<speed>10.274286</speed>
<trueHeading>279.375153</trueHeading>
<magneticHeading>287.683258</magneticHeading>
<gpsHeading>281.442568</gpsHeading>
<haccuracy>4.748650</haccuracy>
<vaccuracy>6.408501</vaccuracy>
<internetconnect>2</internetconnect>
</trkpt>
<trkpt lat="36.128306" lon="138.031994">
<ele>1610.126736</ele>
<time>2026-06-19T02:22:30Z</time>
<speed>10.320393</speed>
<trueHeading>279.375153</trueHeading>
<magneticHeading>287.683258</magneticHeading>
<gpsHeading>281.131737</gpsHeading>
<haccuracy>4.748650</haccuracy>
<vaccuracy>6.244783</vaccuracy>
<internetconnect>2</internetconnect>
</trkpt>
<trkpt lat="36.128324" lon="138.031879">
<ele>1609.584876</ele>
<time>2026-06-19T02:22:31Z</time>
<speed>10.543362</speed>
<trueHeading>279.375153</trueHeading>
<magneticHeading>287.683258</magneticHeading>
<gpsHeading>280.654774</gpsHeading>
<haccuracy>4.748650</haccuracy>
<vaccuracy>6.106051</vaccuracy>
<internetconnect>2</internetconnect>
</trkpt>
<trkpt lat="36.128340" lon="138.031757">
<ele>1608.989844</ele>
<time>2026-06-19T02:22:32Z</time>
<speed>10.733840</speed>
<trueHeading>279.375153</trueHeading>
<magneticHeading>287.683258</magneticHeading>
<gpsHeading>279.123862</gpsHeading>
<haccuracy>4.748650</haccuracy>
<vaccuracy>6.080670</vaccuracy>
<internetconnect>2</internetconnect>
</trkpt>
<trkpt lat="36.128371" lon="138.031637">
<ele>1608.993633</ele>
<time>2026-06-19T02:22:33Z</time>
<speed>10.843355</speed>
<trueHeading>279.375153</trueHeading>
<magneticHeading>287.683258</magneticHeading>
<gpsHeading>287.865165</gpsHeading>
<haccuracy>4.748650</haccuracy>
<vaccuracy>6.120296</vaccuracy>
<internetconnect>2</internetconnect>
</trkpt>
<trkpt lat="36.128392" lon="138.031523">
<ele>1608.608293</ele>
<time>2026-06-19T02:22:34Z</time>
<speed>10.542681</speed>
<trueHeading>279.375153</trueHeading>
<magneticHeading>287.683258</magneticHeading>
<gpsHeading>282.817984</gpsHeading>
<haccuracy>4.748650</haccuracy>
<vaccuracy>6.033867</vaccuracy>
<internetconnect>2</internetconnect>
</trkpt>
<trkpt lat="36.128414" lon="138.031423">
<ele>1608.565413</ele>
<time>2026-06-19T02:22:35Z</time>
<speed>9.810415</speed>
<trueHeading>279.375153</trueHeading>
<magneticHeading>287.683258</magneticHeading>
<gpsHeading>285.557747</gpsHeading>
<haccuracy>4.748650</haccuracy>
<vaccuracy>6.021718</vaccuracy>
<internetconnect>2</internetconnect>
</trkpt>
<trkpt lat="36.128446" lon="138.031347">
<ele>1608.001413</ele>
<time>2026-06-19T02:22:36Z</time>
<speed>8.014497</speed>
<trueHeading>279.375153</trueHeading>
<magneticHeading>287.683258</magneticHeading>
<gpsHeading>296.945741</gpsHeading>
<haccuracy>4.748650</haccuracy>
<vaccuracy>6.159104</vaccuracy>
<internetconnect>2</internetconnect>
</trkpt>
<trkpt lat="36.128414" lon="138.031276">
<ele>1608.363131</ele>
<time>2026-06-19T02:22:42Z</time>
<speed>2.919963</speed>
<trueHeading>279.375153</trueHeading>
<magneticHeading>287.683258</magneticHeading>
<gpsHeading>241.227967</gpsHeading>
<haccuracy>4.748651</haccuracy>
<vaccuracy>6.311186</vaccuracy>
<internetconnect>2</internetconnect>
</trkpt>
<trkpt lat="36.128414" lon="138.031216">
<ele>1608.406483</ele>
<time>2026-06-19T02:22:43Z</time>
<speed>4.867399</speed>
<trueHeading>279.375153</trueHeading>
<magneticHeading>287.683258</magneticHeading>
<gpsHeading>270.070894</gpsHeading>
<haccuracy>4.748651</haccuracy>
<vaccuracy>6.700475</vaccuracy>
<internetconnect>2</internetconnect>
</trkpt>
<trkpt lat="36.128406" lon="138.031144">
<ele>1608.162402</ele>
<time>2026-06-19T02:22:44Z</time>
<speed>6.267699</speed>
<trueHeading>264.332092</trueHeading>
<magneticHeading>272.640198</magneticHeading>
<gpsHeading>262.112480</gpsHeading>
<haccuracy>4.748650</haccuracy>
<vaccuracy>6.923568</vaccuracy>
<internetconnect>2</internetconnect>
</trkpt>
<trkpt lat="36.128389" lon="138.031072">
<ele>1608.271300</ele>
<time>2026-06-19T02:22:45Z</time>
<speed>6.379164</speed>
<trueHeading>264.332092</trueHeading>
<magneticHeading>272.640198</magneticHeading>
<gpsHeading>253.135083</gpsHeading>
<haccuracy>4.748650</haccuracy>
<vaccuracy>6.996039</vaccuracy>
<internetconnect>2</internetconnect>
</trkpt>
<trkpt lat="36.128371" lon="138.031004">
<ele>1607.735049</ele>
<time>2026-06-19T02:22:46Z</time>
<speed>6.527874</speed>
<trueHeading>264.332092</trueHeading>
<magneticHeading>272.640198</magneticHeading>
<gpsHeading>252.598221</gpsHeading>
<haccuracy>4.748650</haccuracy>
<vaccuracy>7.043342</vaccuracy>
<internetconnect>2</internetconnect>
</trkpt>
<trkpt lat="36.128348" lon="138.030921">
<ele>1607.435974</ele>
<time>2026-06-19T02:22:47Z</time>
<speed>7.618622</speed>
<trueHeading>264.332092</trueHeading>
<magneticHeading>272.640198</magneticHeading>
<gpsHeading>250.873896</gpsHeading>
<haccuracy>4.748650</haccuracy>
<vaccuracy>7.057593</vaccuracy>
<internetconnect>2</internetconnect>
</trkpt>
<trkpt lat="36.128326" lon="138.030838">
<ele>1606.833153</ele>
<time>2026-06-19T02:22:48Z</time>
<speed>7.758927</speed>
<trueHeading>264.332092</trueHeading>
<magneticHeading>272.640198</magneticHeading>
<gpsHeading>251.307651</gpsHeading>
<haccuracy>4.748650</haccuracy>
<vaccuracy>7.059350</vaccuracy>
<internetconnect>2</internetconnect>
</trkpt>
<trkpt lat="36.128319" lon="138.030744">
<ele>1606.260751</ele>
<time>2026-06-19T02:22:49Z</time>
<speed>8.489778</speed>
<trueHeading>264.332092</trueHeading>
<magneticHeading>272.640198</magneticHeading>
<gpsHeading>264.758078</gpsHeading>
<haccuracy>4.748650</haccuracy>
<vaccuracy>6.909169</vaccuracy>
<internetconnect>2</internetconnect>
</trkpt>
<trkpt lat="36.128327" lon="138.030643">
<ele>1605.486067</ele>
<time>2026-06-19T02:22:50Z</time>
<speed>8.995068</speed>
<trueHeading>264.332092</trueHeading>
<magneticHeading>272.640198</magneticHeading>
<gpsHeading>275.655395</gpsHeading>
<haccuracy>4.748650</haccuracy>
<vaccuracy>6.925716</vaccuracy>
<internetconnect>2</internetconnect>
</trkpt>
<trkpt lat="36.128340" lon="138.030537">
<ele>1604.603734</ele>
<time>2026-06-19T02:22:51Z</time>
<speed>9.529728</speed>
<trueHeading>279.355408</trueHeading>
<magneticHeading>287.663513</magneticHeading>
<gpsHeading>279.095808</gpsHeading>
<haccuracy>4.748650</haccuracy>
<vaccuracy>6.996392</vaccuracy>
<internetconnect>2</internetconnect>
</trkpt>
<trkpt lat="36.128362" lon="138.030434">
<ele>1603.793961</ele>
<time>2026-06-19T02:22:52Z</time>
<speed>9.459021</speed>
<trueHeading>279.355408</trueHeading>
<magneticHeading>287.663513</magneticHeading>
<gpsHeading>284.501513</gpsHeading>
<haccuracy>4.748650</haccuracy>
<vaccuracy>6.968322</vaccuracy>
<internetconnect>2</internetconnect>
</trkpt>
<trkpt lat="36.128381" lon="138.030331">
<ele>1602.946096</ele>
<time>2026-06-19T02:22:53Z</time>
<speed>9.346577</speed>
<trueHeading>279.355408</trueHeading>
<magneticHeading>287.663513</magneticHeading>
<gpsHeading>282.930619</gpsHeading>
<haccuracy>4.748650</haccuracy>
<vaccuracy>6.921443</vaccuracy>
<internetconnect>2</internetconnect>
</trkpt>
<trkpt lat="36.128398" lon="138.030244">
<ele>1602.882416</ele>
<time>2026-06-19T02:22:54Z</time>
<speed>8.191117</speed>
<trueHeading>279.355408</trueHeading>
<magneticHeading>287.663513</magneticHeading>
<gpsHeading>283.711203</gpsHeading>
<haccuracy>4.748650</haccuracy>
<vaccuracy>6.765356</vaccuracy>
<internetconnect>2</internetconnect>
</trkpt>
<trkpt lat="36.128408" lon="138.030155">
<ele>1602.893027</ele>
<time>2026-06-19T02:22:55Z</time>
<speed>8.066158</speed>
<trueHeading>279.355408</trueHeading>
<magneticHeading>287.663513</magneticHeading>
<gpsHeading>277.668242</gpsHeading>
<haccuracy>4.748650</haccuracy>
<vaccuracy>6.688780</vaccuracy>
<internetconnect>2</internetconnect>
</trkpt>
<trkpt lat="36.128407" lon="138.030055">
<ele>1602.266537</ele>
<time>2026-06-19T02:22:56Z</time>
<speed>8.806641</speed>
<trueHeading>279.355408</trueHeading>
<magneticHeading>287.663513</magneticHeading>
<gpsHeading>269.557154</gpsHeading>
<haccuracy>4.748650</haccuracy>
<vaccuracy>6.587789</vaccuracy>
<internetconnect>2</internetconnect>
</trkpt>
<trkpt lat="36.128402" lon="138.029942">
<ele>1601.060057</ele>
<time>2026-06-19T02:22:57Z</time>
<speed>9.800703</speed>
<trueHeading>264.329590</trueHeading>
<magneticHeading>272.637695</magneticHeading>
<gpsHeading>266.851172</gpsHeading>
<haccuracy>4.748650</haccuracy>
<vaccuracy>6.641102</vaccuracy>
<internetconnect>2</internetconnect>
</trkpt>
<trkpt lat="36.128389" lon="138.029823">
<ele>1599.577807</ele>
<time>2026-06-19T02:22:58Z</time>
<speed>10.581016</speed>
<trueHeading>264.329590</trueHeading>
<magneticHeading>272.637695</magneticHeading>
<gpsHeading>262.204320</gpsHeading>
<haccuracy>4.748650</haccuracy>
<vaccuracy>6.569478</vaccuracy>
<internetconnect>2</internetconnect>
</trkpt>
<trkpt lat="36.128375" lon="138.029698">
<ele>1598.428324</ele>
<time>2026-06-19T02:22:59Z</time>
<speed>11.005303</speed>
<trueHeading>264.329590</trueHeading>
<magneticHeading>272.637695</magneticHeading>
<gpsHeading>262.176988</gpsHeading>
<haccuracy>4.748650</haccuracy>
<vaccuracy>6.482154</vaccuracy>
<internetconnect>2</internetconnect>
</trkpt>
<trkpt lat="36.128376" lon="138.029567">
<ele>1596.787496</ele>
<time>2026-06-19T02:23:00Z</time>
<speed>11.605208</speed>
<trueHeading>264.329590</trueHeading>
<magneticHeading>272.637695</magneticHeading>
<gpsHeading>270.344260</gpsHeading>
<haccuracy>4.748650</haccuracy>
<vaccuracy>6.339259</vaccuracy>
<internetconnect>2</internetconnect>
</trkpt>
<trkpt lat="36.128378" lon="138.029429">
<ele>1595.451726</ele>
<time>2026-06-19T02:23:01Z</time>
<speed>12.338516</speed>
<trueHeading>264.329590</trueHeading>
<magneticHeading>272.637695</magneticHeading>
<gpsHeading>271.236029</gpsHeading>
<haccuracy>4.748650</haccuracy>
<vaccuracy>6.322203</vaccuracy>
<internetconnect>2</internetconnect>
</trkpt>
<trkpt lat="36.128380" lon="138.029283">
<ele>1594.536812</ele>
<time>2026-06-19T02:23:02Z</time>
<speed>12.883819</speed>
<trueHeading>264.329590</trueHeading>
<magneticHeading>272.637695</magneticHeading>
<gpsHeading>270.637285</gpsHeading>
<haccuracy>4.748650</haccuracy>
<vaccuracy>6.230635</vaccuracy>
<internetconnect>2</internetconnect>
</trkpt>
<trkpt lat="36.128384" lon="138.029151">
<ele>1593.232214</ele>
<time>2026-06-19T02:23:03Z</time>
<speed>12.016533</speed>
<trueHeading>264.329590</trueHeading>
<magneticHeading>272.637695</magneticHeading>
<gpsHeading>272.180720</gpsHeading>
<haccuracy>4.748650</haccuracy>
<vaccuracy>6.425922</vaccuracy>
<internetconnect>2</internetconnect>
</trkpt>
<trkpt lat="36.128384" lon="138.029036">
<ele>1591.870019</ele>
<time>2026-06-19T02:23:04Z</time>
<speed>10.767455</speed>
<trueHeading>264.329590</trueHeading>
<magneticHeading>272.637695</magneticHeading>
<gpsHeading>270.129003</gpsHeading>
<haccuracy>4.748650</haccuracy>
<vaccuracy>6.397072</vaccuracy>
<internetconnect>2</internetconnect>
</trkpt>
<trkpt lat="36.128381" lon="138.028919">
<ele>1590.923662</ele>
<time>2026-06-19T02:23:05Z</time>
<speed>10.512526</speed>
<trueHeading>264.329590</trueHeading>
<magneticHeading>272.637695</magneticHeading>
<gpsHeading>268.164640</gpsHeading>
<haccuracy>4.748650</haccuracy>
<vaccuracy>6.399990</vaccuracy>
<internetconnect>2</internetconnect>
</trkpt>
<trkpt lat="36.128380" lon="138.028805">
<ele>1589.378702</ele>
<time>2026-06-19T02:23:06Z</time>
<speed>10.295717</speed>
<trueHeading>264.329590</trueHeading>
<magneticHeading>272.637695</magneticHeading>
<gpsHeading>269.673052</gpsHeading>
<haccuracy>4.748650</haccuracy>
<vaccuracy>6.380044</vaccuracy>
<internetconnect>2</internetconnect>
</trkpt>
<trkpt lat="36.128355" lon="138.028698">
<ele>1587.990885</ele>
<time>2026-06-19T02:23:07Z</time>
<speed>10.356992</speed>
<trueHeading>264.329590</trueHeading>
<magneticHeading>272.637695</magneticHeading>
<gpsHeading>254.014536</gpsHeading>
<haccuracy>4.748650</haccuracy>
<vaccuracy>6.418281</vaccuracy>
<internetconnect>2</internetconnect>
</trkpt>
<trkpt lat="36.128348" lon="138.028576">
<ele>1586.463079</ele>
<time>2026-06-19T02:23:08Z</time>
<speed>10.617389</speed>
<trueHeading>264.329590</trueHeading>
<magneticHeading>272.637695</magneticHeading>
<gpsHeading>265.954636</gpsHeading>
<haccuracy>4.748649</haccuracy>
<vaccuracy>6.390688</vaccuracy>
<internetconnect>2</internetconnect>
</trkpt>
<trkpt lat="36.128326" lon="138.028455">
<ele>1585.108555</ele>
<time>2026-06-19T02:23:09Z</time>
<speed>11.073360</speed>
<trueHeading>264.329590</trueHeading>
<magneticHeading>272.637695</magneticHeading>
<gpsHeading>257.193066</gpsHeading>
<haccuracy>4.748650</haccuracy>
<vaccuracy>6.272477</vaccuracy>
<internetconnect>2</internetconnect>
</trkpt>
<trkpt lat="36.128303" lon="138.028324">
<ele>1583.876698</ele>
<time>2026-06-19T02:23:10Z</time>
<speed>11.884981</speed>
<trueHeading>264.329590</trueHeading>
<magneticHeading>272.637695</magneticHeading>
<gpsHeading>257.546249</gpsHeading>
<haccuracy>4.748650</haccuracy>
<vaccuracy>6.200606</vaccuracy>
<internetconnect>2</internetconnect>
</trkpt>
<trkpt lat="36.128258" lon="138.028195">
<ele>1582.371592</ele>
<time>2026-06-19T02:23:11Z</time>
<speed>12.447185</speed>
<trueHeading>264.329590</trueHeading>
<magneticHeading>272.637695</magneticHeading>
<gpsHeading>246.531756</gpsHeading>
<haccuracy>4.748650</haccuracy>
<vaccuracy>6.125763</vaccuracy>
<internetconnect>2</internetconnect>
</trkpt>
<trkpt lat="36.128223" lon="138.028059">
<ele>1581.336000</ele>
<time>2026-06-19T02:23:12Z</time>
<speed>12.724122</speed>
<trueHeading>264.329590</trueHeading>
<magneticHeading>272.637695</magneticHeading>
<gpsHeading>252.289263</gpsHeading>
<haccuracy>4.748648</haccuracy>
<vaccuracy>7.481039</vaccuracy>
<internetconnect>2</internetconnect>
</trkpt>
<trkpt lat="36.128190" lon="138.027933">
<ele>1579.813507</ele>
<time>2026-06-19T02:23:13Z</time>
<speed>11.785067</speed>
<trueHeading>264.329590</trueHeading>
<magneticHeading>272.637695</magneticHeading>
<gpsHeading>252.289270</gpsHeading>
<haccuracy>4.748648</haccuracy>
<vaccuracy>7.975118</vaccuracy>
<internetconnect>2</internetconnect>
</trkpt>
<trkpt lat="36.128178" lon="138.027825">
<ele>1578.318928</ele>
<time>2026-06-19T02:23:14Z</time>
<speed>10.057741</speed>
<trueHeading>264.329590</trueHeading>
<magneticHeading>272.637695</magneticHeading>
<gpsHeading>262.306792</gpsHeading>
<haccuracy>4.748649</haccuracy>
<vaccuracy>7.644933</vaccuracy>
<internetconnect>2</internetconnect>
</trkpt>
<trkpt lat="36.128161" lon="138.027728">
<ele>1577.089284</ele>
<time>2026-06-19T02:23:15Z</time>
<speed>9.227113</speed>
<trueHeading>264.329590</trueHeading>
<magneticHeading>272.637695</magneticHeading>
<gpsHeading>257.338708</gpsHeading>
<haccuracy>4.748649</haccuracy>
<vaccuracy>7.392207</vaccuracy>
<internetconnect>2</internetconnect>
</trkpt>
<trkpt lat="36.128163" lon="138.027621">
<ele>1575.983522</ele>
<time>2026-06-19T02:23:16Z</time>
<speed>9.489300</speed>
<trueHeading>264.329590</trueHeading>
<magneticHeading>272.637695</magneticHeading>
<gpsHeading>271.549189</gpsHeading>
<haccuracy>4.748649</haccuracy>
<vaccuracy>7.219446</vaccuracy>
<internetconnect>2</internetconnect>
</trkpt>
<trkpt lat="36.128167" lon="138.027513">
<ele>1574.957053</ele>
<time>2026-06-19T02:23:17Z</time>
<speed>9.359633</speed>
<trueHeading>264.329590</trueHeading>
<magneticHeading>272.637695</magneticHeading>
<gpsHeading>272.540454</gpsHeading>
<haccuracy>4.748650</haccuracy>
<vaccuracy>7.152183</vaccuracy>
<internetconnect>2</internetconnect>
</trkpt>
<trkpt lat="36.128167" lon="138.027419">
<ele>1574.232724</ele>
<time>2026-06-19T02:23:18Z</time>
<speed>8.635140</speed>
<trueHeading>264.329590</trueHeading>
<magneticHeading>272.637695</magneticHeading>
<gpsHeading>269.962323</gpsHeading>
<haccuracy>4.748650</haccuracy>
<vaccuracy>6.983716</vaccuracy>
<internetconnect>2</internetconnect>
</trkpt>
<trkpt lat="36.128155" lon="138.027330">
<ele>1573.056156</ele>
<time>2026-06-19T02:23:19Z</time>
<speed>8.001793</speed>
<trueHeading>264.329590</trueHeading>
<magneticHeading>272.637695</magneticHeading>
<gpsHeading>260.997601</gpsHeading>
<haccuracy>4.748650</haccuracy>
<vaccuracy>7.024671</vaccuracy>
<internetconnect>2</internetconnect>
</trkpt>
<trkpt lat="36.128120" lon="138.027255">
<ele>1572.220401</ele>
<time>2026-06-19T02:23:20Z</time>
<speed>7.564758</speed>
<trueHeading>234.284195</trueHeading>
<magneticHeading>242.592285</magneticHeading>
<gpsHeading>239.684254</gpsHeading>
<haccuracy>4.748650</haccuracy>
<vaccuracy>6.892647</vaccuracy>
<internetconnect>2</internetconnect>
</trkpt>
<trkpt lat="36.128069" lon="138.027207">
<ele>1571.537418</ele>
<time>2026-06-19T02:23:21Z</time>
<speed>6.939428</speed>
<trueHeading>219.024170</trueHeading>
<magneticHeading>227.332260</magneticHeading>
<gpsHeading>217.204371</gpsHeading>
<haccuracy>4.748650</haccuracy>
<vaccuracy>6.715665</vaccuracy>
<internetconnect>2</internetconnect>
</trkpt>
<trkpt lat="36.128012" lon="138.027188">
<ele>1571.149898</ele>
<time>2026-06-19T02:23:22Z</time>
<speed>6.550168</speed>
<trueHeading>188.916748</trueHeading>
<magneticHeading>197.224838</magneticHeading>
<gpsHeading>195.201714</gpsHeading>
<haccuracy>4.748651</haccuracy>
<vaccuracy>5.919911</vaccuracy>
<internetconnect>2</internetconnect>
</trkpt>
<trkpt lat="36.127960" lon="138.027268">
<ele>1570.261810</ele>
<time>2026-06-19T02:23:23Z</time>
<speed>7.058002</speed>
<trueHeading>173.533112</trueHeading>
<magneticHeading>181.841202</magneticHeading>
<gpsHeading>128.791920</gpsHeading>
<haccuracy>4.748651</haccuracy>
<vaccuracy>5.929496</vaccuracy>
<internetconnect>2</internetconnect>
</trkpt>
<trkpt lat="36.127900" lon="138.027305">
<ele>1569.523898</ele>
<time>2026-06-19T02:23:24Z</time>
<speed>7.831572</speed>
<trueHeading>173.533112</trueHeading>
<magneticHeading>181.841202</magneticHeading>
<gpsHeading>152.942486</gpsHeading>
<haccuracy>4.748651</haccuracy>
<vaccuracy>5.622737</vaccuracy>
<internetconnect>2</internetconnect>
</trkpt>
<trkpt lat="36.127828" lon="138.027348">
<ele>1568.744610</ele>
<time>2026-06-19T02:23:25Z</time>
<speed>8.527142</speed>
<trueHeading>158.506271</trueHeading>
<magneticHeading>166.814362</magneticHeading>
<gpsHeading>154.280679</gpsHeading>
<haccuracy>4.748651</haccuracy>
<vaccuracy>5.331996</vaccuracy>
<internetconnect>2</internetconnect>
</trkpt>
<trkpt lat="36.127743" lon="138.027385">
<ele>1567.588520</ele>
<time>2026-06-19T02:23:26Z</time>
<speed>9.200534</speed>
<trueHeading>158.506271</trueHeading>
<magneticHeading>166.814362</magneticHeading>
<gpsHeading>160.543797</gpsHeading>
<haccuracy>4.748651</haccuracy>
<vaccuracy>4.954817</vaccuracy>
<internetconnect>2</internetconnect>
</trkpt>
<trkpt lat="36.127657" lon="138.027422">
<ele>1566.187787</ele>
<time>2026-06-19T02:23:27Z</time>
<speed>9.838783</speed>
<trueHeading>158.506271</trueHeading>
<magneticHeading>166.814362</magneticHeading>
<gpsHeading>160.994598</gpsHeading>
<haccuracy>4.748651</haccuracy>
<vaccuracy>4.942747</vaccuracy>
<internetconnect>2</internetconnect>
</trkpt>
<trkpt lat="36.127568" lon="138.027451">
<ele>1565.202039</ele>
<time>2026-06-19T02:23:28Z</time>
<speed>9.974252</speed>
<trueHeading>158.506271</trueHeading>
<magneticHeading>166.814362</magneticHeading>
<gpsHeading>165.396566</gpsHeading>
<haccuracy>4.748651</haccuracy>
<vaccuracy>4.827737</vaccuracy>
<internetconnect>2</internetconnect>
</trkpt>
<trkpt lat="36.127482" lon="138.027479">
<ele>1564.236404</ele>
<time>2026-06-19T02:23:29Z</time>
<speed>9.977994</speed>
<trueHeading>158.506271</trueHeading>
<magneticHeading>166.814362</magneticHeading>
<gpsHeading>165.222358</gpsHeading>
<haccuracy>4.748651</haccuracy>
<vaccuracy>4.807245</vaccuracy>
<internetconnect>2</internetconnect>
</trkpt>
<trkpt lat="36.127398" lon="138.027495">
<ele>1562.862578</ele>
<time>2026-06-19T02:23:30Z</time>
<speed>9.008339</speed>
<trueHeading>158.506271</trueHeading>
<magneticHeading>166.814362</magneticHeading>
<gpsHeading>170.867835</gpsHeading>
<haccuracy>4.748651</haccuracy>
<vaccuracy>4.645928</vaccuracy>
<internetconnect>2</internetconnect>
</trkpt>
<trkpt lat="36.127333" lon="138.027501">
<ele>1562.349581</ele>
<time>2026-06-19T02:23:31Z</time>
<speed>7.945837</speed>
<trueHeading>173.539169</trueHeading>
<magneticHeading>181.847260</magneticHeading>
<gpsHeading>176.413541</gpsHeading>
<haccuracy>4.748651</haccuracy>
<vaccuracy>4.674552</vaccuracy>
<internetconnect>2</internetconnect>
</trkpt>
<trkpt lat="36.127266" lon="138.027432">
<ele>1561.207400</ele>
<time>2026-06-19T02:23:32Z</time>
<speed>7.497749</speed>
<trueHeading>203.876938</trueHeading>
<magneticHeading>212.185028</magneticHeading>
<gpsHeading>219.662406</gpsHeading>
<haccuracy>4.748651</haccuracy>
<vaccuracy>4.642541</vaccuracy>
<internetconnect>2</internetconnect>
</trkpt>
<trkpt lat="36.127224" lon="138.027361">
<ele>1560.222914</ele>
<time>2026-06-19T02:23:33Z</time>
<speed>7.205848</speed>
<trueHeading>249.853378</trueHeading>
<magneticHeading>258.161469</magneticHeading>
<gpsHeading>233.954103</gpsHeading>
<haccuracy>4.748651</haccuracy>
<vaccuracy>4.682662</vaccuracy>
<internetconnect>2</internetconnect>
</trkpt>
<trkpt lat="36.127263" lon="138.027265">
<ele>1558.928934</ele>
<time>2026-06-19T02:23:34Z</time>
<speed>7.129382</speed>
<trueHeading>264.890900</trueHeading>
<magneticHeading>273.199005</magneticHeading>
<gpsHeading>296.734695</gpsHeading>
<haccuracy>4.748651</haccuracy>
<vaccuracy>4.955659</vaccuracy>
<internetconnect>2</internetconnect>
</trkpt>
<trkpt lat="36.127287" lon="138.027189">
<ele>1558.581396</ele>
<time>2026-06-19T02:23:35Z</time>
<speed>7.139850</speed>
<trueHeading>279.997253</trueHeading>
<magneticHeading>288.305359</magneticHeading>
<gpsHeading>291.532988</gpsHeading>
<haccuracy>4.748651</haccuracy>
<vaccuracy>5.126543</vaccuracy>
<internetconnect>2</internetconnect>
</trkpt>
<trkpt lat="36.127310" lon="138.027117">
<ele>1557.666098</ele>
<time>2026-06-19T02:23:36Z</time>
<speed>7.361396</speed>
<trueHeading>295.034698</trueHeading>
<magneticHeading>303.342804</magneticHeading>
<gpsHeading>291.059596</gpsHeading>
<haccuracy>4.748651</haccuracy>
<vaccuracy>5.210240</vaccuracy>
<internetconnect>2</internetconnect>
</trkpt>
<trkpt lat="36.127372" lon="138.027054">
<ele>1556.660301</ele>
<time>2026-06-19T02:23:37Z</time>
<speed>8.184377</speed>
<trueHeading>295.034698</trueHeading>
<magneticHeading>303.342804</magneticHeading>
<gpsHeading>320.636539</gpsHeading>
<haccuracy>4.748651</haccuracy>
<vaccuracy>5.250397</vaccuracy>
<internetconnect>2</internetconnect>
</trkpt>
<trkpt lat="36.127449" lon="138.026989">
<ele>1556.166923</ele>
<time>2026-06-19T02:23:38Z</time>
<speed>9.574730</speed>
<trueHeading>310.152527</trueHeading>
<magneticHeading>318.460632</magneticHeading>
<gpsHeading>326.064818</gpsHeading>
<haccuracy>4.748651</haccuracy>
<vaccuracy>5.247656</vaccuracy>
<internetconnect>2</internetconnect>
</trkpt>
<trkpt lat="36.127533" lon="138.026926">
<ele>1554.713848</ele>
<time>2026-06-19T02:23:39Z</time>
<speed>10.429905</speed>
<trueHeading>310.152527</trueHeading>
<magneticHeading>318.460632</magneticHeading>
<gpsHeading>328.778248</gpsHeading>
<haccuracy>4.748651</haccuracy>
<vaccuracy>5.255735</vaccuracy>
<internetconnect>2</internetconnect>
</trkpt>
<trkpt lat="36.127620" lon="138.026871">
<ele>1553.896722</ele>
<time>2026-06-19T02:23:40Z</time>
<speed>10.547703</speed>
<trueHeading>310.152527</trueHeading>
<magneticHeading>318.460632</magneticHeading>
<gpsHeading>332.724354</gpsHeading>
<haccuracy>4.748651</haccuracy>
<vaccuracy>5.344167</vaccuracy>
<internetconnect>2</internetconnect>
</trkpt>
<trkpt lat="36.127717" lon="138.026847">
<ele>1553.441121</ele>
<time>2026-06-19T02:23:41Z</time>
<speed>10.357188</speed>
<trueHeading>325.915375</trueHeading>
<magneticHeading>334.223480</magneticHeading>
<gpsHeading>349.003565</gpsHeading>
<haccuracy>4.748652</haccuracy>
<vaccuracy>5.476314</vaccuracy>
<internetconnect>2</internetconnect>
</trkpt>
<trkpt lat="36.127807" lon="138.026837">
<ele>1552.498446</ele>
<time>2026-06-19T02:23:42Z</time>
<speed>10.024772</speed>
<trueHeading>325.915375</trueHeading>
<magneticHeading>334.223480</magneticHeading>
<gpsHeading>354.785300</gpsHeading>
<haccuracy>4.748652</haccuracy>
<vaccuracy>5.529612</vaccuracy>
<internetconnect>2</internetconnect>
</trkpt>
<trkpt lat="36.127893" lon="138.026826">
<ele>1551.765944</ele>
<time>2026-06-19T02:23:43Z</time>
<speed>9.808163</speed>
<trueHeading>341.741516</trueHeading>
<magneticHeading>350.049622</magneticHeading>
<gpsHeading>353.938065</gpsHeading>
<haccuracy>4.748652</haccuracy>
<vaccuracy>5.496687</vaccuracy>
<internetconnect>2</internetconnect>
</trkpt>
<trkpt lat="36.127967" lon="138.026811">
<ele>1551.096294</ele>
<time>2026-06-19T02:23:44Z</time>
<speed>8.708588</speed>
<trueHeading>341.741516</trueHeading>
<magneticHeading>350.049622</magneticHeading>
<gpsHeading>350.490875</gpsHeading>
<haccuracy>4.748652</haccuracy>
<vaccuracy>5.421342</vaccuracy>
<internetconnect>2</internetconnect>
</trkpt>
<trkpt lat="36.128027" lon="138.026797">
<ele>1550.424409</ele>
<time>2026-06-19T02:23:45Z</time>
<speed>7.376199</speed>
<trueHeading>341.741516</trueHeading>
<magneticHeading>350.049622</magneticHeading>
<gpsHeading>349.962067</gpsHeading>
<haccuracy>4.748652</haccuracy>
<vaccuracy>5.265597</vaccuracy>
<internetconnect>2</internetconnect>
</trkpt>
<trkpt lat="36.128085" lon="138.026767">
<ele>1549.741177</ele>
<time>2026-06-19T02:23:46Z</time>
<speed>6.950588</speed>
<trueHeading>326.604279</trueHeading>
<magneticHeading>334.912384</magneticHeading>
<gpsHeading>336.582486</gpsHeading>
<haccuracy>4.748651</haccuracy>
<vaccuracy>5.198958</vaccuracy>
<internetconnect>2</internetconnect>
</trkpt>
<trkpt lat="36.128129" lon="138.026706">
<ele>1549.444956</ele>
<time>2026-06-19T02:23:47Z</time>
<speed>6.703795</speed>
<trueHeading>311.286560</trueHeading>
<magneticHeading>319.594666</magneticHeading>
<gpsHeading>312.494343</gpsHeading>
<haccuracy>4.748651</haccuracy>
<vaccuracy>5.616041</vaccuracy>
<internetconnect>2</internetconnect>
</trkpt>
<trkpt lat="36.128157" lon="138.026640">
<ele>1547.908815</ele>
<time>2026-06-19T02:23:48Z</time>
<speed>6.644442</speed>
<trueHeading>296.252258</trueHeading>
<magneticHeading>304.560364</magneticHeading>
<gpsHeading>297.692016</gpsHeading>
<haccuracy>4.748651</haccuracy>
<vaccuracy>5.782686</vaccuracy>
<internetconnect>2</internetconnect>
</trkpt>
<trkpt lat="36.128161" lon="138.026560">
<ele>1546.857642</ele>
<time>2026-06-19T02:23:49Z</time>
<speed>6.738576</speed>
<trueHeading>265.843414</trueHeading>
<magneticHeading>274.151520</magneticHeading>
<gpsHeading>273.161816</gpsHeading>
<haccuracy>4.748650</haccuracy>
<vaccuracy>5.830084</vaccuracy>
<internetconnect>2</internetconnect>
</trkpt>
<trkpt lat="36.128143" lon="138.026485">
<ele>1546.115240</ele>
<time>2026-06-19T02:23:50Z</time>
<speed>6.802274</speed>
<trueHeading>250.559433</trueHeading>
<magneticHeading>258.867523</magneticHeading>
<gpsHeading>253.799316</gpsHeading>
<haccuracy>4.748650</haccuracy>
<vaccuracy>5.917004</vaccuracy>
<internetconnect>2</internetconnect>
</trkpt>
<trkpt lat="36.128103" lon="138.026417">
<ele>1545.042205</ele>
<time>2026-06-19T02:23:51Z</time>
<speed>7.160535</speed>
<trueHeading>235.499496</trueHeading>
<magneticHeading>243.807587</magneticHeading>
<gpsHeading>233.915839</gpsHeading>
<haccuracy>4.748650</haccuracy>
<vaccuracy>5.963012</vaccuracy>
<internetconnect>2</internetconnect>
</trkpt>
<trkpt lat="36.128030" lon="138.026397">
<ele>1544.211149</ele>
<time>2026-06-19T02:23:52Z</time>
<speed>7.541500</speed>
<trueHeading>220.193741</trueHeading>
<magneticHeading>228.501831</magneticHeading>
<gpsHeading>192.653876</gpsHeading>
<haccuracy>4.748650</haccuracy>
<vaccuracy>6.010573</vaccuracy>
<internetconnect>2</internetconnect>
</trkpt>
<trkpt lat="36.127962" lon="138.026419">
<ele>1543.688358</ele>
<time>2026-06-19T02:23:53Z</time>
<speed>7.700840</speed>
<trueHeading>204.772003</trueHeading>
<magneticHeading>213.080093</magneticHeading>
<gpsHeading>165.498056</gpsHeading>
<haccuracy>4.748651</haccuracy>
<vaccuracy>6.047021</vaccuracy>
<internetconnect>2</internetconnect>
</trkpt>
<trkpt lat="36.127904" lon="138.026443">
<ele>1542.399131</ele>
<time>2026-06-19T02:23:54Z</time>
<speed>7.948161</speed>
<trueHeading>189.684418</trueHeading>
<magneticHeading>197.992508</magneticHeading>
<gpsHeading>161.338934</gpsHeading>
<haccuracy>4.748651</haccuracy>
<vaccuracy>5.976396</vaccuracy>
<internetconnect>2</internetconnect>
</trkpt>
<trkpt lat="36.127834" lon="138.026466">
<ele>1541.614666</ele>
<time>2026-06-19T02:23:55Z</time>
<speed>8.002403</speed>
<trueHeading>189.684418</trueHeading>
<magneticHeading>197.992508</magneticHeading>
<gpsHeading>164.940723</gpsHeading>
<haccuracy>4.748651</haccuracy>
<vaccuracy>5.873106</vaccuracy>
<internetconnect>2</internetconnect>
</trkpt>
<trkpt lat="36.127774" lon="138.026486">
<ele>1541.131413</ele>
<time>2026-06-19T02:23:56Z</time>
<speed>7.267028</speed>
<trueHeading>189.684418</trueHeading>
<magneticHeading>197.992508</magneticHeading>
<gpsHeading>164.940652</gpsHeading>
<haccuracy>4.748651</haccuracy>
<vaccuracy>5.792847</vaccuracy>
<internetconnect>2</internetconnect>
</trkpt>
<trkpt lat="36.127707" lon="138.026423">
<ele>1540.693587</ele>
<time>2026-06-19T02:23:57Z</time>
<speed>6.736132</speed>
<trueHeading>220.027176</trueHeading>
<magneticHeading>228.335266</magneticHeading>
<gpsHeading>217.462199</gpsHeading>
<haccuracy>4.748651</haccuracy>
<vaccuracy>5.892783</vaccuracy>
<internetconnect>2</internetconnect>
</trkpt>
<trkpt lat="36.127652" lon="138.026368">
<ele>1540.070982</ele>
<time>2026-06-19T02:23:58Z</time>
<speed>7.062713</speed>
<trueHeading>235.336700</trueHeading>
<magneticHeading>243.644791</magneticHeading>
<gpsHeading>219.149332</gpsHeading>
<haccuracy>4.748651</haccuracy>
<vaccuracy>6.051559</vaccuracy>
<internetconnect>2</internetconnect>
</trkpt>
<trkpt lat="36.127611" lon="138.026286">
<ele>1539.486810</ele>
<time>2026-06-19T02:23:59Z</time>
<speed>7.833426</speed>
<trueHeading>250.394028</trueHeading>
<magneticHeading>258.702118</magneticHeading>
<gpsHeading>238.200765</gpsHeading>
<haccuracy>4.748650</haccuracy>
<vaccuracy>6.049770</vaccuracy>
<internetconnect>2</internetconnect>
</trkpt>
<trkpt lat="36.127603" lon="138.026190">
<ele>1538.626189</ele>
<time>2026-06-19T02:24:00Z</time>
<speed>7.914412</speed>
<trueHeading>280.962006</trueHeading>
<magneticHeading>289.270111</magneticHeading>
<gpsHeading>263.896634</gpsHeading>
<haccuracy>4.748650</haccuracy>
<vaccuracy>6.186472</vaccuracy>
<internetconnect>2</internetconnect>
</trkpt>
<trkpt lat="36.127631" lon="138.026103">
<ele>1537.142859</ele>
<time>2026-06-19T02:24:01Z</time>
<speed>7.614104</speed>
<trueHeading>296.081787</trueHeading>
<magneticHeading>304.389893</magneticHeading>
<gpsHeading>291.654751</gpsHeading>
<haccuracy>4.748651</haccuracy>
<vaccuracy>6.397770</vaccuracy>
<internetconnect>2</internetconnect>
</trkpt>
<trkpt lat="36.127682" lon="138.026035">
<ele>1535.463307</ele>
<time>2026-06-19T02:24:02Z</time>
<speed>7.649535</speed>
<trueHeading>326.444550</trueHeading>
<magneticHeading>334.752655</magneticHeading>
<gpsHeading>313.043074</gpsHeading>
<haccuracy>4.748651</haccuracy>
<vaccuracy>6.492457</vaccuracy>
<internetconnect>2</internetconnect>
</trkpt>
<trkpt lat="36.127754" lon="138.025996">
<ele>1534.520095</ele>
<time>2026-06-19T02:24:03Z</time>
<speed>7.875535</speed>
<trueHeading>341.616333</trueHeading>
<magneticHeading>349.924438</magneticHeading>
<gpsHeading>336.114946</gpsHeading>
<haccuracy>4.748652</haccuracy>
<vaccuracy>6.546650</vaccuracy>
<internetconnect>2</internetconnect>
</trkpt>
<trkpt lat="36.127827" lon="138.025973">
<ele>1533.378327</ele>
<time>2026-06-19T02:24:04Z</time>
<speed>8.178921</speed>
<trueHeading>341.616333</trueHeading>
<magneticHeading>349.924438</magneticHeading>
<gpsHeading>345.807219</gpsHeading>
<haccuracy>4.748652</haccuracy>
<vaccuracy>6.616101</vaccuracy>
<internetconnect>2</internetconnect>
</trkpt>
<trkpt lat="36.127904" lon="138.025957">
<ele>1532.463673</ele>
<time>2026-06-19T02:24:05Z</time>
<speed>8.242812</speed>
<trueHeading>356.936676</trueHeading>
<magneticHeading>5.244758</magneticHeading>
<gpsHeading>350.760928</gpsHeading>
<haccuracy>4.748652</haccuracy>
<vaccuracy>6.629774</vaccuracy>
<internetconnect>2</internetconnect>
</trkpt>
<trkpt lat="36.127974" lon="138.025933">
<ele>1531.446812</ele>
<time>2026-06-19T02:24:06Z</time>
<speed>8.013285</speed>
<trueHeading>12.048933</trueHeading>
<magneticHeading>20.357025</magneticHeading>
<gpsHeading>344.412545</gpsHeading>
<haccuracy>4.748652</haccuracy>
<vaccuracy>6.637988</vaccuracy>
<internetconnect>2</internetconnect>
</trkpt>
<trkpt lat="36.128053" lon="138.025979">
<ele>1530.772285</ele>
<time>2026-06-19T02:24:07Z</time>
<speed>7.941212</speed>
<trueHeading>27.184465</trueHeading>
<magneticHeading>35.492558</magneticHeading>
<gpsHeading>25.477881</gpsHeading>
<haccuracy>4.748653</haccuracy>
<vaccuracy>6.594340</vaccuracy>
<internetconnect>2</internetconnect>
</trkpt>
<trkpt lat="36.128117" lon="138.026041">
<ele>1529.988770</ele>
<time>2026-06-19T02:24:08Z</time>
<speed>8.056909</speed>
<trueHeading>27.184465</trueHeading>
<magneticHeading>35.492558</magneticHeading>
<gpsHeading>37.823631</gpsHeading>
<haccuracy>4.748653</haccuracy>
<vaccuracy>6.472034</vaccuracy>
<internetconnect>2</internetconnect>
</trkpt>
<trkpt lat="36.128182" lon="138.026101">
<ele>1529.132618</ele>
<time>2026-06-19T02:24:09Z</time>
<speed>8.442500</speed>
<trueHeading>27.184465</trueHeading>
<magneticHeading>35.492558</magneticHeading>
<gpsHeading>36.824121</gpsHeading>
<haccuracy>4.748653</haccuracy>
<vaccuracy>6.251686</vaccuracy>
<internetconnect>2</internetconnect>
</trkpt>
<trkpt lat="36.128235" lon="138.026151">
<ele>1528.491813</ele>
<time>2026-06-19T02:24:10Z</time>
<speed>7.728863</speed>
<trueHeading>27.184465</trueHeading>
<magneticHeading>35.492558</magneticHeading>
<gpsHeading>36.824119</gpsHeading>
<haccuracy>4.748653</haccuracy>
<vaccuracy>5.919008</vaccuracy>
<internetconnect>2</internetconnect>
</trkpt>
<trkpt lat="36.128320" lon="138.026188">
<ele>1526.826365</ele>
<time>2026-06-19T02:24:12Z</time>
<speed>6.122396</speed>
<trueHeading>341.285858</trueHeading>
<magneticHeading>349.593964</magneticHeading>
<gpsHeading>19.595347</gpsHeading>
<haccuracy>4.748652</haccuracy>
<vaccuracy>6.367617</vaccuracy>
<internetconnect>2</internetconnect>
</trkpt>
<trkpt lat="36.128370" lon="138.026134">
<ele>1525.419284</ele>
<time>2026-06-19T02:24:13Z</time>
<speed>6.276776</speed>
<trueHeading>310.487457</trueHeading>
<magneticHeading>318.795563</magneticHeading>
<gpsHeading>319.176319</gpsHeading>
<haccuracy>4.748651</haccuracy>
<vaccuracy>6.427967</vaccuracy>
<internetconnect>2</internetconnect>
</trkpt>
<trkpt lat="36.128384" lon="138.026047">
<ele>1524.911594</ele>
<time>2026-06-19T02:24:14Z</time>
<speed>6.560689</speed>
<trueHeading>279.915894</trueHeading>
<magneticHeading>288.223999</magneticHeading>
<gpsHeading>281.143075</gpsHeading>
<haccuracy>4.748650</haccuracy>
<vaccuracy>6.311463</vaccuracy>
<internetconnect>2</internetconnect>
</trkpt>
<trkpt lat="36.128384" lon="138.025967">
<ele>1523.677111</ele>
<time>2026-06-19T02:24:15Z</time>
<speed>6.792992</speed>
<trueHeading>248.785782</trueHeading>
<magneticHeading>257.093872</magneticHeading>
<gpsHeading>270.262383</gpsHeading>
<haccuracy>4.748650</haccuracy>
<vaccuracy>6.430693</vaccuracy>
<internetconnect>2</internetconnect>
</trkpt>
<trkpt lat="36.128316" lon="138.025910">
<ele>1522.464247</ele>
<time>2026-06-19T02:24:16Z</time>
<speed>7.086190</speed>
<trueHeading>233.497437</trueHeading>
<magneticHeading>241.805527</magneticHeading>
<gpsHeading>213.792706</gpsHeading>
<haccuracy>4.748650</haccuracy>
<vaccuracy>6.555725</vaccuracy>
<internetconnect>2</internetconnect>
</trkpt>
<trkpt lat="36.128225" lon="138.025892">
<ele>1522.266528</ele>
<time>2026-06-19T02:24:17Z</time>
<speed>8.601444</speed>
<trueHeading>218.437439</trueHeading>
<magneticHeading>226.745529</magneticHeading>
<gpsHeading>188.776365</gpsHeading>
<haccuracy>4.748650</haccuracy>
<vaccuracy>6.490654</vaccuracy>
<internetconnect>2</internetconnect>
</trkpt>
<trkpt lat="36.128143" lon="138.025845">
<ele>1520.848922</ele>
<time>2026-06-19T02:24:18Z</time>
<speed>9.431767</speed>
<trueHeading>218.437439</trueHeading>
<magneticHeading>226.745529</magneticHeading>
<gpsHeading>205.318207</gpsHeading>
<haccuracy>4.748650</haccuracy>
<vaccuracy>6.393821</vaccuracy>
<internetconnect>2</internetconnect>
</trkpt>
<trkpt lat="36.128064" lon="138.025782">
<ele>1520.070541</ele>
<time>2026-06-19T02:24:19Z</time>
<speed>9.698572</speed>
<trueHeading>218.437439</trueHeading>
<magneticHeading>226.745529</magneticHeading>
<gpsHeading>212.374354</gpsHeading>
<haccuracy>4.748650</haccuracy>
<vaccuracy>6.330195</vaccuracy>
<internetconnect>2</internetconnect>
</trkpt>
<trkpt lat="36.128000" lon="138.025731">
<ele>1518.838439</ele>
<time>2026-06-19T02:24:20Z</time>
<speed>8.886068</speed>
<trueHeading>218.437439</trueHeading>
<magneticHeading>226.745529</magneticHeading>
<gpsHeading>212.641501</gpsHeading>
<haccuracy>4.748650</haccuracy>
<vaccuracy>6.222862</vaccuracy>
<internetconnect>2</internetconnect>
</trkpt>
<trkpt lat="36.127946" lon="138.025689">
<ele>1518.330292</ele>
<time>2026-06-19T02:24:21Z</time>
<speed>7.823202</speed>
<trueHeading>218.437439</trueHeading>
<magneticHeading>226.745529</magneticHeading>
<gpsHeading>212.641503</gpsHeading>
<haccuracy>4.748650</haccuracy>
<vaccuracy>6.248250</vaccuracy>
<internetconnect>2</internetconnect>
</trkpt>
<trkpt lat="36.127890" lon="138.025659">
<ele>1517.551791</ele>
<time>2026-06-19T02:24:22Z</time>
<speed>7.780696</speed>
<trueHeading>218.437439</trueHeading>
<magneticHeading>226.745529</magneticHeading>
<gpsHeading>203.582843</gpsHeading>
<haccuracy>4.748650</haccuracy>
<vaccuracy>6.174247</vaccuracy>
<internetconnect>2</internetconnect>
</trkpt>
<trkpt lat="36.127822" lon="138.025622">
<ele>1516.668018</ele>
<time>2026-06-19T02:24:23Z</time>
<speed>8.037708</speed>
<trueHeading>203.380432</trueHeading>
<magneticHeading>211.688522</magneticHeading>
<gpsHeading>203.755044</gpsHeading>
<haccuracy>4.748651</haccuracy>
<vaccuracy>6.049775</vaccuracy>
<internetconnect>2</internetconnect>
</trkpt>
<trkpt lat="36.127751" lon="138.025623">
<ele>1515.537703</ele>
<time>2026-06-19T02:24:24Z</time>
<speed>8.219318</speed>
<trueHeading>203.380432</trueHeading>
<magneticHeading>211.688522</magneticHeading>
<gpsHeading>179.238406</gpsHeading>
<haccuracy>4.748651</haccuracy>
<vaccuracy>5.956109</vaccuracy>
<internetconnect>2</internetconnect>
</trkpt>
<trkpt lat="36.127677" lon="138.025626">
<ele>1514.181097</ele>
<time>2026-06-19T02:24:25Z</time>
<speed>8.388149</speed>
<trueHeading>188.269547</trueHeading>
<magneticHeading>196.577637</magneticHeading>
<gpsHeading>178.074228</gpsHeading>
<haccuracy>4.748651</haccuracy>
<vaccuracy>5.891453</vaccuracy>
<internetconnect>2</internetconnect>
</trkpt>
<trkpt lat="36.127609" lon="138.025648">
<ele>1513.143273</ele>
<time>2026-06-19T02:24:26Z</time>
<speed>8.439638</speed>
<trueHeading>173.144653</trueHeading>
<magneticHeading>181.452744</magneticHeading>
<gpsHeading>165.121727</gpsHeading>
<haccuracy>4.748651</haccuracy>
<vaccuracy>5.750019</vaccuracy>
<internetconnect>2</internetconnect>
</trkpt>
<trkpt lat="36.127540" lon="138.025678">
<ele>1512.434029</ele>
<time>2026-06-19T02:24:27Z</time>
<speed>8.487580</speed>
<trueHeading>173.144653</trueHeading>
<magneticHeading>181.452744</magneticHeading>
<gpsHeading>160.847045</gpsHeading>
<haccuracy>4.748651</haccuracy>
<vaccuracy>5.614211</vaccuracy>
<internetconnect>2</internetconnect>
</trkpt>
<trkpt lat="36.127471" lon="138.025711">
<ele>1511.342354</ele>
<time>2026-06-19T02:24:28Z</time>
<speed>8.448924</speed>
<trueHeading>158.103485</trueHeading>
<magneticHeading>166.411575</magneticHeading>
<gpsHeading>159.109899</gpsHeading>
<haccuracy>4.748651</haccuracy>
<vaccuracy>5.377900</vaccuracy>
<internetconnect>2</internetconnect>
</trkpt>
<trkpt lat="36.127423" lon="138.025774">
<ele>1510.788423</ele>
<time>2026-06-19T02:24:29Z</time>
<speed>8.740576</speed>
<trueHeading>158.103485</trueHeading>
<magneticHeading>166.411575</magneticHeading>
<gpsHeading>133.263756</gpsHeading>
<haccuracy>4.748652</haccuracy>
<vaccuracy>5.192387</vaccuracy>
<internetconnect>2</internetconnect>
</trkpt>
<trkpt lat="36.127370" lon="138.025837">
<ele>1509.839283</ele>
<time>2026-06-19T02:24:30Z</time>
<speed>8.980958</speed>
<trueHeading>142.975159</trueHeading>
<magneticHeading>151.283249</magneticHeading>
<gpsHeading>136.633509</gpsHeading>
<haccuracy>4.748652</haccuracy>
<vaccuracy>5.112849</vaccuracy>
<internetconnect>2</internetconnect>
</trkpt>
<trkpt lat="36.127314" lon="138.025916">
<ele>1509.248466</ele>
<time>2026-06-19T02:24:31Z</time>
<speed>9.354229</speed>
<trueHeading>142.975159</trueHeading>
<magneticHeading>151.283249</magneticHeading>
<gpsHeading>130.906066</gpsHeading>
<haccuracy>4.748652</haccuracy>
<vaccuracy>5.570657</vaccuracy>
<internetconnect>2</internetconnect>
</trkpt>
<trkpt lat="36.127256" lon="138.025999">
<ele>1509.007240</ele>
<time>2026-06-19T02:24:32Z</time>
<speed>9.934147</speed>
<trueHeading>142.975159</trueHeading>
<magneticHeading>151.283249</magneticHeading>
<gpsHeading>130.906035</gpsHeading>
<haccuracy>4.748652</haccuracy>
<vaccuracy>5.793766</vaccuracy>
<internetconnect>2</internetconnect>
</trkpt>
<trkpt lat="36.127193" lon="138.026089">
<ele>1508.038573</ele>
<time>2026-06-19T02:24:33Z</time>
<speed>10.331757</speed>
<trueHeading>127.814667</trueHeading>
<magneticHeading>136.122757</magneticHeading>
<gpsHeading>130.905970</gpsHeading>
<haccuracy>4.748652</haccuracy>
<vaccuracy>6.015710</vaccuracy>
<internetconnect>2</internetconnect>
</trkpt>
<trkpt lat="36.127170" lon="138.026185">
<ele>1507.738247</ele>
<time>2026-06-19T02:24:34Z</time>
<speed>10.016690</speed>
<trueHeading>127.814667</trueHeading>
<magneticHeading>136.122757</magneticHeading>
<gpsHeading>106.844375</gpsHeading>
<haccuracy>4.748652</haccuracy>
<vaccuracy>6.025459</vaccuracy>
<internetconnect>2</internetconnect>
</trkpt>
<trkpt lat="36.127140" lon="138.026269">
<ele>1507.628651</ele>
<time>2026-06-19T02:24:35Z</time>
<speed>8.860497</speed>
<trueHeading>127.814667</trueHeading>
<magneticHeading>136.122757</magneticHeading>
<gpsHeading>113.609640</gpsHeading>
<haccuracy>4.748652</haccuracy>
<vaccuracy>5.955501</vaccuracy>
<internetconnect>2</internetconnect>
</trkpt>
<trkpt lat="36.127108" lon="138.026339">
<ele>1506.812274</ele>
<time>2026-06-19T02:24:36Z</time>
<speed>7.297140</speed>
<trueHeading>127.814667</trueHeading>
<magneticHeading>136.122757</magneticHeading>
<gpsHeading>119.354253</gpsHeading>
<haccuracy>4.748652</haccuracy>
<vaccuracy>5.865991</vaccuracy>
<internetconnect>2</internetconnect>
</trkpt>
<trkpt lat="36.127083" lon="138.026390">
<ele>1506.801034</ele>
<time>2026-06-19T02:24:37Z</time>
<speed>6.405520</speed>
<trueHeading>142.882156</trueHeading>
<magneticHeading>151.190247</magneticHeading>
<gpsHeading>121.663165</gpsHeading>
<haccuracy>4.748651</haccuracy>
<vaccuracy>5.973629</vaccuracy>
<internetconnect>2</internetconnect>
</trkpt>
<trkpt lat="36.126996" lon="138.026442">
<ele>1505.900702</ele>
<time>2026-06-19T02:24:38Z</time>
<speed>7.284637</speed>
<trueHeading>158.148026</trueHeading>
<magneticHeading>166.456116</magneticHeading>
<gpsHeading>154.144603</gpsHeading>
<haccuracy>4.748651</haccuracy>
<vaccuracy>5.990494</vaccuracy>
<internetconnect>2</internetconnect>
</trkpt>
<trkpt lat="36.126925" lon="138.026479">
<ele>1504.976512</ele>
<time>2026-06-19T02:24:39Z</time>
<speed>8.457329</speed>
<trueHeading>158.148026</trueHeading>
<magneticHeading>166.456116</magneticHeading>
<gpsHeading>157.288641</gpsHeading>
<haccuracy>4.748651</haccuracy>
<vaccuracy>5.928232</vaccuracy>
<internetconnect>2</internetconnect>
</trkpt>
<trkpt lat="36.126834" lon="138.026526">
<ele>1504.418996</ele>
<time>2026-06-19T02:24:40Z</time>
<speed>9.784692</speed>
<trueHeading>158.148026</trueHeading>
<magneticHeading>166.456116</magneticHeading>
<gpsHeading>157.288621</gpsHeading>
<haccuracy>4.748651</haccuracy>
<vaccuracy>5.832786</vaccuracy>
<internetconnect>2</internetconnect>
</trkpt>
<trkpt lat="36.126751" lon="138.026568">
<ele>1503.563411</ele>
<time>2026-06-19T02:24:41Z</time>
<speed>9.968066</speed>
<trueHeading>158.148026</trueHeading>
<magneticHeading>166.456116</magneticHeading>
<gpsHeading>157.628162</gpsHeading>
<haccuracy>4.748651</haccuracy>
<vaccuracy>5.780240</vaccuracy>
<internetconnect>2</internetconnect>
</trkpt>
<trkpt lat="36.126675" lon="138.026618">
<ele>1502.573470</ele>
<time>2026-06-19T02:24:42Z</time>
<speed>9.920282</speed>
<trueHeading>158.148026</trueHeading>
<magneticHeading>166.456116</magneticHeading>
<gpsHeading>151.843819</gpsHeading>
<haccuracy>4.748651</haccuracy>
<vaccuracy>5.662601</vaccuracy>
<internetconnect>2</internetconnect>
</trkpt>
<trkpt lat="36.126595" lon="138.026670">
<ele>1501.174249</ele>
<time>2026-06-19T02:24:43Z</time>
<speed>9.990092</speed>
<trueHeading>158.148026</trueHeading>
<magneticHeading>166.456116</magneticHeading>
<gpsHeading>152.608696</gpsHeading>
<haccuracy>4.748651</haccuracy>
<vaccuracy>5.564028</vaccuracy>
<internetconnect>2</internetconnect>
</trkpt>
<trkpt lat="36.126533" lon="138.026745">
<ele>1500.332021</ele>
<time>2026-06-19T02:24:44Z</time>
<speed>10.365393</speed>
<trueHeading>143.037506</trueHeading>
<magneticHeading>151.345596</magneticHeading>
<gpsHeading>135.999653</gpsHeading>
<haccuracy>4.748651</haccuracy>
<vaccuracy>5.394833</vaccuracy>
<internetconnect>2</internetconnect>
</trkpt>
<trkpt lat="36.126469" lon="138.026840">
<ele>1498.719101</ele>
<time>2026-06-19T02:24:45Z</time>
<speed>11.103983</speed>
<trueHeading>143.037506</trueHeading>
<magneticHeading>151.345596</magneticHeading>
<gpsHeading>129.835384</gpsHeading>
<haccuracy>4.748651</haccuracy>
<vaccuracy>5.290438</vaccuracy>
<internetconnect>2</internetconnect>
</trkpt>
<trkpt lat="36.126394" lon="138.026939">
<ele>1497.825671</ele>
<time>2026-06-19T02:24:46Z</time>
<speed>11.370039</speed>
<trueHeading>143.037506</trueHeading>
<magneticHeading>151.345596</magneticHeading>
<gpsHeading>133.027476</gpsHeading>
<haccuracy>4.748651</haccuracy>
<vaccuracy>5.493590</vaccuracy>
<internetconnect>2</internetconnect>
</trkpt>
<trkpt lat="36.126362" lon="138.027022">
<ele>1497.059123</ele>
<time>2026-06-19T02:24:47Z</time>
<speed>9.570423</speed>
<trueHeading>128.029816</trueHeading>
<magneticHeading>136.337906</magneticHeading>
<gpsHeading>115.824625</gpsHeading>
<haccuracy>4.748651</haccuracy>
<vaccuracy>5.584233</vaccuracy>
<internetconnect>2</internetconnect>
</trkpt>
<trkpt lat="36.126323" lon="138.027097">
<ele>1496.433848</ele>
<time>2026-06-19T02:24:48Z</time>
<speed>8.508029</speed>
<trueHeading>128.029816</trueHeading>
<magneticHeading>136.337906</magneticHeading>
<gpsHeading>122.094283</gpsHeading>
<haccuracy>4.748651</haccuracy>
<vaccuracy>5.511991</vaccuracy>
<internetconnect>2</internetconnect>
</trkpt>
<trkpt lat="36.126282" lon="138.027174">
<ele>1495.836623</ele>
<time>2026-06-19T02:24:49Z</time>
<speed>7.673237</speed>
<trueHeading>143.132156</trueHeading>
<magneticHeading>151.440247</magneticHeading>
<gpsHeading>124.129731</gpsHeading>
<haccuracy>4.748651</haccuracy>
<vaccuracy>5.211284</vaccuracy>
<internetconnect>2</internetconnect>
</trkpt>
<trkpt lat="36.126219" lon="138.027239">
<ele>1495.689363</ele>
<time>2026-06-19T02:24:50Z</time>
<speed>6.727999</speed>
<trueHeading>158.392319</trueHeading>
<magneticHeading>166.700409</magneticHeading>
<gpsHeading>139.782599</gpsHeading>
<haccuracy>4.748651</haccuracy>
<vaccuracy>5.135721</vaccuracy>
<internetconnect>2</internetconnect>
</trkpt>
<trkpt lat="36.126128" lon="138.027253">
<ele>1495.156250</ele>
<time>2026-06-19T02:24:51Z</time>
<speed>7.465252</speed>
<trueHeading>173.469589</trueHeading>
<magneticHeading>181.777679</magneticHeading>
<gpsHeading>172.865123</gpsHeading>
<haccuracy>4.748651</haccuracy>
<vaccuracy>4.875733</vaccuracy>
<internetconnect>2</internetconnect>
</trkpt>
<trkpt lat="36.126057" lon="138.027247">
<ele>1494.622154</ele>
<time>2026-06-19T02:24:52Z</time>
<speed>8.438775</speed>
<trueHeading>173.469589</trueHeading>
<magneticHeading>181.777679</magneticHeading>
<gpsHeading>183.811295</gpsHeading>
<haccuracy>4.748651</haccuracy>
<vaccuracy>4.729347</vaccuracy>
<internetconnect>2</internetconnect>
</trkpt>
<trkpt lat="36.125967" lon="138.027265">
<ele>1493.722639</ele>
<time>2026-06-19T02:24:53Z</time>
<speed>9.637986</speed>
<trueHeading>173.469589</trueHeading>
<magneticHeading>181.777679</magneticHeading>
<gpsHeading>170.939121</gpsHeading>
<haccuracy>4.748651</haccuracy>
<vaccuracy>4.542437</vaccuracy>
<internetconnect>2</internetconnect>
</trkpt>
<trkpt lat="36.125878" lon="138.027283">
<ele>1493.172007</ele>
<time>2026-06-19T02:24:54Z</time>
<speed>10.000505</speed>
<trueHeading>173.469589</trueHeading>
<magneticHeading>181.777679</magneticHeading>
<gpsHeading>170.939135</gpsHeading>
<haccuracy>4.748651</haccuracy>
<vaccuracy>4.287737</vaccuracy>
<internetconnect>2</internetconnect>
</trkpt>
<trkpt lat="36.125794" lon="138.027320">
<ele>1491.948720</ele>
<time>2026-06-19T02:24:55Z</time>
<speed>10.299607</speed>
<trueHeading>173.469589</trueHeading>
<magneticHeading>181.777679</magneticHeading>
<gpsHeading>160.270916</gpsHeading>
<haccuracy>4.748651</haccuracy>
<vaccuracy>4.323733</vaccuracy>
<internetconnect>2</internetconnect>
</trkpt>
<trkpt lat="36.125699" lon="138.027366">
<ele>1490.956067</ele>
<time>2026-06-19T02:24:56Z</time>
<speed>10.641516</speed>
<trueHeading>173.469589</trueHeading>
<magneticHeading>181.777679</magneticHeading>
<gpsHeading>158.550858</gpsHeading>
<haccuracy>4.748651</haccuracy>
<vaccuracy>4.108576</vaccuracy>
<internetconnect>2</internetconnect>
</trkpt>
<trkpt lat="36.125589" lon="138.027384">
<ele>1490.341298</ele>
<time>2026-06-19T02:24:57Z</time>
<speed>10.734587</speed>
<trueHeading>173.469589</trueHeading>
<magneticHeading>181.777679</magneticHeading>
<gpsHeading>172.518473</gpsHeading>
<haccuracy>4.748651</haccuracy>
<vaccuracy>3.873238</vaccuracy>
<internetconnect>2</internetconnect>
</trkpt>
<trkpt lat="36.125468" lon="138.027390">
<ele>1489.498122</ele>
<time>2026-06-19T02:24:58Z</time>
<speed>11.139285</speed>
<trueHeading>173.469589</trueHeading>
<magneticHeading>181.777679</magneticHeading>
<gpsHeading>177.504192</gpsHeading>
<haccuracy>9.063519</haccuracy>
<vaccuracy>4.175161</vaccuracy>
<internetconnect>2</internetconnect>
</trkpt>
<trkpt lat="36.125356" lon="138.027367">
<ele>1488.291419</ele>
<time>2026-06-19T02:24:59Z</time>
<speed>11.596582</speed>
<trueHeading>173.469589</trueHeading>
<magneticHeading>181.777679</magneticHeading>
<gpsHeading>189.499540</gpsHeading>
<haccuracy>9.135417</haccuracy>
<vaccuracy>4.074729</vaccuracy>
<internetconnect>2</internetconnect>
</trkpt>
<trkpt lat="36.125243" lon="138.027314">
<ele>1487.292584</ele>
<time>2026-06-19T02:25:00Z</time>
<speed>11.705735</speed>
<trueHeading>188.614151</trueHeading>
<magneticHeading>196.922241</magneticHeading>
<gpsHeading>200.712028</gpsHeading>
<haccuracy>8.403940</haccuracy>
<vaccuracy>3.876268</vaccuracy>
<internetconnect>2</internetconnect>
</trkpt>
<trkpt lat="36.125151" lon="138.027270">
<ele>1486.792582</ele>
<time>2026-06-19T02:25:01Z</time>
<speed>10.936198</speed>
<trueHeading>188.614151</trueHeading>
<magneticHeading>196.922241</magneticHeading>
<gpsHeading>201.273711</gpsHeading>
<haccuracy>4.748651</haccuracy>
<vaccuracy>4.087378</vaccuracy>
<internetconnect>2</internetconnect>
</trkpt>
<trkpt lat="36.125068" lon="138.027262">
<ele>1485.579384</ele>
<time>2026-06-19T02:25:02Z</time>
<speed>10.673113</speed>
<trueHeading>188.614151</trueHeading>
<magneticHeading>196.922241</magneticHeading>
<gpsHeading>184.407486</gpsHeading>
<haccuracy>4.748651</haccuracy>
<vaccuracy>4.117961</vaccuracy>
<internetconnect>2</internetconnect>
</trkpt>
<trkpt lat="36.124978" lon="138.027293">
<ele>1485.063345</ele>
<time>2026-06-19T02:25:03Z</time>
<speed>10.465184</speed>
<trueHeading>188.614151</trueHeading>
<magneticHeading>196.922241</magneticHeading>
<gpsHeading>164.204556</gpsHeading>
<haccuracy>10.460959</haccuracy>
<vaccuracy>4.000628</vaccuracy>
<internetconnect>2</internetconnect>
</trkpt>
<trkpt lat="36.124877" lon="138.027295">
<ele>1484.987871</ele>
<time>2026-06-19T02:25:04Z</time>
<speed>9.974261</speed>
<trueHeading>188.614151</trueHeading>
<magneticHeading>196.922241</magneticHeading>
<gpsHeading>179.450075</gpsHeading>
<haccuracy>9.342030</haccuracy>
<vaccuracy>3.963291</vaccuracy>
<internetconnect>2</internetconnect>
</trkpt>
<trkpt lat="36.124772" lon="138.027272">
<ele>1484.425484</ele>
<time>2026-06-19T02:25:05Z</time>
<speed>8.785525</speed>
<trueHeading>203.784317</trueHeading>
<magneticHeading>212.092407</magneticHeading>
<gpsHeading>189.940073</gpsHeading>
<haccuracy>10.397681</haccuracy>
<vaccuracy>4.041552</vaccuracy>
<internetconnect>2</internetconnect>
</trkpt>
<trkpt lat="36.124693" lon="138.027178">
<ele>1484.095294</ele>
<time>2026-06-19T02:25:06Z</time>
<speed>8.454419</speed>
<trueHeading>218.953400</trueHeading>
<magneticHeading>227.261490</magneticHeading>
<gpsHeading>223.753387</gpsHeading>
<haccuracy>7.759938</haccuracy>
<vaccuracy>4.209853</vaccuracy>
<internetconnect>2</internetconnect>
</trkpt>
<trkpt lat="36.124641" lon="138.027090">
<ele>1483.351656</ele>
<time>2026-06-19T02:25:07Z</time>
<speed>8.417371</speed>
<trueHeading>218.953400</trueHeading>
<magneticHeading>227.261490</magneticHeading>
<gpsHeading>234.074692</gpsHeading>
<haccuracy>4.748651</haccuracy>
<vaccuracy>4.360408</vaccuracy>
<internetconnect>2</internetconnect>
</trkpt>
<trkpt lat="36.124592" lon="138.027011">
<ele>1483.706350</ele>
<time>2026-06-19T02:25:08Z</time>
<speed>8.504693</speed>
<trueHeading>218.953400</trueHeading>
<magneticHeading>227.261490</magneticHeading>
<gpsHeading>232.637004</gpsHeading>
<haccuracy>4.748650</haccuracy>
<vaccuracy>4.707517</vaccuracy>
<internetconnect>2</internetconnect>
</trkpt>
<trkpt lat="36.124546" lon="138.026977">
<ele>1482.760409</ele>
<time>2026-06-19T02:25:09Z</time>
<speed>7.554856</speed>
<trueHeading>218.953400</trueHeading>
<magneticHeading>227.261490</magneticHeading>
<gpsHeading>211.236115</gpsHeading>
<haccuracy>4.748651</haccuracy>
<vaccuracy>4.802852</vaccuracy>
<internetconnect>2</internetconnect>
</trkpt>
<trkpt lat="36.124498" lon="138.026966">
<ele>1482.878798</ele>
<time>2026-06-19T02:25:10Z</time>
<speed>7.276905</speed>
<trueHeading>203.671402</trueHeading>
<magneticHeading>211.979492</magneticHeading>
<gpsHeading>189.493172</gpsHeading>
<haccuracy>4.748651</haccuracy>
<vaccuracy>4.893048</vaccuracy>
<internetconnect>2</internetconnect>
</trkpt>
<trkpt lat="36.124444" lon="138.026972">
<ele>1481.932399</ele>
<time>2026-06-19T02:25:11Z</time>
<speed>7.780132</speed>
<trueHeading>188.640015</trueHeading>
<magneticHeading>196.948105</magneticHeading>
<gpsHeading>175.391209</gpsHeading>
<haccuracy>4.748651</haccuracy>
<vaccuracy>4.859026</vaccuracy>
<internetconnect>2</internetconnect>
</trkpt>
<trkpt lat="36.124362" lon="138.026970">
<ele>1481.540382</ele>
<time>2026-06-19T02:25:12Z</time>
<speed>8.590825</speed>
<trueHeading>173.567062</trueHeading>
<magneticHeading>181.875153</magneticHeading>
<gpsHeading>180.866861</gpsHeading>
<haccuracy>4.748651</haccuracy>
<vaccuracy>4.749913</vaccuracy>
<internetconnect>2</internetconnect>
</trkpt>
<trkpt lat="36.124317" lon="138.027050">
<ele>1480.420361</ele>
<time>2026-06-19T02:25:13Z</time>
<speed>9.310606</speed>
<trueHeading>173.567062</trueHeading>
<magneticHeading>181.875153</magneticHeading>
<gpsHeading>125.194680</gpsHeading>
<haccuracy>10.489700</haccuracy>
<vaccuracy>4.741132</vaccuracy>
<internetconnect>2</internetconnect>
</trkpt>
<trkpt lat="36.124228" lon="138.027087">
<ele>1479.437566</ele>
<time>2026-06-19T02:25:14Z</time>
<speed>7.133283</speed>
<trueHeading>173.567062</trueHeading>
<magneticHeading>181.875153</magneticHeading>
<gpsHeading>161.346965</gpsHeading>
<haccuracy>11.346395</haccuracy>
<vaccuracy>4.633182</vaccuracy>
<internetconnect>2</internetconnect>
</trkpt>
<trkpt lat="36.124180" lon="138.027091">
<ele>1479.724443</ele>
<time>2026-06-19T02:25:16Z</time>
<speed>2.254176</speed>
<trueHeading>173.567062</trueHeading>
<magneticHeading>181.875153</magneticHeading>
<gpsHeading>175.738297</gpsHeading>
<haccuracy>11.154310</haccuracy>
<vaccuracy>4.627925</vaccuracy>
<internetconnect>2</internetconnect>
</trkpt>
<trkpt lat="36.124128" lon="138.027086">
<ele>1480.336401</ele>
<time>2026-06-19T02:25:19Z</time>
<speed>0.423826</speed>
<trueHeading>173.567062</trueHeading>
<magneticHeading>181.875153</magneticHeading>
<gpsHeading>184.925627</gpsHeading>
<haccuracy>10.302659</haccuracy>
<vaccuracy>4.763851</vaccuracy>
<internetconnect>2</internetconnect>
</trkpt>
<trkpt lat="36.124081" lon="138.027077">
<ele>1481.778661</ele>
<time>2026-06-19T02:25:22Z</time>
<speed>2.358901</speed>
<trueHeading>188.635971</trueHeading>
<magneticHeading>196.944061</magneticHeading>
<gpsHeading>188.329886</gpsHeading>
<haccuracy>9.422879</haccuracy>
<vaccuracy>4.370657</vaccuracy>
<internetconnect>2</internetconnect>
</trkpt>
<trkpt lat="36.123976" lon="138.027058">
<ele>1481.089621</ele>
<time>2026-06-19T02:25:24Z</time>
<speed>6.139253</speed>
<trueHeading>188.635971</trueHeading>
<magneticHeading>196.944061</magneticHeading>
<gpsHeading>188.446681</gpsHeading>
<haccuracy>10.535873</haccuracy>
<vaccuracy>4.361511</vaccuracy>
<internetconnect>2</internetconnect>
</trkpt>
<trkpt lat="36.123907" lon="138.027045">
<ele>1480.107963</ele>
<time>2026-06-19T02:25:25Z</time>
<speed>7.411902</speed>
<trueHeading>188.635971</trueHeading>
<magneticHeading>196.944061</magneticHeading>
<gpsHeading>188.636955</gpsHeading>
<haccuracy>9.890085</haccuracy>
<vaccuracy>4.194123</vaccuracy>
<internetconnect>2</internetconnect>
</trkpt>
<trkpt lat="36.123842" lon="138.027049">
<ele>1478.902624</ele>
<time>2026-06-19T02:25:26Z</time>
<speed>8.953029</speed>
<trueHeading>188.635971</trueHeading>
<magneticHeading>196.944061</magneticHeading>
<gpsHeading>177.245576</gpsHeading>
<haccuracy>11.082717</haccuracy>
<vaccuracy>4.028001</vaccuracy>
<internetconnect>2</internetconnect>
</trkpt>
<trkpt lat="36.123740" lon="138.027056">
<ele>1477.285290</ele>
<time>2026-06-19T02:25:27Z</time>
<speed>10.252346</speed>
<trueHeading>188.635971</trueHeading>
<magneticHeading>196.944061</magneticHeading>
<gpsHeading>176.609026</gpsHeading>
<haccuracy>9.339649</haccuracy>
<vaccuracy>3.972943</vaccuracy>
<internetconnect>2</internetconnect>
</trkpt>
<trkpt lat="36.123650" lon="138.027063">
<ele>1476.624377</ele>
<time>2026-06-19T02:25:28Z</time>
<speed>10.187147</speed>
<trueHeading>188.635971</trueHeading>
<magneticHeading>196.944061</magneticHeading>
<gpsHeading>176.678933</gpsHeading>
<haccuracy>9.428377</haccuracy>
<vaccuracy>4.046513</vaccuracy>
<internetconnect>2</internetconnect>
</trkpt>
<trkpt lat="36.123550" lon="138.027069">
<ele>1475.194090</ele>
<time>2026-06-19T02:25:29Z</time>
<speed>10.253968</speed>
<trueHeading>173.631912</trueHeading>
<magneticHeading>181.940002</magneticHeading>
<gpsHeading>176.958387</gpsHeading>
<haccuracy>4.748651</haccuracy>
<vaccuracy>3.946964</vaccuracy>
<internetconnect>2</internetconnect>
</trkpt>
<trkpt lat="36.123465" lon="138.027076">
<ele>1473.916981</ele>
<time>2026-06-19T02:25:30Z</time>
<speed>10.342251</speed>
<trueHeading>173.631912</trueHeading>
<magneticHeading>181.940002</magneticHeading>
<gpsHeading>176.396127</gpsHeading>
<haccuracy>4.748651</haccuracy>
<vaccuracy>4.046275</vaccuracy>
<internetconnect>2</internetconnect>
</trkpt>
<trkpt lat="36.123375" lon="138.027124">
<ele>1473.075642</ele>
<time>2026-06-19T02:25:31Z</time>
<speed>10.308695</speed>
<trueHeading>173.631912</trueHeading>
<magneticHeading>181.940002</magneticHeading>
<gpsHeading>156.784622</gpsHeading>
<haccuracy>4.748651</haccuracy>
<vaccuracy>4.057983</vaccuracy>
<internetconnect>2</internetconnect>
</trkpt>
<trkpt lat="36.123294" lon="138.027167">
<ele>1472.459156</ele>
<time>2026-06-19T02:25:32Z</time>
<speed>9.611234</speed>
<trueHeading>173.631912</trueHeading>
<magneticHeading>181.940002</magneticHeading>
<gpsHeading>156.784599</gpsHeading>
<haccuracy>4.748651</haccuracy>
<vaccuracy>3.927152</vaccuracy>
<internetconnect>2</internetconnect>
</trkpt>
<trkpt lat="36.123213" lon="138.027210">
<ele>1471.583950</ele>
<time>2026-06-19T02:25:33Z</time>
<speed>9.616611</speed>
<trueHeading>158.530899</trueHeading>
<magneticHeading>166.838989</magneticHeading>
<gpsHeading>156.784582</gpsHeading>
<haccuracy>4.748651</haccuracy>
<vaccuracy>3.818459</vaccuracy>
<internetconnect>2</internetconnect>
</trkpt>
<trkpt lat="36.123129" lon="138.027254">
<ele>1470.460927</ele>
<time>2026-06-19T02:25:34Z</time>
<speed>9.821671</speed>
<trueHeading>158.530899</trueHeading>
<magneticHeading>166.838989</magneticHeading>
<gpsHeading>156.784555</gpsHeading>
<haccuracy>4.748651</haccuracy>
<vaccuracy>3.748717</vaccuracy>
<internetconnect>2</internetconnect>
</trkpt>
<trkpt lat="36.123060" lon="138.027319">
<ele>1469.151718</ele>
<time>2026-06-19T02:25:35Z</time>
<speed>10.197516</speed>
<trueHeading>143.464066</trueHeading>
<magneticHeading>151.772156</magneticHeading>
<gpsHeading>143.071751</gpsHeading>
<haccuracy>4.748651</haccuracy>
<vaccuracy>3.707026</vaccuracy>
<internetconnect>2</internetconnect>
</trkpt>
<trkpt lat="36.122982" lon="138.027386">
<ele>1468.490956</ele>
<time>2026-06-19T02:25:36Z</time>
<speed>10.346599</speed>
<trueHeading>143.464066</trueHeading>
<magneticHeading>151.772156</magneticHeading>
<gpsHeading>145.359019</gpsHeading>
<haccuracy>4.748651</haccuracy>
<vaccuracy>3.603171</vaccuracy>
<internetconnect>2</internetconnect>
</trkpt>
<trkpt lat="36.122916" lon="138.027460">
<ele>1467.325790</ele>
<time>2026-06-19T02:25:37Z</time>
<speed>10.031500</speed>
<trueHeading>143.464066</trueHeading>
<magneticHeading>151.772156</magneticHeading>
<gpsHeading>137.579197</gpsHeading>
<haccuracy>4.748651</haccuracy>
<vaccuracy>3.653341</vaccuracy>
<internetconnect>2</internetconnect>
</trkpt>
<trkpt lat="36.122844" lon="138.027527">
<ele>1467.089326</ele>
<time>2026-06-19T02:25:38Z</time>
<speed>9.862784</speed>
<trueHeading>143.464066</trueHeading>
<magneticHeading>151.772156</magneticHeading>
<gpsHeading>143.314625</gpsHeading>
<haccuracy>4.748651</haccuracy>
<vaccuracy>3.597729</vaccuracy>
<internetconnect>2</internetconnect>
</trkpt>
<trkpt lat="36.122737" lon="138.027565">
<ele>1466.655106</ele>
<time>2026-06-19T02:25:39Z</time>
<speed>10.523438</speed>
<trueHeading>158.622635</trueHeading>
<magneticHeading>166.930725</magneticHeading>
<gpsHeading>163.928944</gpsHeading>
<haccuracy>4.748651</haccuracy>
<vaccuracy>3.464872</vaccuracy>
<internetconnect>2</internetconnect>
</trkpt>
<trkpt lat="36.122635" lon="138.027590">
<ele>1466.265942</ele>
<time>2026-06-19T02:25:40Z</time>
<speed>10.999274</speed>
<trueHeading>158.622635</trueHeading>
<magneticHeading>166.930725</magneticHeading>
<gpsHeading>168.831035</gpsHeading>
<haccuracy>4.748651</haccuracy>
<vaccuracy>3.586826</vaccuracy>
<internetconnect>2</internetconnect>
</trkpt>
<trkpt lat="36.122524" lon="138.027606">
<ele>1465.625237</ele>
<time>2026-06-19T02:25:41Z</time>
<speed>11.254699</speed>
<trueHeading>158.622635</trueHeading>
<magneticHeading>166.930725</magneticHeading>
<gpsHeading>173.413173</gpsHeading>
<haccuracy>4.748651</haccuracy>
<vaccuracy>4.020952</vaccuracy>
<internetconnect>2</internetconnect>
</trkpt>
<trkpt lat="36.122424" lon="138.027620">
<ele>1464.785168</ele>
<time>2026-06-19T02:25:42Z</time>
<speed>11.028792</speed>
<trueHeading>158.622635</trueHeading>
<magneticHeading>166.930725</magneticHeading>
<gpsHeading>173.413172</gpsHeading>
<haccuracy>4.748651</haccuracy>
<vaccuracy>4.050570</vaccuracy>
<internetconnect>2</internetconnect>
</trkpt>
<trkpt lat="36.122340" lon="138.027638">
<ele>1463.491775</ele>
<time>2026-06-19T02:25:43Z</time>
<speed>10.316828</speed>
<trueHeading>158.622635</trueHeading>
<magneticHeading>166.930725</magneticHeading>
<gpsHeading>170.016695</gpsHeading>
<haccuracy>4.748651</haccuracy>
<vaccuracy>4.091671</vaccuracy>
<internetconnect>2</internetconnect>
</trkpt>
<trkpt lat="36.122247" lon="138.027666">
<ele>1462.397655</ele>
<time>2026-06-19T02:25:44Z</time>
<speed>10.087019</speed>
<trueHeading>158.622635</trueHeading>
<magneticHeading>166.930725</magneticHeading>
<gpsHeading>166.546412</gpsHeading>
<haccuracy>4.748651</haccuracy>
<vaccuracy>4.111411</vaccuracy>
<internetconnect>2</internetconnect>
</trkpt>
<trkpt lat="36.122181" lon="138.027735">
<ele>1461.918443</ele>
<time>2026-06-19T02:25:45Z</time>
<speed>9.331645</speed>
<trueHeading>158.622635</trueHeading>
<magneticHeading>166.930725</magneticHeading>
<gpsHeading>139.957963</gpsHeading>
<haccuracy>4.748651</haccuracy>
<vaccuracy>4.094186</vaccuracy>
<internetconnect>2</internetconnect>
</trkpt>
<trkpt lat="36.122113" lon="138.027768">
<ele>1461.150491</ele>
<time>2026-06-19T02:25:46Z</time>
<speed>8.124939</speed>
<trueHeading>158.622635</trueHeading>
<magneticHeading>166.930725</magneticHeading>
<gpsHeading>158.328255</gpsHeading>
<haccuracy>4.748651</haccuracy>
<vaccuracy>4.115318</vaccuracy>
<internetconnect>2</internetconnect>
</trkpt>
<trkpt lat="36.122028" lon="138.027765">
<ele>1460.603373</ele>
<time>2026-06-19T02:25:47Z</time>
<speed>7.483231</speed>
<trueHeading>189.234055</trueHeading>
<magneticHeading>197.542145</magneticHeading>
<gpsHeading>181.756659</gpsHeading>
<haccuracy>4.748651</haccuracy>
<vaccuracy>4.248290</vaccuracy>
<internetconnect>2</internetconnect>
</trkpt>
<trkpt lat="36.121954" lon="138.027713">
<ele>1459.288195</ele>
<time>2026-06-19T02:25:48Z</time>
<speed>6.504468</speed>
<trueHeading>219.736847</trueHeading>
<magneticHeading>228.044937</magneticHeading>
<gpsHeading>209.415268</gpsHeading>
<haccuracy>4.748651</haccuracy>
<vaccuracy>4.557320</vaccuracy>
<internetconnect>2</internetconnect>
</trkpt>
<trkpt lat="36.121935" lon="138.027600">
<ele>1457.446663</ele>
<time>2026-06-19T02:25:49Z</time>
<speed>6.545235</speed>
<trueHeading>265.674835</trueHeading>
<magneticHeading>273.982941</magneticHeading>
<gpsHeading>258.322315</gpsHeading>
<haccuracy>4.748651</haccuracy>
<vaccuracy>4.930628</vaccuracy>
<internetconnect>2</internetconnect>
</trkpt>
<trkpt lat="36.121939" lon="138.027513">
<ele>1456.781684</ele>
<time>2026-06-19T02:25:50Z</time>
<speed>6.718396</speed>
<trueHeading>295.913300</trueHeading>
<magneticHeading>304.221405</magneticHeading>
<gpsHeading>273.478984</gpsHeading>
<haccuracy>4.748651</haccuracy>
<vaccuracy>5.228256</vaccuracy>
<internetconnect>2</internetconnect>
</trkpt>
<trkpt lat="36.121997" lon="138.027467">
<ele>1456.726269</ele>
<time>2026-06-19T02:25:51Z</time>
<speed>6.611568</speed>
<trueHeading>311.493958</trueHeading>
<magneticHeading>319.802063</magneticHeading>
<gpsHeading>327.379462</gpsHeading>
<haccuracy>4.748652</haccuracy>
<vaccuracy>5.367845</vaccuracy>
<internetconnect>2</internetconnect>
</trkpt>
<trkpt lat="36.122053" lon="138.027464">
<ele>1455.101704</ele>
<time>2026-06-19T02:25:52Z</time>
<speed>6.070027</speed>
<trueHeading>311.493958</trueHeading>
<magneticHeading>319.802063</magneticHeading>
<gpsHeading>356.976136</gpsHeading>
<haccuracy>4.748652</haccuracy>
<vaccuracy>5.449170</vaccuracy>
<internetconnect>2</internetconnect>
</trkpt>
<trkpt lat="36.122106" lon="138.027455">
<ele>1453.508026</ele>
<time>2026-06-19T02:25:54Z</time>
<speed>2.682587</speed>
<trueHeading>326.569672</trueHeading>
<magneticHeading>334.877777</magneticHeading>
<gpsHeading>352.540332</gpsHeading>
<haccuracy>4.748652</haccuracy>
<vaccuracy>5.750810</vaccuracy>
<internetconnect>2</internetconnect>
</trkpt>
<trkpt lat="36.122157" lon="138.027448">
<ele>1452.970970</ele>
<time>2026-06-19T02:25:56Z</time>
<speed>3.330375</speed>
<trueHeading>341.591919</trueHeading>
<magneticHeading>349.900024</magneticHeading>
<gpsHeading>353.577068</gpsHeading>
<haccuracy>4.748652</haccuracy>
<vaccuracy>5.729805</vaccuracy>
<internetconnect>2</internetconnect>
</trkpt>
<trkpt lat="36.122215" lon="138.027440">
<ele>1452.344837</ele>
<time>2026-06-19T02:25:57Z</time>
<speed>5.650830</speed>
<trueHeading>341.591919</trueHeading>
<magneticHeading>349.900024</magneticHeading>
<gpsHeading>353.577071</gpsHeading>
<haccuracy>4.748652</haccuracy>
<vaccuracy>5.718036</vaccuracy>
<internetconnect>2</internetconnect>
</trkpt>
<trkpt lat="36.122287" lon="138.027424">
<ele>1451.401604</ele>
<time>2026-06-19T02:25:58Z</time>
<speed>7.491522</speed>
<trueHeading>341.591919</trueHeading>
<magneticHeading>349.900024</magneticHeading>
<gpsHeading>349.688567</gpsHeading>
<haccuracy>4.748652</haccuracy>
<vaccuracy>5.613584</vaccuracy>
<internetconnect>2</internetconnect>
</trkpt>
<trkpt lat="36.122380" lon="138.027400">
<ele>1450.657883</ele>
<time>2026-06-19T02:25:59Z</time>
<speed>9.203448</speed>
<trueHeading>341.591919</trueHeading>
<magneticHeading>349.900024</magneticHeading>
<gpsHeading>348.208181</gpsHeading>
<haccuracy>4.748652</haccuracy>
<vaccuracy>5.617779</vaccuracy>
<internetconnect>2</internetconnect>
</trkpt>
<trkpt lat="36.122484" lon="138.027367">
<ele>1449.973243</ele>
<time>2026-06-19T02:26:00Z</time>
<speed>10.124427</speed>
<trueHeading>341.591919</trueHeading>
<magneticHeading>349.900024</magneticHeading>
<gpsHeading>345.649833</gpsHeading>
<haccuracy>8.705971</haccuracy>
<vaccuracy>5.745584</vaccuracy>
<internetconnect>2</internetconnect>
</trkpt>
<trkpt lat="36.122588" lon="138.027303">
<ele>1448.603370</ele>
<time>2026-06-19T02:26:01Z</time>
<speed>10.645733</speed>
<trueHeading>326.535492</trueHeading>
<magneticHeading>334.843597</magneticHeading>
<gpsHeading>333.728369</gpsHeading>
<haccuracy>8.225165</haccuracy>
<vaccuracy>5.806684</vaccuracy>
<internetconnect>2</internetconnect>
</trkpt>
<trkpt lat="36.122676" lon="138.027214">
<ele>1447.975168</ele>
<time>2026-06-19T02:26:02Z</time>
<speed>11.082433</speed>
<trueHeading>326.535492</trueHeading>
<magneticHeading>334.843597</magneticHeading>
<gpsHeading>320.532407</gpsHeading>
<haccuracy>4.748651</haccuracy>
<vaccuracy>5.849714</vaccuracy>
<internetconnect>2</internetconnect>
</trkpt>
<trkpt lat="36.122755" lon="138.027127">
<ele>1447.027041</ele>
<time>2026-06-19T02:26:03Z</time>
<speed>11.637358</speed>
<trueHeading>326.535492</trueHeading>
<magneticHeading>334.843597</magneticHeading>
<gpsHeading>318.426677</gpsHeading>
<haccuracy>4.748651</haccuracy>
<vaccuracy>5.839684</vaccuracy>
<internetconnect>2</internetconnect>
</trkpt>
<trkpt lat="36.122829" lon="138.027031">
<ele>1442.826706</ele>
<time>2026-06-19T02:26:04Z</time>
<speed>12.025318</speed>
<trueHeading>326.535492</trueHeading>
<magneticHeading>334.843597</magneticHeading>
<gpsHeading>313.578348</gpsHeading>
<haccuracy>4.748650</haccuracy>
<vaccuracy>6.960778</vaccuracy>
<internetconnect>2</internetconnect>
</trkpt>
<trkpt lat="36.122897" lon="138.026918">
<ele>1441.498478</ele>
<time>2026-06-19T02:26:05Z</time>
<speed>12.334013</speed>
<trueHeading>326.535492</trueHeading>
<magneticHeading>334.843597</magneticHeading>
<gpsHeading>306.720157</gpsHeading>
<haccuracy>4.748650</haccuracy>
<vaccuracy>7.267864</vaccuracy>
<internetconnect>2</internetconnect>
</trkpt>
<trkpt lat="36.122983" lon="138.026825">
<ele>1440.452181</ele>
<time>2026-06-19T02:26:06Z</time>
<speed>12.488093</speed>
<trueHeading>326.535492</trueHeading>
<magneticHeading>334.843597</magneticHeading>
<gpsHeading>319.062049</gpsHeading>
<haccuracy>4.748650</haccuracy>
<vaccuracy>6.974465</vaccuracy>
<internetconnect>2</internetconnect>
</trkpt>
<trkpt lat="36.123075" lon="138.026748">
<ele>1439.344285</ele>
<time>2026-06-19T02:26:07Z</time>
<speed>12.477813</speed>
<trueHeading>326.535492</trueHeading>
<magneticHeading>334.843597</magneticHeading>
<gpsHeading>325.808155</gpsHeading>
<haccuracy>4.748650</haccuracy>
<vaccuracy>6.758283</vaccuracy>
<internetconnect>2</internetconnect>
</trkpt>
<trkpt lat="36.123173" lon="138.026671">
<ele>1438.471133</ele>
<time>2026-06-19T02:26:08Z</time>
<speed>12.738862</speed>
<trueHeading>326.535492</trueHeading>
<magneticHeading>334.843597</magneticHeading>
<gpsHeading>327.589989</gpsHeading>
<haccuracy>4.748650</haccuracy>
<vaccuracy>6.633497</vaccuracy>
<internetconnect>2</internetconnect>
</trkpt>
<trkpt lat="36.123280" lon="138.026617">
<ele>1437.250300</ele>
<time>2026-06-19T02:26:09Z</time>
<speed>12.990109</speed>
<trueHeading>326.535492</trueHeading>
<magneticHeading>334.843597</magneticHeading>
<gpsHeading>337.816068</gpsHeading>
<haccuracy>4.748650</haccuracy>
<vaccuracy>6.583125</vaccuracy>
<internetconnect>2</internetconnect>
</trkpt>
<trkpt lat="36.123388" lon="138.026555">
<ele>1436.236812</ele>
<time>2026-06-19T02:26:10Z</time>
<speed>13.110723</speed>
<trueHeading>326.535492</trueHeading>
<magneticHeading>334.843597</magneticHeading>
<gpsHeading>335.233304</gpsHeading>
<haccuracy>4.748650</haccuracy>
<vaccuracy>7.697352</vaccuracy>
<internetconnect>2</internetconnect>
</trkpt>
<trkpt lat="36.123487" lon="138.026498">
<ele>1434.446444</ele>
<time>2026-06-19T02:26:11Z</time>
<speed>12.319208</speed>
<trueHeading>326.535492</trueHeading>
<magneticHeading>334.843597</magneticHeading>
<gpsHeading>335.142050</gpsHeading>
<haccuracy>4.748650</haccuracy>
<vaccuracy>7.894890</vaccuracy>
<internetconnect>2</internetconnect>
</trkpt>
<trkpt lat="36.123551" lon="138.026455">
<ele>1433.153632</ele>
<time>2026-06-19T02:26:12Z</time>
<speed>9.402994</speed>
<trueHeading>326.535492</trueHeading>
<magneticHeading>334.843597</magneticHeading>
<gpsHeading>330.743591</gpsHeading>
<haccuracy>4.748650</haccuracy>
<vaccuracy>8.091607</vaccuracy>
<internetconnect>2</internetconnect>
</trkpt>
<trkpt lat="36.123591" lon="138.026407">
<ele>1432.115227</ele>
<time>2026-06-19T02:26:13Z</time>
<speed>7.009929</speed>
<trueHeading>326.535492</trueHeading>
<magneticHeading>334.843597</magneticHeading>
<gpsHeading>316.863544</gpsHeading>
<haccuracy>4.748651</haccuracy>
<vaccuracy>8.297008</vaccuracy>
<internetconnect>2</internetconnect>
</trkpt>
<trkpt lat="36.123672" lon="138.026346">
<ele>1429.573303</ele>
<time>2026-06-19T02:26:15Z</time>
<speed>5.801037</speed>
<trueHeading>326.535492</trueHeading>
<magneticHeading>334.843597</magneticHeading>
<gpsHeading>328.604225</gpsHeading>
<haccuracy>4.748651</haccuracy>
<vaccuracy>8.120947</vaccuracy>
<internetconnect>2</internetconnect>
</trkpt>
<trkpt lat="36.123731" lon="138.026314">
<ele>1428.085561</ele>
<time>2026-06-19T02:26:16Z</time>
<speed>6.650575</speed>
<trueHeading>326.535492</trueHeading>
<magneticHeading>334.843597</magneticHeading>
<gpsHeading>335.855833</gpsHeading>
<haccuracy>4.748651</haccuracy>
<vaccuracy>8.193171</vaccuracy>
<internetconnect>2</internetconnect>
</trkpt>
<trkpt lat="36.123795" lon="138.026282">
<ele>1426.475876</ele>
<time>2026-06-19T02:26:17Z</time>
<speed>7.459506</speed>
<trueHeading>326.535492</trueHeading>
<magneticHeading>334.843597</magneticHeading>
<gpsHeading>337.908344</gpsHeading>
<haccuracy>4.748651</haccuracy>
<vaccuracy>8.188875</vaccuracy>
<internetconnect>2</internetconnect>
</trkpt>
<trkpt lat="36.123868" lon="138.026237">
<ele>1425.413242</ele>
<time>2026-06-19T02:26:18Z</time>
<speed>8.562170</speed>
<trueHeading>326.535492</trueHeading>
<magneticHeading>334.843597</magneticHeading>
<gpsHeading>333.749944</gpsHeading>
<haccuracy>4.748651</haccuracy>
<vaccuracy>7.489535</vaccuracy>
<internetconnect>2</internetconnect>
</trkpt>
<trkpt lat="36.123951" lon="138.026202">
<ele>1423.879102</ele>
<time>2026-06-19T02:26:19Z</time>
<speed>9.223274</speed>
<trueHeading>341.617096</trueHeading>
<magneticHeading>349.925201</magneticHeading>
<gpsHeading>341.455581</gpsHeading>
<haccuracy>4.748650</haccuracy>
<vaccuracy>7.360368</vaccuracy>
<internetconnect>2</internetconnect>
</trkpt>
<trkpt lat="36.124042" lon="138.026178">
<ele>1422.322129</ele>
<time>2026-06-19T02:26:20Z</time>
<speed>10.025111</speed>
<trueHeading>341.617096</trueHeading>
<magneticHeading>349.925201</magneticHeading>
<gpsHeading>347.916421</gpsHeading>
<haccuracy>4.748651</haccuracy>
<vaccuracy>7.028749</vaccuracy>
<internetconnect>2</internetconnect>
</trkpt>
<trkpt lat="36.124143" lon="138.026169">
<ele>1420.985666</ele>
<time>2026-06-19T02:26:21Z</time>
<speed>10.824651</speed>
<trueHeading>341.617096</trueHeading>
<magneticHeading>349.925201</magneticHeading>
<gpsHeading>355.654753</gpsHeading>
<haccuracy>4.748651</haccuracy>
<vaccuracy>6.645008</vaccuracy>
<internetconnect>2</internetconnect>
</trkpt>
<trkpt lat="36.124246" lon="138.026123">
<ele>1419.776147</ele>
<time>2026-06-19T02:26:22Z</time>
<speed>11.756772</speed>
<trueHeading>341.617096</trueHeading>
<magneticHeading>349.925201</magneticHeading>
<gpsHeading>340.025131</gpsHeading>
<haccuracy>4.748651</haccuracy>
<vaccuracy>6.679018</vaccuracy>
<internetconnect>2</internetconnect>
</trkpt>
<trkpt lat="36.124362" lon="138.026097">
<ele>1419.069408</ele>
<time>2026-06-19T02:26:23Z</time>
<speed>11.878177</speed>
<trueHeading>356.625214</trueHeading>
<magneticHeading>4.933312</magneticHeading>
<gpsHeading>350.079565</gpsHeading>
<haccuracy>4.748651</haccuracy>
<vaccuracy>6.301398</vaccuracy>
<internetconnect>2</internetconnect>
</trkpt>
<trkpt lat="36.124463" lon="138.026105">
<ele>1418.193584</ele>
<time>2026-06-19T02:26:24Z</time>
<speed>11.251117</speed>
<trueHeading>356.625214</trueHeading>
<magneticHeading>4.933312</magneticHeading>
<gpsHeading>3.328553</gpsHeading>
<haccuracy>4.748651</haccuracy>
<vaccuracy>6.144330</vaccuracy>
<internetconnect>2</internetconnect>
</trkpt>
<trkpt lat="36.124551" lon="138.026111">
<ele>1417.124741</ele>
<time>2026-06-19T02:26:25Z</time>
<speed>9.979654</speed>
<trueHeading>356.625214</trueHeading>
<magneticHeading>4.933312</magneticHeading>
<gpsHeading>3.328549</gpsHeading>
<haccuracy>4.748651</haccuracy>
<vaccuracy>5.879984</vaccuracy>
<internetconnect>2</internetconnect>
</trkpt>
<trkpt lat="36.124620" lon="138.026116">
<ele>1416.086506</ele>
<time>2026-06-19T02:26:26Z</time>
<speed>8.253018</speed>
<trueHeading>356.625214</trueHeading>
<magneticHeading>4.933312</magneticHeading>
<gpsHeading>3.328550</gpsHeading>
<haccuracy>4.748651</haccuracy>
<vaccuracy>5.602480</vaccuracy>
<internetconnect>2</internetconnect>
</trkpt>
<trkpt lat="36.124668" lon="138.026107">
<ele>1415.574627</ele>
<time>2026-06-19T02:26:27Z</time>
<speed>6.301764</speed>
<trueHeading>341.362518</trueHeading>
<magneticHeading>349.670624</magneticHeading>
<gpsHeading>351.311941</gpsHeading>
<haccuracy>4.748651</haccuracy>
<vaccuracy>5.988288</vaccuracy>
<internetconnect>2</internetconnect>
</trkpt>
<trkpt lat="36.124695" lon="138.026057">
<ele>1414.756790</ele>
<time>2026-06-19T02:26:28Z</time>
<speed>6.042914</speed>
<trueHeading>310.707336</trueHeading>
<magneticHeading>319.015442</magneticHeading>
<gpsHeading>303.637938</gpsHeading>
<haccuracy>4.748651</haccuracy>
<vaccuracy>6.225605</vaccuracy>
<internetconnect>2</internetconnect>
</trkpt>
<trkpt lat="36.124689" lon="138.025953">
<ele>1414.623692</ele>
<time>2026-06-19T02:26:30Z</time>
<speed>5.368823</speed>
<trueHeading>250.088364</trueHeading>
<magneticHeading>258.396454</magneticHeading>
<gpsHeading>265.819535</gpsHeading>
<haccuracy>4.748651</haccuracy>
<vaccuracy>6.113895</vaccuracy>
<internetconnect>2</internetconnect>
</trkpt>
<trkpt lat="36.124591" lon="138.025900">
<ele>1414.160577</ele>
<time>2026-06-19T02:26:32Z</time>
<speed>6.826485</speed>
<trueHeading>219.739136</trueHeading>
<magneticHeading>228.047226</magneticHeading>
<gpsHeading>203.607757</gpsHeading>
<haccuracy>4.748651</haccuracy>
<vaccuracy>6.119488</vaccuracy>
<internetconnect>2</internetconnect>
</trkpt>
<trkpt lat="36.124508" lon="138.025852">
<ele>1412.966004</ele>
<time>2026-06-19T02:26:33Z</time>
<speed>8.780728</speed>
<trueHeading>219.739136</trueHeading>
<magneticHeading>228.047226</magneticHeading>
<gpsHeading>205.434308</gpsHeading>
<haccuracy>4.748651</haccuracy>
<vaccuracy>6.099344</vaccuracy>
<internetconnect>2</internetconnect>
</trkpt>
<trkpt lat="36.124421" lon="138.025778">
<ele>1412.390667</ele>
<time>2026-06-19T02:26:34Z</time>
<speed>10.388098</speed>
<trueHeading>219.739136</trueHeading>
<magneticHeading>228.047226</magneticHeading>
<gpsHeading>214.257520</gpsHeading>
<haccuracy>4.748650</haccuracy>
<vaccuracy>7.231268</vaccuracy>
<internetconnect>2</internetconnect>
</trkpt>
<trkpt lat="36.124317" lon="138.025739">
<ele>1410.394928</ele>
<time>2026-06-19T02:26:35Z</time>
<speed>11.241213</speed>
<trueHeading>204.738266</trueHeading>
<magneticHeading>213.046356</magneticHeading>
<gpsHeading>196.799344</gpsHeading>
<haccuracy>4.748650</haccuracy>
<vaccuracy>7.608313</vaccuracy>
<internetconnect>2</internetconnect>
</trkpt>
<trkpt lat="36.124209" lon="138.025696">
<ele>1409.778090</ele>
<time>2026-06-19T02:26:36Z</time>
<speed>12.126343</speed>
<trueHeading>204.738266</trueHeading>
<magneticHeading>213.046356</magneticHeading>
<gpsHeading>197.803165</gpsHeading>
<haccuracy>4.748650</haccuracy>
<vaccuracy>7.848448</vaccuracy>
<internetconnect>2</internetconnect>
</trkpt>
<trkpt lat="36.124108" lon="138.025654">
<ele>1408.548857</ele>
<time>2026-06-19T02:26:37Z</time>
<speed>11.792098</speed>
<trueHeading>204.738266</trueHeading>
<magneticHeading>213.046356</magneticHeading>
<gpsHeading>198.838548</gpsHeading>
<haccuracy>4.748650</haccuracy>
<vaccuracy>8.051643</vaccuracy>
<internetconnect>2</internetconnect>
</trkpt>
<trkpt lat="36.124025" lon="138.025616">
<ele>1407.916404</ele>
<time>2026-06-19T02:26:38Z</time>
<speed>10.582472</speed>
<trueHeading>204.738266</trueHeading>
<magneticHeading>213.046356</magneticHeading>
<gpsHeading>200.191671</gpsHeading>
<haccuracy>4.748650</haccuracy>
<vaccuracy>8.222791</vaccuracy>
<internetconnect>2</internetconnect>
</trkpt>
<trkpt lat="36.123956" lon="138.025549">
<ele>1407.225172</ele>
<time>2026-06-19T02:26:39Z</time>
<speed>9.611855</speed>
<trueHeading>204.738266</trueHeading>
<magneticHeading>213.046356</magneticHeading>
<gpsHeading>218.267386</gpsHeading>
<haccuracy>4.748650</haccuracy>
<vaccuracy>7.793029</vaccuracy>
<internetconnect>2</internetconnect>
</trkpt>
<trkpt lat="36.123891" lon="138.025477">
<ele>1406.766415</ele>
<time>2026-06-19T02:26:40Z</time>
<speed>9.542286</speed>
<trueHeading>219.770569</trueHeading>
<magneticHeading>228.078659</magneticHeading>
<gpsHeading>221.427588</gpsHeading>
<haccuracy>4.748650</haccuracy>
<vaccuracy>7.699617</vaccuracy>
<internetconnect>2</internetconnect>
</trkpt>
<trkpt lat="36.123838" lon="138.025400">
<ele>1405.927168</ele>
<time>2026-06-19T02:26:41Z</time>
<speed>8.889938</speed>
<trueHeading>219.770569</trueHeading>
<magneticHeading>228.078659</magneticHeading>
<gpsHeading>229.687018</gpsHeading>
<haccuracy>4.748650</haccuracy>
<vaccuracy>7.484184</vaccuracy>
<internetconnect>2</internetconnect>
</trkpt>
<trkpt lat="36.123794" lon="138.025352">
<ele>1405.651366</ele>
<time>2026-06-19T02:26:42Z</time>
<speed>7.143702</speed>
<trueHeading>219.770569</trueHeading>
<magneticHeading>228.078659</magneticHeading>
<gpsHeading>221.863008</gpsHeading>
<haccuracy>4.748651</haccuracy>
<vaccuracy>7.263752</vaccuracy>
<internetconnect>2</internetconnect>
</trkpt>
<trkpt lat="36.123731" lon="138.025356">
<ele>1405.696237</ele>
<time>2026-06-19T02:26:43Z</time>
<speed>6.798984</speed>
<trueHeading>204.546066</trueHeading>
<magneticHeading>212.854156</magneticHeading>
<gpsHeading>176.580948</gpsHeading>
<haccuracy>4.748651</haccuracy>
<vaccuracy>6.842516</vaccuracy>
<internetconnect>2</internetconnect>
</trkpt>
<trkpt lat="36.123671" lon="138.025337">
<ele>1405.955505</ele>
<time>2026-06-19T02:26:44Z</time>
<speed>6.412963</speed>
<trueHeading>189.478195</trueHeading>
<magneticHeading>197.786285</magneticHeading>
<gpsHeading>194.779227</gpsHeading>
<haccuracy>4.748650</haccuracy>
<vaccuracy>7.203296</vaccuracy>
<internetconnect>2</internetconnect>
</trkpt>
<trkpt lat="36.123615" lon="138.025325">
<ele>1405.444035</ele>
<time>2026-06-19T02:26:45Z</time>
<speed>6.863952</speed>
<trueHeading>174.420364</trueHeading>
<magneticHeading>182.728455</magneticHeading>
<gpsHeading>189.587441</gpsHeading>
<haccuracy>4.748650</haccuracy>
<vaccuracy>7.142947</vaccuracy>
<internetconnect>2</internetconnect>
</trkpt>
<trkpt lat="36.123541" lon="138.025372">
<ele>1405.349756</ele>
<time>2026-06-19T02:26:46Z</time>
<speed>8.327118</speed>
<trueHeading>174.420364</trueHeading>
<magneticHeading>182.728455</magneticHeading>
<gpsHeading>152.882915</gpsHeading>
<haccuracy>4.748650</haccuracy>
<vaccuracy>6.949662</vaccuracy>
<internetconnect>2</internetconnect>
</trkpt>
<trkpt lat="36.123451" lon="138.025397">
<ele>1405.598029</ele>
<time>2026-06-19T02:26:47Z</time>
<speed>9.411369</speed>
<trueHeading>174.420364</trueHeading>
<magneticHeading>182.728455</magneticHeading>
<gpsHeading>167.361102</gpsHeading>
<haccuracy>4.748650</haccuracy>
<vaccuracy>6.667960</vaccuracy>
<internetconnect>2</internetconnect>
</trkpt>
<trkpt lat="36.123370" lon="138.025429">
<ele>1404.934020</ele>
<time>2026-06-19T02:26:48Z</time>
<speed>9.537465</speed>
<trueHeading>174.420364</trueHeading>
<magneticHeading>182.728455</magneticHeading>
<gpsHeading>162.326882</gpsHeading>
<haccuracy>4.748650</haccuracy>
<vaccuracy>6.659581</vaccuracy>
<internetconnect>2</internetconnect>
</trkpt>
<trkpt lat="36.123284" lon="138.025443">
<ele>1403.904359</ele>
<time>2026-06-19T02:26:49Z</time>
<speed>9.637130</speed>
<trueHeading>174.420364</trueHeading>
<magneticHeading>182.728455</magneticHeading>
<gpsHeading>172.189692</gpsHeading>
<haccuracy>4.748650</haccuracy>
<vaccuracy>6.678075</vaccuracy>
<internetconnect>2</internetconnect>
</trkpt>
<trkpt lat="36.123193" lon="138.025451">
<ele>1402.492338</ele>
<time>2026-06-19T02:26:50Z</time>
<speed>10.075410</speed>
<trueHeading>174.420364</trueHeading>
<magneticHeading>182.728455</magneticHeading>
<gpsHeading>175.948392</gpsHeading>
<haccuracy>4.748650</haccuracy>
<vaccuracy>6.616490</vaccuracy>
<internetconnect>2</internetconnect>
</trkpt>
<trkpt lat="36.123098" lon="138.025479">
<ele>1401.627696</ele>
<time>2026-06-19T02:26:51Z</time>
<speed>10.581224</speed>
<trueHeading>174.420364</trueHeading>
<magneticHeading>182.728455</magneticHeading>
<gpsHeading>166.785895</gpsHeading>
<haccuracy>4.748650</haccuracy>
<vaccuracy>6.521629</vaccuracy>
<internetconnect>2</internetconnect>
</trkpt>
<trkpt lat="36.123000" lon="138.025508">
<ele>1400.495095</ele>
<time>2026-06-19T02:26:52Z</time>
<speed>11.014997</speed>
<trueHeading>174.420364</trueHeading>
<magneticHeading>182.728455</magneticHeading>
<gpsHeading>166.756774</gpsHeading>
<haccuracy>4.748650</haccuracy>
<vaccuracy>6.378902</vaccuracy>
<internetconnect>2</internetconnect>
</trkpt>
<trkpt lat="36.122900" lon="138.025524">
<ele>1399.388863</ele>
<time>2026-06-19T02:26:53Z</time>
<speed>10.971440</speed>
<trueHeading>174.420364</trueHeading>
<magneticHeading>182.728455</magneticHeading>
<gpsHeading>172.296717</gpsHeading>
<haccuracy>4.748650</haccuracy>
<vaccuracy>6.205960</vaccuracy>
<internetconnect>2</internetconnect>
</trkpt>
<trkpt lat="36.122814" lon="138.025520">
<ele>1397.971889</ele>
<time>2026-06-19T02:26:54Z</time>
<speed>9.868582</speed>
<trueHeading>174.420364</trueHeading>
<magneticHeading>182.728455</magneticHeading>
<gpsHeading>182.093038</gpsHeading>
<haccuracy>4.748650</haccuracy>
<vaccuracy>6.334197</vaccuracy>
<internetconnect>2</internetconnect>
</trkpt>
<trkpt lat="36.122741" lon="138.025508">
<ele>1397.117943</ele>
<time>2026-06-19T02:26:55Z</time>
<speed>8.749902</speed>
<trueHeading>174.420364</trueHeading>
<magneticHeading>182.728455</magneticHeading>
<gpsHeading>188.084194</gpsHeading>
<haccuracy>4.748650</haccuracy>
<vaccuracy>6.295018</vaccuracy>
<internetconnect>2</internetconnect>
</trkpt>
<trkpt lat="36.122674" lon="138.025473">
<ele>1395.783838</ele>
<time>2026-06-19T02:26:56Z</time>
<speed>8.148589</speed>
<trueHeading>189.476822</trueHeading>
<magneticHeading>197.784912</magneticHeading>
<gpsHeading>202.673862</gpsHeading>
<haccuracy>4.748651</haccuracy>
<vaccuracy>6.225259</vaccuracy>
<internetconnect>2</internetconnect>
</trkpt>
<trkpt lat="36.122605" lon="138.025436">
<ele>1395.213802</ele>
<time>2026-06-19T02:26:57Z</time>
<speed>8.414049</speed>
<trueHeading>204.549072</trueHeading>
<magneticHeading>212.857162</magneticHeading>
<gpsHeading>203.308824</gpsHeading>
<haccuracy>4.748651</haccuracy>
<vaccuracy>6.146764</vaccuracy>
<internetconnect>2</internetconnect>
</trkpt>
<trkpt lat="36.122530" lon="138.025370">
<ele>1394.053930</ele>
<time>2026-06-19T02:26:58Z</time>
<speed>9.469744</speed>
<trueHeading>204.549072</trueHeading>
<magneticHeading>212.857162</magneticHeading>
<gpsHeading>215.291543</gpsHeading>
<haccuracy>4.748651</haccuracy>
<vaccuracy>6.187067</vaccuracy>
<internetconnect>2</internetconnect>
</trkpt>
<trkpt lat="36.122454" lon="138.025292">
<ele>1393.025786</ele>
<time>2026-06-19T02:26:59Z</time>
<speed>10.557155</speed>
<trueHeading>204.549072</trueHeading>
<magneticHeading>212.857162</magneticHeading>
<gpsHeading>219.578675</gpsHeading>
<haccuracy>4.748651</haccuracy>
<vaccuracy>6.120862</vaccuracy>
<internetconnect>2</internetconnect>
</trkpt>
<trkpt lat="36.122368" lon="138.025213">
<ele>1392.176784</ele>
<time>2026-06-19T02:27:00Z</time>
<speed>11.458338</speed>
<trueHeading>204.549072</trueHeading>
<magneticHeading>212.857162</magneticHeading>
<gpsHeading>216.718076</gpsHeading>
<haccuracy>4.748651</haccuracy>
<vaccuracy>6.190719</vaccuracy>
<internetconnect>2</internetconnect>
</trkpt>
<trkpt lat="36.122291" lon="138.025126">
<ele>1390.626721</ele>
<time>2026-06-19T02:27:01Z</time>
<speed>11.788944</speed>
<trueHeading>204.549072</trueHeading>
<magneticHeading>212.857162</magneticHeading>
<gpsHeading>222.292042</gpsHeading>
<haccuracy>4.748651</haccuracy>
<vaccuracy>6.043827</vaccuracy>
<internetconnect>2</internetconnect>
</trkpt>
<trkpt lat="36.122216" lon="138.025033">
<ele>1389.592161</ele>
<time>2026-06-19T02:27:02Z</time>
<speed>11.782141</speed>
<trueHeading>219.613541</trueHeading>
<magneticHeading>227.921631</magneticHeading>
<gpsHeading>225.214828</gpsHeading>
<haccuracy>4.748651</haccuracy>
<vaccuracy>5.741200</vaccuracy>
<internetconnect>2</internetconnect>
</trkpt>
<trkpt lat="36.122150" lon="138.024930">
<ele>1388.675403</ele>
<time>2026-06-19T02:27:03Z</time>
<speed>11.804619</speed>
<trueHeading>219.613541</trueHeading>
<magneticHeading>227.921631</magneticHeading>
<gpsHeading>231.366926</gpsHeading>
<haccuracy>4.748652</haccuracy>
<vaccuracy>5.520589</vaccuracy>
<internetconnect>2</internetconnect>
</trkpt>
<trkpt lat="36.122095" lon="138.024811">
<ele>1388.588817</ele>
<time>2026-06-19T02:27:04Z</time>
<speed>11.860784</speed>
<trueHeading>219.613541</trueHeading>
<magneticHeading>227.921631</magneticHeading>
<gpsHeading>240.410849</gpsHeading>
<haccuracy>4.748652</haccuracy>
<vaccuracy>5.513196</vaccuracy>
<internetconnect>2</internetconnect>
</trkpt>
<trkpt lat="36.122028" lon="138.024709">
<ele>1388.963201</ele>
<time>2026-06-19T02:27:05Z</time>
<speed>12.007210</speed>
<trueHeading>219.613541</trueHeading>
<magneticHeading>227.921631</magneticHeading>
<gpsHeading>230.803277</gpsHeading>
<haccuracy>4.748651</haccuracy>
<vaccuracy>7.583352</vaccuracy>
<internetconnect>2</internetconnect>
</trkpt>
<trkpt lat="36.121966" lon="138.024594">
<ele>1387.749225</ele>
<time>2026-06-19T02:27:06Z</time>
<speed>12.080359</speed>
<trueHeading>219.613541</trueHeading>
<magneticHeading>227.921631</magneticHeading>
<gpsHeading>236.250800</gpsHeading>
<haccuracy>4.748651</haccuracy>
<vaccuracy>7.121588</vaccuracy>
<internetconnect>2</internetconnect>
</trkpt>
<trkpt lat="36.121892" lon="138.024490">
<ele>1385.903720</ele>
<time>2026-06-19T02:27:07Z</time>
<speed>11.955893</speed>
<trueHeading>219.613541</trueHeading>
<magneticHeading>227.921631</magneticHeading>
<gpsHeading>228.701251</gpsHeading>
<haccuracy>4.748651</haccuracy>
<vaccuracy>6.898748</vaccuracy>
<internetconnect>2</internetconnect>
</trkpt>
<trkpt lat="36.121827" lon="138.024401">
<ele>1384.425177</ele>
<time>2026-06-19T02:27:08Z</time>
<speed>10.606750</speed>
<trueHeading>219.613541</trueHeading>
<magneticHeading>227.921631</magneticHeading>
<gpsHeading>227.621839</gpsHeading>
<haccuracy>4.748651</haccuracy>
<vaccuracy>7.239648</vaccuracy>
<internetconnect>2</internetconnect>
</trkpt>
<trkpt lat="36.121785" lon="138.024329">
<ele>1383.580532</ele>
<time>2026-06-19T02:27:09Z</time>
<speed>8.177103</speed>
<trueHeading>234.679993</trueHeading>
<magneticHeading>242.988083</magneticHeading>
<gpsHeading>234.582748</gpsHeading>
<haccuracy>4.748651</haccuracy>
<vaccuracy>7.307667</vaccuracy>
<internetconnect>2</internetconnect>
</trkpt>
<trkpt lat="36.121773" lon="138.024251">
<ele>1382.861458</ele>
<time>2026-06-19T02:27:10Z</time>
<speed>7.017584</speed>
<trueHeading>250.051743</trueHeading>
<magneticHeading>258.359833</magneticHeading>
<gpsHeading>259.286749</gpsHeading>
<haccuracy>4.748651</haccuracy>
<vaccuracy>7.093850</vaccuracy>
<internetconnect>2</internetconnect>
</trkpt>
<trkpt lat="36.121769" lon="138.024178">
<ele>1382.404494</ele>
<time>2026-06-19T02:27:11Z</time>
<speed>6.385227</speed>
<trueHeading>280.483398</trueHeading>
<magneticHeading>288.791504</magneticHeading>
<gpsHeading>265.363473</gpsHeading>
<haccuracy>4.748651</haccuracy>
<vaccuracy>6.938145</vaccuracy>
<internetconnect>2</internetconnect>
</trkpt>
<trkpt lat="36.121795" lon="138.024100">
<ele>1382.205232</ele>
<time>2026-06-19T02:27:12Z</time>
<speed>6.464647</speed>
<trueHeading>295.500885</trueHeading>
<magneticHeading>303.808990</magneticHeading>
<gpsHeading>292.902136</gpsHeading>
<haccuracy>4.748652</haccuracy>
<vaccuracy>7.041626</vaccuracy>
<internetconnect>2</internetconnect>
</trkpt>
<trkpt lat="36.121849" lon="138.024031">
<ele>1381.697747</ele>
<time>2026-06-19T02:27:13Z</time>
<speed>6.727765</speed>
<trueHeading>310.636749</trueHeading>
<magneticHeading>318.944855</magneticHeading>
<gpsHeading>313.994713</gpsHeading>
<haccuracy>4.748652</haccuracy>
<vaccuracy>7.125400</vaccuracy>
<internetconnect>2</internetconnect>
</trkpt>
<trkpt lat="36.121897" lon="138.023988">
<ele>1381.336734</ele>
<time>2026-06-19T02:27:14Z</time>
<speed>5.903678</speed>
<trueHeading>325.659668</trueHeading>
<magneticHeading>333.967773</magneticHeading>
<gpsHeading>324.376394</gpsHeading>
<haccuracy>4.748652</haccuracy>
<vaccuracy>6.915983</vaccuracy>
<internetconnect>2</internetconnect>
</trkpt>
<trkpt lat="36.121959" lon="138.023964">
<ele>1379.939865</ele>
<time>2026-06-19T02:27:15Z</time>
<speed>5.865726</speed>
<trueHeading>355.818878</trueHeading>
<magneticHeading>4.126961</magneticHeading>
<gpsHeading>342.470058</gpsHeading>
<haccuracy>4.748652</haccuracy>
<vaccuracy>6.751461</vaccuracy>
<internetconnect>2</internetconnect>
</trkpt>
<trkpt lat="36.122047" lon="138.023986">
<ele>1379.774882</ele>
<time>2026-06-19T02:27:16Z</time>
<speed>6.754541</speed>
<trueHeading>10.856998</trueHeading>
<magneticHeading>19.165091</magneticHeading>
<gpsHeading>11.258935</gpsHeading>
<haccuracy>4.748652</haccuracy>
<vaccuracy>6.599216</vaccuracy>
<internetconnect>2</internetconnect>
</trkpt>
<trkpt lat="36.122116" lon="138.024013">
<ele>1379.239346</ele>
<time>2026-06-19T02:27:17Z</time>
<speed>7.502246</speed>
<trueHeading>10.856998</trueHeading>
<magneticHeading>19.165091</magneticHeading>
<gpsHeading>17.513618</gpsHeading>
<haccuracy>4.748652</haccuracy>
<vaccuracy>6.349959</vaccuracy>
<internetconnect>2</internetconnect>
</trkpt>
<trkpt lat="36.122184" lon="138.024039">
<ele>1378.362359</ele>
<time>2026-06-19T02:27:18Z</time>
<speed>7.757332</speed>
<trueHeading>10.856998</trueHeading>
<magneticHeading>19.165091</magneticHeading>
<gpsHeading>17.513596</gpsHeading>
<haccuracy>4.748652</haccuracy>
<vaccuracy>6.135106</vaccuracy>
<internetconnect>2</internetconnect>
</trkpt>
<trkpt lat="36.122247" lon="138.024045">
<ele>1377.526711</ele>
<time>2026-06-19T02:27:19Z</time>
<speed>7.888912</speed>
<trueHeading>10.856998</trueHeading>
<magneticHeading>19.165091</magneticHeading>
<gpsHeading>3.813795</gpsHeading>
<haccuracy>4.748652</haccuracy>
<vaccuracy>6.183681</vaccuracy>
<internetconnect>2</internetconnect>
</trkpt>
<trkpt lat="36.122318" lon="138.024051">
<ele>1376.873972</ele>
<time>2026-06-19T02:27:20Z</time>
<speed>7.942389</speed>
<trueHeading>355.692780</trueHeading>
<magneticHeading>4.000865</magneticHeading>
<gpsHeading>3.920192</gpsHeading>
<haccuracy>4.748652</haccuracy>
<vaccuracy>6.545182</vaccuracy>
<internetconnect>2</internetconnect>
</trkpt>
<trkpt lat="36.122369" lon="138.024012">
<ele>1376.673243</ele>
<time>2026-06-19T02:27:21Z</time>
<speed>7.948166</speed>
<trueHeading>340.446625</trueHeading>
<magneticHeading>348.754730</magneticHeading>
<gpsHeading>328.512764</gpsHeading>
<haccuracy>4.748651</haccuracy>
<vaccuracy>6.589837</vaccuracy>
<internetconnect>2</internetconnect>
</trkpt>
<trkpt lat="36.122429" lon="138.023967">
<ele>1375.783051</ele>
<time>2026-06-19T02:27:22Z</time>
<speed>8.304594</speed>
<trueHeading>325.349213</trueHeading>
<magneticHeading>333.657318</magneticHeading>
<gpsHeading>328.567806</gpsHeading>
<haccuracy>4.748651</haccuracy>
<vaccuracy>6.553865</vaccuracy>
<internetconnect>2</internetconnect>
</trkpt>
<trkpt lat="36.122475" lon="138.023901">
<ele>1374.774278</ele>
<time>2026-06-19T02:27:23Z</time>
<speed>8.790680</speed>
<trueHeading>310.060089</trueHeading>
<magneticHeading>318.368195</magneticHeading>
<gpsHeading>311.091709</gpsHeading>
<haccuracy>4.748650</haccuracy>
<vaccuracy>6.436875</vaccuracy>
<internetconnect>2</internetconnect>
</trkpt>
<trkpt lat="36.122508" lon="138.023808">
<ele>1373.242838</ele>
<time>2026-06-19T02:27:24Z</time>
<speed>9.435021</speed>
<trueHeading>294.896698</trueHeading>
<magneticHeading>303.204803</magneticHeading>
<gpsHeading>293.533286</gpsHeading>
<haccuracy>4.748650</haccuracy>
<vaccuracy>6.327017</vaccuracy>
<internetconnect>2</internetconnect>
</trkpt>
<trkpt lat="36.122529" lon="138.023712">
<ele>1371.707808</ele>
<time>2026-06-19T02:27:25Z</time>
<speed>9.491200</speed>
<trueHeading>294.896698</trueHeading>
<magneticHeading>303.204803</magneticHeading>
<gpsHeading>285.276406</gpsHeading>
<haccuracy>4.748650</haccuracy>
<vaccuracy>6.198279</vaccuracy>
<internetconnect>2</internetconnect>
</trkpt>
<trkpt lat="36.122558" lon="138.023624">
<ele>1371.119015</ele>
<time>2026-06-19T02:27:26Z</time>
<speed>8.718047</speed>
<trueHeading>294.896698</trueHeading>
<magneticHeading>303.204803</magneticHeading>
<gpsHeading>292.405478</gpsHeading>
<haccuracy>4.748650</haccuracy>
<vaccuracy>6.140277</vaccuracy>
<internetconnect>2</internetconnect>
</trkpt>
<trkpt lat="36.122570" lon="138.023547">
<ele>1370.751111</ele>
<time>2026-06-19T02:27:27Z</time>
<speed>7.468090</speed>
<trueHeading>294.896698</trueHeading>
<magneticHeading>303.204803</magneticHeading>
<gpsHeading>280.453019</gpsHeading>
<haccuracy>4.748650</haccuracy>
<vaccuracy>6.057447</vaccuracy>
<internetconnect>2</internetconnect>
</trkpt>
<trkpt lat="36.122593" lon="138.023491">
<ele>1369.791953</ele>
<time>2026-06-19T02:27:28Z</time>
<speed>6.026743</speed>
<trueHeading>310.399017</trueHeading>
<magneticHeading>318.707123</magneticHeading>
<gpsHeading>296.585014</gpsHeading>
<haccuracy>4.748651</haccuracy>
<vaccuracy>6.032283</vaccuracy>
<internetconnect>2</internetconnect>
</trkpt>
<trkpt lat="36.122643" lon="138.023452">
<ele>1368.709807</ele>
<time>2026-06-19T02:27:29Z</time>
<speed>5.924120</speed>
<trueHeading>340.839020</trueHeading>
<magneticHeading>349.147125</magneticHeading>
<gpsHeading>328.208742</gpsHeading>
<haccuracy>4.748651</haccuracy>
<vaccuracy>6.198886</vaccuracy>
<internetconnect>2</internetconnect>
</trkpt>
<trkpt lat="36.122701" lon="138.023423">
<ele>1367.903009</ele>
<time>2026-06-19T02:27:30Z</time>
<speed>6.152869</speed>
<trueHeading>355.870575</trueHeading>
<magneticHeading>4.178673</magneticHeading>
<gpsHeading>338.023927</gpsHeading>
<haccuracy>4.748651</haccuracy>
<vaccuracy>6.271600</vaccuracy>
<internetconnect>2</internetconnect>
</trkpt>
<trkpt lat="36.122768" lon="138.023424">
<ele>1367.235101</ele>
<time>2026-06-19T02:27:31Z</time>
<speed>6.701189</speed>
<trueHeading>355.870575</trueHeading>
<magneticHeading>4.178673</magneticHeading>
<gpsHeading>0.081492</gpsHeading>
<haccuracy>4.748652</haccuracy>
<vaccuracy>6.325582</vaccuracy>
<internetconnect>2</internetconnect>
</trkpt>
<trkpt lat="36.122826" lon="138.023420">
<ele>1366.434075</ele>
<time>2026-06-19T02:27:32Z</time>
<speed>6.750824</speed>
<trueHeading>355.870575</trueHeading>
<magneticHeading>4.178673</magneticHeading>
<gpsHeading>357.167897</gpsHeading>
<haccuracy>4.748652</haccuracy>
<vaccuracy>6.351739</vaccuracy>
<internetconnect>2</internetconnect>
</trkpt>
<trkpt lat="36.122881" lon="138.023396">
<ele>1365.937975</ele>
<time>2026-06-19T02:27:33Z</time>
<speed>6.910175</speed>
<trueHeading>355.870575</trueHeading>
<magneticHeading>4.178673</magneticHeading>
<gpsHeading>340.695447</gpsHeading>
<haccuracy>4.748651</haccuracy>
<vaccuracy>6.423741</vaccuracy>
<internetconnect>2</internetconnect>
</trkpt>
<trkpt lat="36.122917" lon="138.023346">
<ele>1365.705415</ele>
<time>2026-06-19T02:27:34Z</time>
<speed>6.929561</speed>
<trueHeading>340.700500</trueHeading>
<magneticHeading>349.008606</magneticHeading>
<gpsHeading>311.683155</gpsHeading>
<haccuracy>4.748651</haccuracy>
<vaccuracy>6.387561</vaccuracy>
<internetconnect>2</internetconnect>
</trkpt>
<trkpt lat="36.122952" lon="138.023300">
<ele>1365.114065</ele>
<time>2026-06-19T02:27:35Z</time>
<speed>6.589570</speed>
<trueHeading>325.523010</trueHeading>
<magneticHeading>333.831116</magneticHeading>
<gpsHeading>313.845911</gpsHeading>
<haccuracy>4.748651</haccuracy>
<vaccuracy>6.332661</vaccuracy>
<internetconnect>2</internetconnect>
</trkpt>
<trkpt lat="36.122982" lon="138.023251">
<ele>1364.726852</ele>
<time>2026-06-19T02:27:36Z</time>
<speed>6.556112</speed>
<trueHeading>310.351685</trueHeading>
<magneticHeading>318.659790</magneticHeading>
<gpsHeading>306.638584</gpsHeading>
<haccuracy>4.748650</haccuracy>
<vaccuracy>6.292560</vaccuracy>
<internetconnect>2</internetconnect>
</trkpt>
<trkpt lat="36.122989" lon="138.023156">
<ele>1363.025375</ele>
<time>2026-06-19T02:27:38Z</time>
<speed>6.578826</speed>
<trueHeading>264.899384</trueHeading>
<magneticHeading>273.207489</magneticHeading>
<gpsHeading>274.727201</gpsHeading>
<haccuracy>4.748650</haccuracy>
<vaccuracy>5.961512</vaccuracy>
<internetconnect>2</internetconnect>
</trkpt>
<trkpt lat="36.122979" lon="138.023095">
<ele>1362.969056</ele>
<time>2026-06-19T02:27:39Z</time>
<speed>6.910095</speed>
<trueHeading>264.899384</trueHeading>
<magneticHeading>273.207489</magneticHeading>
<gpsHeading>259.199412</gpsHeading>
<haccuracy>4.748650</haccuracy>
<vaccuracy>6.297009</vaccuracy>
<internetconnect>2</internetconnect>
</trkpt>
<trkpt lat="36.122968" lon="138.023018">
<ele>1362.772417</ele>
<time>2026-06-19T02:27:40Z</time>
<speed>6.820325</speed>
<trueHeading>264.899384</trueHeading>
<magneticHeading>273.207489</magneticHeading>
<gpsHeading>259.412000</gpsHeading>
<haccuracy>4.748650</haccuracy>
<vaccuracy>6.386717</vaccuracy>
<internetconnect>2</internetconnect>
</trkpt>
<trkpt lat="36.122958" lon="138.022940">
<ele>1361.870763</ele>
<time>2026-06-19T02:27:41Z</time>
<speed>6.282394</speed>
<trueHeading>279.958496</trueHeading>
<magneticHeading>288.266602</magneticHeading>
<gpsHeading>261.509422</gpsHeading>
<haccuracy>4.748650</haccuracy>
<vaccuracy>6.414818</vaccuracy>
<internetconnect>2</internetconnect>
</trkpt>
<trkpt lat="36.122966" lon="138.022862">
<ele>1361.484894</ele>
<time>2026-06-19T02:27:42Z</time>
<speed>6.642413</speed>
<trueHeading>295.071838</trueHeading>
<magneticHeading>303.379944</magneticHeading>
<gpsHeading>277.456769</gpsHeading>
<haccuracy>4.748650</haccuracy>
<vaccuracy>6.359439</vaccuracy>
<internetconnect>2</internetconnect>
</trkpt>
<trkpt lat="36.122980" lon="138.022773">
<ele>1361.373412</ele>
<time>2026-06-19T02:27:43Z</time>
<speed>6.867595</speed>
<trueHeading>295.071838</trueHeading>
<magneticHeading>303.379944</magneticHeading>
<gpsHeading>280.523936</gpsHeading>
<haccuracy>8.879859</haccuracy>
<vaccuracy>6.184397</vaccuracy>
<internetconnect>2</internetconnect>
</trkpt>
<trkpt lat="36.122996" lon="138.022710">
<ele>1360.568501</ele>
<time>2026-06-19T02:27:44Z</time>
<speed>6.270998</speed>
<trueHeading>279.951569</trueHeading>
<magneticHeading>288.259674</magneticHeading>
<gpsHeading>287.431035</gpsHeading>
<haccuracy>8.528193</haccuracy>
<vaccuracy>5.944839</vaccuracy>
<internetconnect>2</internetconnect>
</trkpt>
<trkpt lat="36.122998" lon="138.022627">
<ele>1359.798715</ele>
<time>2026-06-19T02:27:46Z</time>
<speed>5.780146</speed>
<trueHeading>234.152100</trueHeading>
<magneticHeading>242.460190</magneticHeading>
<gpsHeading>271.709827</gpsHeading>
<haccuracy>4.748651</haccuracy>
<vaccuracy>5.763666</vaccuracy>
<internetconnect>2</internetconnect>
</trkpt>
<trkpt lat="36.122954" lon="138.022584">
<ele>1359.052705</ele>
<time>2026-06-19T02:27:47Z</time>
<speed>6.967202</speed>
<trueHeading>203.797012</trueHeading>
<magneticHeading>212.105103</magneticHeading>
<gpsHeading>218.112548</gpsHeading>
<haccuracy>4.748651</haccuracy>
<vaccuracy>5.923445</vaccuracy>
<internetconnect>2</internetconnect>
</trkpt>
<trkpt lat="36.122876" lon="138.022518">
<ele>1358.117230</ele>
<time>2026-06-19T02:27:48Z</time>
<speed>8.484399</speed>
<trueHeading>203.797012</trueHeading>
<magneticHeading>212.105103</magneticHeading>
<gpsHeading>214.246918</gpsHeading>
<haccuracy>4.748651</haccuracy>
<vaccuracy>5.609311</vaccuracy>
<internetconnect>2</internetconnect>
</trkpt>
<trkpt lat="36.122800" lon="138.022503">
<ele>1357.037976</ele>
<time>2026-06-19T02:27:49Z</time>
<speed>8.865207</speed>
<trueHeading>203.797012</trueHeading>
<magneticHeading>212.105103</magneticHeading>
<gpsHeading>189.090166</gpsHeading>
<haccuracy>4.748651</haccuracy>
<vaccuracy>5.519295</vaccuracy>
<internetconnect>2</internetconnect>
</trkpt>
<trkpt lat="36.122726" lon="138.022489">
<ele>1355.955218</ele>
<time>2026-06-19T02:27:50Z</time>
<speed>8.521765</speed>
<trueHeading>203.797012</trueHeading>
<magneticHeading>212.105103</magneticHeading>
<gpsHeading>189.090147</gpsHeading>
<haccuracy>4.748651</haccuracy>
<vaccuracy>5.371397</vaccuracy>
<internetconnect>2</internetconnect>
</trkpt>
<trkpt lat="36.122664" lon="138.022466">
<ele>1355.049898</ele>
<time>2026-06-19T02:27:51Z</time>
<speed>8.518609</speed>
<trueHeading>203.797012</trueHeading>
<magneticHeading>212.105103</magneticHeading>
<gpsHeading>196.209292</gpsHeading>
<haccuracy>4.748651</haccuracy>
<vaccuracy>5.317492</vaccuracy>
<internetconnect>2</internetconnect>
</trkpt>
<trkpt lat="36.122591" lon="138.022422">
<ele>1353.981401</ele>
<time>2026-06-19T02:27:52Z</time>
<speed>9.257853</speed>
<trueHeading>203.797012</trueHeading>
<magneticHeading>212.105103</magneticHeading>
<gpsHeading>206.162507</gpsHeading>
<haccuracy>4.748651</haccuracy>
<vaccuracy>5.437996</vaccuracy>
<internetconnect>2</internetconnect>
</trkpt>
<trkpt lat="36.122507" lon="138.022383">
<ele>1353.340174</ele>
<time>2026-06-19T02:27:53Z</time>
<speed>9.828235</speed>
<trueHeading>203.797012</trueHeading>
<magneticHeading>212.105103</magneticHeading>
<gpsHeading>200.723516</gpsHeading>
<haccuracy>4.748651</haccuracy>
<vaccuracy>5.431349</vaccuracy>
<internetconnect>2</internetconnect>
</trkpt>
<trkpt lat="36.122433" lon="138.022304">
<ele>1352.214217</ele>
<time>2026-06-19T02:27:54Z</time>
<speed>10.347322</speed>
<trueHeading>218.846603</trueHeading>
<magneticHeading>227.154694</magneticHeading>
<gpsHeading>220.746680</gpsHeading>
<haccuracy>4.748651</haccuracy>
<vaccuracy>5.490793</vaccuracy>
<internetconnect>2</internetconnect>
</trkpt>
<trkpt lat="36.122369" lon="138.022217">
<ele>1351.268439</ele>
<time>2026-06-19T02:27:55Z</time>
<speed>10.399743</speed>
<trueHeading>218.846603</trueHeading>
<magneticHeading>227.154694</magneticHeading>
<gpsHeading>227.542276</gpsHeading>
<haccuracy>4.748651</haccuracy>
<vaccuracy>5.334231</vaccuracy>
<internetconnect>2</internetconnect>
</trkpt>
<trkpt lat="36.122321" lon="138.022143">
<ele>1350.933794</ele>
<time>2026-06-19T02:27:56Z</time>
<speed>9.845673</speed>
<trueHeading>218.846603</trueHeading>
<magneticHeading>227.154694</magneticHeading>
<gpsHeading>231.138153</gpsHeading>
<haccuracy>4.748651</haccuracy>
<vaccuracy>5.265730</vaccuracy>
<internetconnect>2</internetconnect>
</trkpt>
<trkpt lat="36.122279" lon="138.022045">
<ele>1349.650998</ele>
<time>2026-06-19T02:27:57Z</time>
<speed>9.540630</speed>
<trueHeading>233.903152</trueHeading>
<magneticHeading>242.211243</magneticHeading>
<gpsHeading>242.519402</gpsHeading>
<haccuracy>4.748651</haccuracy>
<vaccuracy>5.463795</vaccuracy>
<internetconnect>2</internetconnect>
</trkpt>
<trkpt lat="36.122256" lon="138.021968">
<ele>1349.250904</ele>
<time>2026-06-19T02:27:58Z</time>
<speed>8.237146</speed>
<trueHeading>233.903152</trueHeading>
<magneticHeading>242.211243</magneticHeading>
<gpsHeading>249.005958</gpsHeading>
<haccuracy>4.748651</haccuracy>
<vaccuracy>5.381270</vaccuracy>
<internetconnect>2</internetconnect>
</trkpt>
<trkpt lat="36.122235" lon="138.021888">
<ele>1348.553259</ele>
<time>2026-06-19T02:27:59Z</time>
<speed>7.882883</speed>
<trueHeading>248.989517</trueHeading>
<magneticHeading>257.297607</magneticHeading>
<gpsHeading>252.453114</gpsHeading>
<haccuracy>4.748651</haccuracy>
<vaccuracy>5.419107</vaccuracy>
<internetconnect>2</internetconnect>
</trkpt>
<trkpt lat="36.122234" lon="138.021781">
<ele>1348.907343</ele>
<time>2026-06-19T02:28:00Z</time>
<speed>9.020279</speed>
<trueHeading>264.159576</trueHeading>
<magneticHeading>272.467682</magneticHeading>
<gpsHeading>269.420666</gpsHeading>
<haccuracy>4.748651</haccuracy>
<vaccuracy>5.446133</vaccuracy>
<internetconnect>2</internetconnect>
</trkpt>
<trkpt lat="36.122252" lon="138.021657">
<ele>1348.076978</ele>
<time>2026-06-19T02:28:01Z</time>
<speed>10.351427</speed>
<trueHeading>264.159576</trueHeading>
<magneticHeading>272.467682</magneticHeading>
<gpsHeading>280.089837</gpsHeading>
<haccuracy>4.748651</haccuracy>
<vaccuracy>5.449220</vaccuracy>
<internetconnect>2</internetconnect>
</trkpt>
<trkpt lat="36.122274" lon="138.021528">
<ele>1346.601010</ele>
<time>2026-06-19T02:28:02Z</time>
<speed>11.009140</speed>
<trueHeading>264.159576</trueHeading>
<magneticHeading>272.467682</magneticHeading>
<gpsHeading>281.820083</gpsHeading>
<haccuracy>4.748651</haccuracy>
<vaccuracy>5.323389</vaccuracy>
<internetconnect>2</internetconnect>
</trkpt>
<trkpt lat="36.122275" lon="138.021385">
<ele>1345.201889</ele>
<time>2026-06-19T02:28:03Z</time>
<speed>11.412825</speed>
<trueHeading>264.159576</trueHeading>
<magneticHeading>272.467682</magneticHeading>
<gpsHeading>270.368453</gpsHeading>
<haccuracy>4.748651</haccuracy>
<vaccuracy>5.505274</vaccuracy>
<internetconnect>2</internetconnect>
</trkpt>
<trkpt lat="36.122282" lon="138.021280">
<ele>1343.767948</ele>
<time>2026-06-19T02:28:04Z</time>
<speed>10.006720</speed>
<trueHeading>264.159576</trueHeading>
<magneticHeading>272.467682</magneticHeading>
<gpsHeading>274.685703</gpsHeading>
<haccuracy>4.748651</haccuracy>
<vaccuracy>5.624756</vaccuracy>
<internetconnect>2</internetconnect>
</trkpt>
<trkpt lat="36.122281" lon="138.021184">
<ele>1342.446841</ele>
<time>2026-06-19T02:28:05Z</time>
<speed>8.603890</speed>
<trueHeading>264.159576</trueHeading>
<magneticHeading>272.467682</magneticHeading>
<gpsHeading>269.787540</gpsHeading>
<haccuracy>4.748651</haccuracy>
<vaccuracy>5.809256</vaccuracy>
<internetconnect>2</internetconnect>
</trkpt>
<trkpt lat="36.122269" lon="138.021102">
<ele>1341.204681</ele>
<time>2026-06-19T02:28:06Z</time>
<speed>7.768768</speed>
<trueHeading>248.868301</trueHeading>
<magneticHeading>257.176392</magneticHeading>
<gpsHeading>259.608037</gpsHeading>
<haccuracy>4.748651</haccuracy>
<vaccuracy>5.747005</vaccuracy>
<internetconnect>2</internetconnect>
</trkpt>
<trkpt lat="36.122234" lon="138.021046">
<ele>1340.071130</ele>
<time>2026-06-19T02:28:07Z</time>
<speed>6.502863</speed>
<trueHeading>218.517761</trueHeading>
<magneticHeading>226.825851</magneticHeading>
<gpsHeading>232.322003</gpsHeading>
<haccuracy>4.748651</haccuracy>
<vaccuracy>6.041844</vaccuracy>
<internetconnect>2</internetconnect>
</trkpt>
<trkpt lat="36.122169" lon="138.020981">
<ele>1338.928915</ele>
<time>2026-06-19T02:28:09Z</time>
<speed>5.535488</speed>
<trueHeading>157.461731</trueHeading>
<magneticHeading>165.769821</magneticHeading>
<gpsHeading>218.779357</gpsHeading>
<haccuracy>8.315231</haccuracy>
<vaccuracy>6.208532</vaccuracy>
<internetconnect>2</internetconnect>
</trkpt>
<trkpt lat="36.122073" lon="138.021107">
<ele>1338.363244</ele>
<time>2026-06-19T02:28:10Z</time>
<speed>6.842343</speed>
<trueHeading>142.338440</trueHeading>
<magneticHeading>150.646530</magneticHeading>
<gpsHeading>133.652069</gpsHeading>
<haccuracy>4.748651</haccuracy>
<vaccuracy>6.147066</vaccuracy>
<internetconnect>2</internetconnect>
</trkpt>
<trkpt lat="36.122010" lon="138.021182">
<ele>1338.611451</ele>
<time>2026-06-19T02:28:11Z</time>
<speed>8.503227</speed>
<trueHeading>142.338440</trueHeading>
<magneticHeading>150.646530</magneticHeading>
<gpsHeading>135.819533</gpsHeading>
<haccuracy>4.748651</haccuracy>
<vaccuracy>6.020497</vaccuracy>
<internetconnect>2</internetconnect>
</trkpt>
<trkpt lat="36.121943" lon="138.021260">
<ele>1337.703027</ele>
<time>2026-06-19T02:28:12Z</time>
<speed>9.925282</speed>
<trueHeading>142.338440</trueHeading>
<magneticHeading>150.646530</magneticHeading>
<gpsHeading>136.572932</gpsHeading>
<haccuracy>4.748651</haccuracy>
<vaccuracy>5.892459</vaccuracy>
<internetconnect>2</internetconnect>
</trkpt>
<trkpt lat="36.121877" lon="138.021345">
<ele>1336.284689</ele>
<time>2026-06-19T02:28:13Z</time>
<speed>10.501058</speed>
<trueHeading>142.338440</trueHeading>
<magneticHeading>150.646530</magneticHeading>
<gpsHeading>134.214225</gpsHeading>
<haccuracy>4.748651</haccuracy>
<vaccuracy>5.675109</vaccuracy>
<internetconnect>2</internetconnect>
</trkpt>
<trkpt lat="36.121799" lon="138.021425">
<ele>1335.334935</ele>
<time>2026-06-19T02:28:14Z</time>
<speed>11.049932</speed>
<trueHeading>142.338440</trueHeading>
<magneticHeading>150.646530</magneticHeading>
<gpsHeading>140.266121</gpsHeading>
<haccuracy>4.748651</haccuracy>
<vaccuracy>5.520373</vaccuracy>
<internetconnect>2</internetconnect>
</trkpt>
<trkpt lat="36.121720" lon="138.021508">
<ele>1334.036971</ele>
<time>2026-06-19T02:28:15Z</time>
<speed>11.437346</speed>
<trueHeading>142.338440</trueHeading>
<magneticHeading>150.646530</magneticHeading>
<gpsHeading>139.779153</gpsHeading>
<haccuracy>4.748651</haccuracy>
<vaccuracy>5.361894</vaccuracy>
<internetconnect>2</internetconnect>
</trkpt>
<trkpt lat="36.121639" lon="138.021591">
<ele>1332.977317</ele>
<time>2026-06-19T02:28:16Z</time>
<speed>11.637414</speed>
<trueHeading>142.338440</trueHeading>
<magneticHeading>150.646530</magneticHeading>
<gpsHeading>140.162335</gpsHeading>
<haccuracy>4.748651</haccuracy>
<vaccuracy>5.248840</vaccuracy>
<internetconnect>2</internetconnect>
</trkpt>
<trkpt lat="36.121568" lon="138.021663">
<ele>1332.025409</ele>
<time>2026-06-19T02:28:17Z</time>
<speed>10.549674</speed>
<trueHeading>142.338440</trueHeading>
<magneticHeading>150.646530</magneticHeading>
<gpsHeading>140.971443</gpsHeading>
<haccuracy>4.748651</haccuracy>
<vaccuracy>5.319845</vaccuracy>
<internetconnect>2</internetconnect>
</trkpt>
<trkpt lat="36.121508" lon="138.021695">
<ele>1330.503600</ele>
<time>2026-06-19T02:28:18Z</time>
<speed>8.618061</speed>
<trueHeading>142.338440</trueHeading>
<magneticHeading>150.646530</magneticHeading>
<gpsHeading>156.865145</gpsHeading>
<haccuracy>4.748651</haccuracy>
<vaccuracy>5.254413</vaccuracy>
<internetconnect>2</internetconnect>
</trkpt>
<trkpt lat="36.121447" lon="138.021719">
<ele>1329.498648</ele>
<time>2026-06-19T02:28:19Z</time>
<speed>8.121541</speed>
<trueHeading>157.547531</trueHeading>
<magneticHeading>165.855621</magneticHeading>
<gpsHeading>162.072893</gpsHeading>
<haccuracy>4.748651</haccuracy>
<vaccuracy>5.223064</vaccuracy>
<internetconnect>2</internetconnect>
</trkpt>
<trkpt lat="36.121371" lon="138.021731">
<ele>1328.353339</ele>
<time>2026-06-19T02:28:20Z</time>
<speed>8.410334</speed>
<trueHeading>157.547531</trueHeading>
<magneticHeading>165.855621</magneticHeading>
<gpsHeading>173.122428</gpsHeading>
<haccuracy>4.748651</haccuracy>
<vaccuracy>5.166515</vaccuracy>
<internetconnect>2</internetconnect>
</trkpt>
<trkpt lat="36.121296" lon="138.021728">
<ele>1327.872237</ele>
<time>2026-06-19T02:28:21Z</time>
<speed>8.652097</speed>
<trueHeading>172.767517</trueHeading>
<magneticHeading>181.075607</magneticHeading>
<gpsHeading>181.308687</gpsHeading>
<haccuracy>4.748651</haccuracy>
<vaccuracy>5.303504</vaccuracy>
<internetconnect>2</internetconnect>
</trkpt>
<trkpt lat="36.121218" lon="138.021734">
<ele>1327.271451</ele>
<time>2026-06-19T02:28:22Z</time>
<speed>8.747569</speed>
<trueHeading>187.959534</trueHeading>
<magneticHeading>196.267624</magneticHeading>
<gpsHeading>176.837113</gpsHeading>
<haccuracy>4.748651</haccuracy>
<vaccuracy>5.460717</vaccuracy>
<internetconnect>2</internetconnect>
</trkpt>
<trkpt lat="36.121146" lon="138.021698">
<ele>1326.025145</ele>
<time>2026-06-19T02:28:23Z</time>
<speed>8.814961</speed>
<trueHeading>187.959534</trueHeading>
<magneticHeading>196.267624</magneticHeading>
<gpsHeading>201.624081</gpsHeading>
<haccuracy>4.748651</haccuracy>
<vaccuracy>5.526373</vaccuracy>
<internetconnect>2</internetconnect>
</trkpt>
<trkpt lat="36.121086" lon="138.021635">
<ele>1325.051588</ele>
<time>2026-06-19T02:28:24Z</time>
<speed>8.501103</speed>
<trueHeading>187.959534</trueHeading>
<magneticHeading>196.267624</magneticHeading>
<gpsHeading>220.166050</gpsHeading>
<haccuracy>4.748651</haccuracy>
<vaccuracy>5.622519</vaccuracy>
<internetconnect>2</internetconnect>
</trkpt>
<trkpt lat="36.121010" lon="138.021596">
<ele>1324.475695</ele>
<time>2026-06-19T02:28:25Z</time>
<speed>8.684402</speed>
<trueHeading>187.959534</trueHeading>
<magneticHeading>196.267624</magneticHeading>
<gpsHeading>202.894873</gpsHeading>
<haccuracy>4.748651</haccuracy>
<vaccuracy>5.615938</vaccuracy>
<internetconnect>2</internetconnect>
</trkpt>
<trkpt lat="36.120945" lon="138.021570">
<ele>1323.990460</ele>
<time>2026-06-19T02:28:26Z</time>
<speed>8.550992</speed>
<trueHeading>187.959534</trueHeading>
<magneticHeading>196.267624</magneticHeading>
<gpsHeading>197.675933</gpsHeading>
<haccuracy>4.748651</haccuracy>
<vaccuracy>5.668982</vaccuracy>
<internetconnect>2</internetconnect>
</trkpt>
<trkpt lat="36.120850" lon="138.021527">
<ele>1323.082474</ele>
<time>2026-06-19T02:28:27Z</time>
<speed>8.949078</speed>
<trueHeading>187.959534</trueHeading>
<magneticHeading>196.267624</magneticHeading>
<gpsHeading>200.013566</gpsHeading>
<haccuracy>9.032729</haccuracy>
<vaccuracy>5.746876</vaccuracy>
<internetconnect>2</internetconnect>
</trkpt>
<trkpt lat="36.120763" lon="138.021520">
<ele>1322.460437</ele>
<time>2026-06-19T02:28:28Z</time>
<speed>9.430936</speed>
<trueHeading>187.959534</trueHeading>
<magneticHeading>196.267624</magneticHeading>
<gpsHeading>184.043498</gpsHeading>
<haccuracy>10.008391</haccuracy>
<vaccuracy>5.735337</vaccuracy>
<internetconnect>2</internetconnect>
</trkpt>
<trkpt lat="36.120668" lon="138.021511">
<ele>1321.412184</ele>
<time>2026-06-19T02:28:29Z</time>
<speed>10.010980</speed>
<trueHeading>187.959534</trueHeading>
<magneticHeading>196.267624</magneticHeading>
<gpsHeading>184.002171</gpsHeading>
<haccuracy>10.162164</haccuracy>
<vaccuracy>5.662641</vaccuracy>
<internetconnect>2</internetconnect>
</trkpt>
<trkpt lat="36.120579" lon="138.021496">
<ele>1320.397014</ele>
<time>2026-06-19T02:28:30Z</time>
<speed>10.459810</speed>
<trueHeading>187.959534</trueHeading>
<magneticHeading>196.267624</magneticHeading>
<gpsHeading>187.753988</gpsHeading>
<haccuracy>8.127967</haccuracy>
<vaccuracy>5.655265</vaccuracy>
<internetconnect>2</internetconnect>
</trkpt>
<trkpt lat="36.120497" lon="138.021479">
<ele>1319.586441</ele>
<time>2026-06-19T02:28:31Z</time>
<speed>10.481299</speed>
<trueHeading>187.959534</trueHeading>
<magneticHeading>196.267624</magneticHeading>
<gpsHeading>189.586229</gpsHeading>
<haccuracy>4.748651</haccuracy>
<vaccuracy>5.665990</vaccuracy>
<internetconnect>2</internetconnect>
</trkpt>
<trkpt lat="36.120409" lon="138.021450">
<ele>1318.024648</ele>
<time>2026-06-19T02:28:32Z</time>
<speed>9.928024</speed>
<trueHeading>187.959534</trueHeading>
<magneticHeading>196.267624</magneticHeading>
<gpsHeading>194.978122</gpsHeading>
<haccuracy>4.748651</haccuracy>
<vaccuracy>5.681752</vaccuracy>
<internetconnect>2</internetconnect>
</trkpt>
<trkpt lat="36.120319" lon="138.021454">
<ele>1316.731915</ele>
<time>2026-06-19T02:28:33Z</time>
<speed>9.178492</speed>
<trueHeading>187.959534</trueHeading>
<magneticHeading>196.267624</magneticHeading>
<gpsHeading>178.007126</gpsHeading>
<haccuracy>4.748650</haccuracy>
<vaccuracy>5.670430</vaccuracy>
<internetconnect>2</internetconnect>
</trkpt>
<trkpt lat="36.120224" lon="138.021482">
<ele>1315.845607</ele>
<time>2026-06-19T02:28:34Z</time>
<speed>9.961921</speed>
<trueHeading>172.756790</trueHeading>
<magneticHeading>181.064880</magneticHeading>
<gpsHeading>166.344600</gpsHeading>
<haccuracy>4.748650</haccuracy>
<vaccuracy>5.657083</vaccuracy>
<internetconnect>2</internetconnect>
</trkpt>
<trkpt lat="36.120121" lon="138.021520">
<ele>1314.917864</ele>
<time>2026-06-19T02:28:35Z</time>
<speed>11.003611</speed>
<trueHeading>172.756790</trueHeading>
<magneticHeading>181.064880</magneticHeading>
<gpsHeading>163.741696</gpsHeading>
<haccuracy>4.748650</haccuracy>
<vaccuracy>5.691598</vaccuracy>
<internetconnect>2</internetconnect>
</trkpt>
<trkpt lat="36.120029" lon="138.021558">
<ele>1313.645078</ele>
<time>2026-06-19T02:28:36Z</time>
<speed>10.784368</speed>
<trueHeading>172.756790</trueHeading>
<magneticHeading>181.064880</magneticHeading>
<gpsHeading>161.148416</gpsHeading>
<haccuracy>4.748650</haccuracy>
<vaccuracy>5.540058</vaccuracy>
<internetconnect>2</internetconnect>
</trkpt>
<trkpt lat="36.119952" lon="138.021576">
<ele>1312.204295</ele>
<time>2026-06-19T02:28:37Z</time>
<speed>9.894711</speed>
<trueHeading>172.756790</trueHeading>
<magneticHeading>181.064880</magneticHeading>
<gpsHeading>169.778320</gpsHeading>
<haccuracy>4.748650</haccuracy>
<vaccuracy>5.427968</vaccuracy>
<internetconnect>2</internetconnect>
</trkpt>
<trkpt lat="36.119863" lon="138.021594">
<ele>1311.544520</ele>
<time>2026-06-19T02:28:38Z</time>
<speed>10.047929</speed>
<trueHeading>172.756790</trueHeading>
<magneticHeading>181.064880</magneticHeading>
<gpsHeading>170.707609</gpsHeading>
<haccuracy>4.748650</haccuracy>
<vaccuracy>5.603423</vaccuracy>
<internetconnect>2</internetconnect>
</trkpt>
<trkpt lat="36.119772" lon="138.021614">
<ele>1309.939054</ele>
<time>2026-06-19T02:28:39Z</time>
<speed>10.500951</speed>
<trueHeading>187.798111</trueHeading>
<magneticHeading>196.106201</magneticHeading>
<gpsHeading>169.773718</gpsHeading>
<haccuracy>4.748650</haccuracy>
<vaccuracy>5.714748</vaccuracy>
<internetconnect>2</internetconnect>
</trkpt>
<trkpt lat="36.119685" lon="138.021564">
<ele>1309.254340</ele>
<time>2026-06-19T02:28:40Z</time>
<speed>10.178286</speed>
<trueHeading>187.798111</trueHeading>
<magneticHeading>196.106201</magneticHeading>
<gpsHeading>204.964501</gpsHeading>
<haccuracy>4.748651</haccuracy>
<vaccuracy>5.975692</vaccuracy>
<internetconnect>2</internetconnect>
</trkpt>
<trkpt lat="36.119610" lon="138.021506">
<ele>1306.352662</ele>
<time>2026-06-19T02:28:41Z</time>
<speed>9.079093</speed>
<trueHeading>187.798111</trueHeading>
<magneticHeading>196.106201</magneticHeading>
<gpsHeading>211.733723</gpsHeading>
<haccuracy>4.748650</haccuracy>
<vaccuracy>6.203337</vaccuracy>
<internetconnect>2</internetconnect>
</trkpt>
<trkpt lat="36.119544" lon="138.021507">
<ele>1305.419710</ele>
<time>2026-06-19T02:28:42Z</time>
<speed>7.408973</speed>
<trueHeading>172.705475</trueHeading>
<magneticHeading>181.013565</magneticHeading>
<gpsHeading>179.330788</gpsHeading>
<haccuracy>4.748650</haccuracy>
<vaccuracy>6.172204</vaccuracy>
<internetconnect>2</internetconnect>
</trkpt>
<trkpt lat="36.119480" lon="138.021534">
<ele>1303.964349</ele>
<time>2026-06-19T02:28:43Z</time>
<speed>7.311833</speed>
<trueHeading>157.342178</trueHeading>
<magneticHeading>165.650269</magneticHeading>
<gpsHeading>161.102613</gpsHeading>
<haccuracy>4.748650</haccuracy>
<vaccuracy>6.158373</vaccuracy>
<internetconnect>2</internetconnect>
</trkpt>
<trkpt lat="36.119437" lon="138.021589">
<ele>1302.744909</ele>
<time>2026-06-19T02:28:44Z</time>
<speed>6.727133</speed>
<trueHeading>126.612396</trueHeading>
<magneticHeading>134.920486</magneticHeading>
<gpsHeading>134.338586</gpsHeading>
<haccuracy>4.748650</haccuracy>
<vaccuracy>5.849730</vaccuracy>
<internetconnect>2</internetconnect>
</trkpt>
<trkpt lat="36.119437" lon="138.021662">
<ele>1302.120466</ele>
<time>2026-06-19T02:28:45Z</time>
<speed>5.920251</speed>
<trueHeading>95.821884</trueHeading>
<magneticHeading>104.129974</magneticHeading>
<gpsHeading>90.385981</gpsHeading>
<haccuracy>4.748651</haccuracy>
<vaccuracy>5.711774</vaccuracy>
<internetconnect>2</internetconnect>
</trkpt>
<trkpt lat="36.119482" lon="138.021706">
<ele>1301.627211</ele>
<time>2026-06-19T02:28:46Z</time>
<speed>5.539170</speed>
<trueHeading>65.439796</trueHeading>
<magneticHeading>73.747887</magneticHeading>
<gpsHeading>38.169065</gpsHeading>
<haccuracy>4.748651</haccuracy>
<vaccuracy>5.572864</vaccuracy>
<internetconnect>2</internetconnect>
</trkpt>
<trkpt lat="36.119503" lon="138.021780">
<ele>1301.239188</ele>
<time>2026-06-19T02:28:47Z</time>
<speed>6.224990</speed>
<trueHeading>35.007042</trueHeading>
<magneticHeading>43.315132</magneticHeading>
<gpsHeading>70.344648</gpsHeading>
<haccuracy>4.748651</haccuracy>
<vaccuracy>5.586034</vaccuracy>
<internetconnect>2</internetconnect>
</trkpt>
<trkpt lat="36.119595" lon="138.021730">
<ele>1300.461295</ele>
<time>2026-06-19T02:28:48Z</time>
<speed>7.872600</speed>
<trueHeading>19.895815</trueHeading>
<magneticHeading>28.203907</magneticHeading>
<gpsHeading>336.022007</gpsHeading>
<haccuracy>7.565951</haccuracy>
<vaccuracy>5.479247</vaccuracy>
<internetconnect>2</internetconnect>
</trkpt>
<trkpt lat="36.119681" lon="138.021756">
<ele>1298.886449</ele>
<time>2026-06-19T02:28:49Z</time>
<speed>9.471831</speed>
<trueHeading>19.895815</trueHeading>
<magneticHeading>28.203907</magneticHeading>
<gpsHeading>13.789051</gpsHeading>
<haccuracy>4.748652</haccuracy>
<vaccuracy>5.762673</vaccuracy>
<internetconnect>2</internetconnect>
</trkpt>
<trkpt lat="36.119783" lon="138.021788">
<ele>1296.566472</ele>
<time>2026-06-19T02:28:50Z</time>
<speed>10.600520</speed>
<trueHeading>19.895815</trueHeading>
<magneticHeading>28.203907</magneticHeading>
<gpsHeading>13.961231</gpsHeading>
<haccuracy>4.748652</haccuracy>
<vaccuracy>7.252154</vaccuracy>
<internetconnect>2</internetconnect>
</trkpt>
<trkpt lat="36.119867" lon="138.021814">
<ele>1295.924125</ele>
<time>2026-06-19T02:28:51Z</time>
<speed>10.408314</speed>
<trueHeading>19.895815</trueHeading>
<magneticHeading>28.203907</magneticHeading>
<gpsHeading>14.163159</gpsHeading>
<haccuracy>4.748652</haccuracy>
<vaccuracy>7.597746</vaccuracy>
<internetconnect>2</internetconnect>
</trkpt>
<trkpt lat="36.119965" lon="138.021832">
<ele>1294.343522</ele>
<time>2026-06-19T02:28:52Z</time>
<speed>10.828613</speed>
<trueHeading>19.895815</trueHeading>
<magneticHeading>28.203907</magneticHeading>
<gpsHeading>8.449741</gpsHeading>
<haccuracy>4.748652</haccuracy>
<vaccuracy>7.707480</vaccuracy>
<internetconnect>2</internetconnect>
</trkpt>
<trkpt lat="36.120067" lon="138.021852">
<ele>1292.599938</ele>
<time>2026-06-19T02:28:53Z</time>
<speed>11.039523</speed>
<trueHeading>19.895815</trueHeading>
<magneticHeading>28.203907</magneticHeading>
<gpsHeading>8.922140</gpsHeading>
<haccuracy>4.748652</haccuracy>
<vaccuracy>7.686887</vaccuracy>
<internetconnect>2</internetconnect>
</trkpt>
<trkpt lat="36.120166" lon="138.021896">
<ele>1291.428274</ele>
<time>2026-06-19T02:28:54Z</time>
<speed>11.104511</speed>
<trueHeading>19.895815</trueHeading>
<magneticHeading>28.203907</magneticHeading>
<gpsHeading>20.141508</gpsHeading>
<haccuracy>4.748652</haccuracy>
<vaccuracy>7.577991</vaccuracy>
<internetconnect>2</internetconnect>
</trkpt>
<trkpt lat="36.120254" lon="138.021921">
<ele>1290.795399</ele>
<time>2026-06-19T02:28:55Z</time>
<speed>10.323250</speed>
<trueHeading>19.895815</trueHeading>
<magneticHeading>28.203907</magneticHeading>
<gpsHeading>12.839985</gpsHeading>
<haccuracy>4.748652</haccuracy>
<vaccuracy>7.736147</vaccuracy>
<internetconnect>2</internetconnect>
</trkpt>
<trkpt lat="36.120340" lon="138.021964">
<ele>1289.778552</ele>
<time>2026-06-19T02:28:56Z</time>
<speed>10.429823</speed>
<trueHeading>19.895815</trueHeading>
<magneticHeading>28.203907</magneticHeading>
<gpsHeading>21.883203</gpsHeading>
<haccuracy>4.748652</haccuracy>
<vaccuracy>7.230244</vaccuracy>
<internetconnect>2</internetconnect>
</trkpt>
<trkpt lat="36.120440" lon="138.021983">
<ele>1288.804519</ele>
<time>2026-06-19T02:28:57Z</time>
<speed>10.928647</speed>
<trueHeading>19.895815</trueHeading>
<magneticHeading>28.203907</magneticHeading>
<gpsHeading>8.759648</gpsHeading>
<haccuracy>4.748652</haccuracy>
<vaccuracy>7.507794</vaccuracy>
<internetconnect>2</internetconnect>
</trkpt>
<trkpt lat="36.120524" lon="138.022017">
<ele>1288.030318</ele>
<time>2026-06-19T02:28:58Z</time>
<speed>10.114813</speed>
<trueHeading>19.895815</trueHeading>
<magneticHeading>28.203907</magneticHeading>
<gpsHeading>18.187163</gpsHeading>
<haccuracy>4.748651</haccuracy>
<vaccuracy>7.846937</vaccuracy>
<internetconnect>2</internetconnect>
</trkpt>
<trkpt lat="36.120601" lon="138.022070">
<ele>1286.941734</ele>
<time>2026-06-19T02:28:59Z</time>
<speed>9.670421</speed>
<trueHeading>19.895815</trueHeading>
<magneticHeading>28.203907</magneticHeading>
<gpsHeading>28.724405</gpsHeading>
<haccuracy>4.748651</haccuracy>
<vaccuracy>7.780546</vaccuracy>
<internetconnect>2</internetconnect>
</trkpt>
<trkpt lat="36.120676" lon="138.022090">
<ele>1286.294712</ele>
<time>2026-06-19T02:29:00Z</time>
<speed>8.641566</speed>
<trueHeading>19.895815</trueHeading>
<magneticHeading>28.203907</magneticHeading>
<gpsHeading>12.608461</gpsHeading>
<haccuracy>4.748651</haccuracy>
<vaccuracy>7.645525</vaccuracy>
<internetconnect>2</internetconnect>
</trkpt>
<trkpt lat="36.120738" lon="138.022115">
<ele>1286.075109</ele>
<time>2026-06-19T02:29:01Z</time>
<speed>7.421476</speed>
<trueHeading>19.895815</trueHeading>
<magneticHeading>28.203907</magneticHeading>
<gpsHeading>17.883364</gpsHeading>
<haccuracy>4.748651</haccuracy>
<vaccuracy>7.507835</vaccuracy>
<internetconnect>2</internetconnect>
</trkpt>
<trkpt lat="36.120791" lon="138.022153">
<ele>1285.829261</ele>
<time>2026-06-19T02:29:02Z</time>
<speed>6.929052</speed>
<trueHeading>19.895815</trueHeading>
<magneticHeading>28.203907</magneticHeading>
<gpsHeading>29.988496</gpsHeading>
<haccuracy>4.748651</haccuracy>
<vaccuracy>7.450896</vaccuracy>
<internetconnect>2</internetconnect>
</trkpt>
<trkpt lat="36.120838" lon="138.022202">
<ele>1284.901094</ele>
<time>2026-06-19T02:29:03Z</time>
<speed>6.870540</speed>
<trueHeading>50.287483</trueHeading>
<magneticHeading>58.595573</magneticHeading>
<gpsHeading>40.273610</gpsHeading>
<haccuracy>4.748651</haccuracy>
<vaccuracy>7.371439</vaccuracy>
<internetconnect>2</internetconnect>
</trkpt>
<trkpt lat="36.120831" lon="138.022278">
<ele>1284.844439</ele>
<time>2026-06-19T02:29:04Z</time>
<speed>6.049440</speed>
<trueHeading>80.815651</trueHeading>
<magneticHeading>89.123741</magneticHeading>
<gpsHeading>96.260571</gpsHeading>
<haccuracy>4.748651</haccuracy>
<vaccuracy>7.423689</vaccuracy>
<internetconnect>2</internetconnect>
</trkpt>
<trkpt lat="36.120839" lon="138.022336">
<ele>1284.302649</ele>
<time>2026-06-19T02:29:05Z</time>
<speed>5.515602</speed>
<trueHeading>111.183601</trueHeading>
<magneticHeading>119.491692</magneticHeading>
<gpsHeading>81.018295</gpsHeading>
<haccuracy>4.748651</haccuracy>
<vaccuracy>7.339058</vaccuracy>
<internetconnect>2</internetconnect>
</trkpt>
<trkpt lat="36.120801" lon="138.022376">
<ele>1283.225304</ele>
<time>2026-06-19T02:29:06Z</time>
<speed>5.097553</speed>
<trueHeading>141.686020</trueHeading>
<magneticHeading>149.994110</magneticHeading>
<gpsHeading>139.340679</gpsHeading>
<haccuracy>4.748651</haccuracy>
<vaccuracy>7.118605</vaccuracy>
<internetconnect>2</internetconnect>
</trkpt>
<trkpt lat="36.120754" lon="138.022435">
<ele>1282.892028</ele>
<time>2026-06-19T02:29:07Z</time>
<speed>5.466380</speed>
<trueHeading>171.988007</trueHeading>
<magneticHeading>180.296097</magneticHeading>
<gpsHeading>134.313575</gpsHeading>
<haccuracy>4.748651</haccuracy>
<vaccuracy>6.852550</vaccuracy>
<internetconnect>2</internetconnect>
</trkpt>
<trkpt lat="36.120676" lon="138.022448">
<ele>1282.031486</ele>
<time>2026-06-19T02:29:08Z</time>
<speed>6.460270</speed>
<trueHeading>187.036285</trueHeading>
<magneticHeading>195.344376</magneticHeading>
<gpsHeading>172.693925</gpsHeading>
<haccuracy>4.748651</haccuracy>
<vaccuracy>6.441907</vaccuracy>
<internetconnect>2</internetconnect>
</trkpt>
<trkpt lat="36.120593" lon="138.022434">
<ele>1281.577160</ele>
<time>2026-06-19T02:29:09Z</time>
<speed>7.363948</speed>
<trueHeading>187.036285</trueHeading>
<magneticHeading>195.344376</magneticHeading>
<gpsHeading>187.562737</gpsHeading>
<haccuracy>4.748651</haccuracy>
<vaccuracy>6.265537</vaccuracy>
<internetconnect>2</internetconnect>
</trkpt>
<trkpt lat="36.120533" lon="138.022421">
<ele>1280.560038</ele>
<time>2026-06-19T02:29:10Z</time>
<speed>6.781667</speed>
<trueHeading>187.036285</trueHeading>
<magneticHeading>195.344376</magneticHeading>
<gpsHeading>189.941400</gpsHeading>
<haccuracy>4.748651</haccuracy>
<vaccuracy>6.097017</vaccuracy>
<internetconnect>2</internetconnect>
</trkpt>
<trkpt lat="36.120484" lon="138.022420">
<ele>1279.370988</ele>
<time>2026-06-19T02:29:11Z</time>
<speed>6.770530</speed>
<trueHeading>172.002411</trueHeading>
<magneticHeading>180.310501</magneticHeading>
<gpsHeading>180.787945</gpsHeading>
<haccuracy>4.748651</haccuracy>
<vaccuracy>6.084570</vaccuracy>
<internetconnect>2</internetconnect>
</trkpt>
<trkpt lat="36.120408" lon="138.022449">
<ele>1278.377090</ele>
<time>2026-06-19T02:29:12Z</time>
<speed>8.214039</speed>
<trueHeading>156.878540</trueHeading>
<magneticHeading>165.186630</magneticHeading>
<gpsHeading>163.158906</gpsHeading>
<haccuracy>4.748651</haccuracy>
<vaccuracy>6.102574</vaccuracy>
<internetconnect>2</internetconnect>
</trkpt>
<trkpt lat="36.120334" lon="138.022501">
<ele>1277.658611</ele>
<time>2026-06-19T02:29:13Z</time>
<speed>9.433078</speed>
<trueHeading>156.878540</trueHeading>
<magneticHeading>165.186630</magneticHeading>
<gpsHeading>150.405625</gpsHeading>
<haccuracy>4.748651</haccuracy>
<vaccuracy>5.979457</vaccuracy>
<internetconnect>2</internetconnect>
</trkpt>
<trkpt lat="36.120251" lon="138.022564">
<ele>1276.019911</ele>
<time>2026-06-19T02:29:14Z</time>
<speed>10.328552</speed>
<trueHeading>156.878540</trueHeading>
<magneticHeading>165.186630</magneticHeading>
<gpsHeading>148.596184</gpsHeading>
<haccuracy>4.748651</haccuracy>
<vaccuracy>5.895561</vaccuracy>
<internetconnect>2</internetconnect>
</trkpt>
<trkpt lat="36.120147" lon="138.022598">
<ele>1275.434784</ele>
<time>2026-06-19T02:29:15Z</time>
<speed>10.946392</speed>
<trueHeading>156.878540</trueHeading>
<magneticHeading>165.186630</magneticHeading>
<gpsHeading>165.191502</gpsHeading>
<haccuracy>4.748651</haccuracy>
<vaccuracy>5.758417</vaccuracy>
<internetconnect>2</internetconnect>
</trkpt>
<trkpt lat="36.120049" lon="138.022647">
<ele>1274.289045</ele>
<time>2026-06-19T02:29:16Z</time>
<speed>11.292163</speed>
<trueHeading>156.878540</trueHeading>
<magneticHeading>165.186630</magneticHeading>
<gpsHeading>158.004134</gpsHeading>
<haccuracy>4.748651</haccuracy>
<vaccuracy>5.790448</vaccuracy>
<internetconnect>2</internetconnect>
</trkpt>
<trkpt lat="36.119954" lon="138.022700">
<ele>1273.125324</ele>
<time>2026-06-19T02:29:17Z</time>
<speed>11.437969</speed>
<trueHeading>156.878540</trueHeading>
<magneticHeading>165.186630</magneticHeading>
<gpsHeading>155.589081</gpsHeading>
<haccuracy>4.748650</haccuracy>
<vaccuracy>7.532005</vaccuracy>
<internetconnect>2</internetconnect>
</trkpt>
<trkpt lat="36.119856" lon="138.022755">
<ele>1272.163922</ele>
<time>2026-06-19T02:29:18Z</time>
<speed>11.832419</speed>
<trueHeading>156.878540</trueHeading>
<magneticHeading>165.186630</magneticHeading>
<gpsHeading>155.589054</gpsHeading>
<haccuracy>4.748650</haccuracy>
<vaccuracy>7.893825</vaccuracy>
<internetconnect>2</internetconnect>
</trkpt>
<trkpt lat="36.119763" lon="138.022801">
<ele>1271.174728</ele>
<time>2026-06-19T02:29:19Z</time>
<speed>11.291564</speed>
<trueHeading>156.878540</trueHeading>
<magneticHeading>165.186630</magneticHeading>
<gpsHeading>158.569720</gpsHeading>
<haccuracy>4.748650</haccuracy>
<vaccuracy>8.100110</vaccuracy>
<internetconnect>2</internetconnect>
</trkpt>
<trkpt lat="36.119678" lon="138.022841">
<ele>1270.035781</ele>
<time>2026-06-19T02:29:20Z</time>
<speed>10.396186</speed>
<trueHeading>156.878540</trueHeading>
<magneticHeading>165.186630</magneticHeading>
<gpsHeading>158.987474</gpsHeading>
<haccuracy>4.748650</haccuracy>
<vaccuracy>7.370617</vaccuracy>
<internetconnect>2</internetconnect>
</trkpt>
<trkpt lat="36.119591" lon="138.022883">
<ele>1268.831214</ele>
<time>2026-06-19T02:29:21Z</time>
<speed>10.250368</speed>
<trueHeading>156.878540</trueHeading>
<magneticHeading>165.186630</magneticHeading>
<gpsHeading>158.667661</gpsHeading>
<haccuracy>4.748651</haccuracy>
<vaccuracy>6.771571</vaccuracy>
<internetconnect>2</internetconnect>
</trkpt>
<trkpt lat="36.119501" lon="138.022905">
<ele>1267.508740</ele>
<time>2026-06-19T02:29:22Z</time>
<speed>9.978434</speed>
<trueHeading>171.901245</trueHeading>
<magneticHeading>180.209335</magneticHeading>
<gpsHeading>168.678897</gpsHeading>
<haccuracy>4.748651</haccuracy>
<vaccuracy>6.649879</vaccuracy>
<internetconnect>2</internetconnect>
</trkpt>
<trkpt lat="36.119390" lon="138.022879">
<ele>1266.748844</ele>
<time>2026-06-19T02:29:23Z</time>
<speed>10.878469</speed>
<trueHeading>171.901245</trueHeading>
<magneticHeading>180.209335</magneticHeading>
<gpsHeading>190.836289</gpsHeading>
<haccuracy>4.748650</haccuracy>
<vaccuracy>6.844472</vaccuracy>
<internetconnect>2</internetconnect>
</trkpt>
<trkpt lat="36.119269" lon="138.022867">
<ele>1265.496630</ele>
<time>2026-06-19T02:29:24Z</time>
<speed>12.171061</speed>
<trueHeading>171.901245</trueHeading>
<magneticHeading>180.209335</magneticHeading>
<gpsHeading>184.648100</gpsHeading>
<haccuracy>4.748650</haccuracy>
<vaccuracy>6.961731</vaccuracy>
<internetconnect>2</internetconnect>
</trkpt>
<trkpt lat="36.119147" lon="138.022889">
<ele>1264.283104</ele>
<time>2026-06-19T02:29:25Z</time>
<speed>13.033697</speed>
<trueHeading>171.901245</trueHeading>
<magneticHeading>180.209335</magneticHeading>
<gpsHeading>171.689136</gpsHeading>
<haccuracy>4.748650</haccuracy>
<vaccuracy>6.953184</vaccuracy>
<internetconnect>2</internetconnect>
</trkpt>
<trkpt lat="36.119026" lon="138.022894">
<ele>1263.037679</ele>
<time>2026-06-19T02:29:26Z</time>
<speed>13.482522</speed>
<trueHeading>171.901245</trueHeading>
<magneticHeading>180.209335</magneticHeading>
<gpsHeading>178.022239</gpsHeading>
<haccuracy>4.748650</haccuracy>
<vaccuracy>7.982424</vaccuracy>
<internetconnect>2</internetconnect>
</trkpt>
<trkpt lat="36.118897" lon="138.022889">
<ele>1261.161585</ele>
<time>2026-06-19T02:29:27Z</time>
<speed>13.785310</speed>
<trueHeading>171.901245</trueHeading>
<magneticHeading>180.209335</magneticHeading>
<gpsHeading>181.870174</gpsHeading>
<haccuracy>4.748650</haccuracy>
<vaccuracy>7.906890</vaccuracy>
<internetconnect>2</internetconnect>
</trkpt>
<trkpt lat="36.118788" lon="138.022861">
<ele>1259.805456</ele>
<time>2026-06-19T02:29:28Z</time>
<speed>12.942197</speed>
<trueHeading>171.901245</trueHeading>
<magneticHeading>180.209335</magneticHeading>
<gpsHeading>191.515650</gpsHeading>
<haccuracy>4.748650</haccuracy>
<vaccuracy>8.520493</vaccuracy>
<internetconnect>2</internetconnect>
</trkpt>
<trkpt lat="36.118680" lon="138.022820">
<ele>1258.374038</ele>
<time>2026-06-19T02:29:29Z</time>
<speed>12.567703</speed>
<trueHeading>186.909027</trueHeading>
<magneticHeading>195.217117</magneticHeading>
<gpsHeading>197.142113</gpsHeading>
<haccuracy>4.748650</haccuracy>
<vaccuracy>7.729956</vaccuracy>
<internetconnect>2</internetconnect>
</trkpt>
<trkpt lat="36.118580" lon="138.022797">
<ele>1257.136159</ele>
<time>2026-06-19T02:29:30Z</time>
<speed>11.764989</speed>
<trueHeading>186.909027</trueHeading>
<magneticHeading>195.217117</magneticHeading>
<gpsHeading>190.487596</gpsHeading>
<haccuracy>4.748650</haccuracy>
<vaccuracy>7.771097</vaccuracy>
<internetconnect>2</internetconnect>
</trkpt>
<trkpt lat="36.118483" lon="138.022764">
<ele>1256.040179</ele>
<time>2026-06-19T02:29:31Z</time>
<speed>11.426929</speed>
<trueHeading>186.909027</trueHeading>
<magneticHeading>195.217117</magneticHeading>
<gpsHeading>195.584562</gpsHeading>
<haccuracy>4.748650</haccuracy>
<vaccuracy>7.603001</vaccuracy>
<internetconnect>2</internetconnect>
</trkpt>
<trkpt lat="36.118388" lon="138.022708">
<ele>1254.709815</ele>
<time>2026-06-19T02:29:32Z</time>
<speed>11.457405</speed>
<trueHeading>186.909027</trueHeading>
<magneticHeading>195.217117</magneticHeading>
<gpsHeading>205.120990</gpsHeading>
<haccuracy>4.748650</haccuracy>
<vaccuracy>7.339806</vaccuracy>
<internetconnect>2</internetconnect>
</trkpt>
<trkpt lat="36.118288" lon="138.022650">
<ele>1253.638451</ele>
<time>2026-06-19T02:29:33Z</time>
<speed>11.840380</speed>
<trueHeading>186.909027</trueHeading>
<magneticHeading>195.217117</magneticHeading>
<gpsHeading>205.421020</gpsHeading>
<haccuracy>4.748650</haccuracy>
<vaccuracy>7.135992</vaccuracy>
<internetconnect>2</internetconnect>
</trkpt>
<trkpt lat="36.118186" lon="138.022596">
<ele>1252.150993</ele>
<time>2026-06-19T02:29:34Z</time>
<speed>12.107402</speed>
<trueHeading>186.909027</trueHeading>
<magneticHeading>195.217117</magneticHeading>
<gpsHeading>202.957817</gpsHeading>
<haccuracy>4.748650</haccuracy>
<vaccuracy>7.011796</vaccuracy>
<internetconnect>2</internetconnect>
</trkpt>
<trkpt lat="36.118087" lon="138.022549">
<ele>1250.873056</ele>
<time>2026-06-19T02:29:35Z</time>
<speed>11.678310</speed>
<trueHeading>186.909027</trueHeading>
<magneticHeading>195.217117</magneticHeading>
<gpsHeading>201.140538</gpsHeading>
<haccuracy>4.748650</haccuracy>
<vaccuracy>7.692361</vaccuracy>
<internetconnect>2</internetconnect>
</trkpt>
<trkpt lat="36.117999" lon="138.022521">
<ele>1249.610444</ele>
<time>2026-06-19T02:29:36Z</time>
<speed>10.295297</speed>
<trueHeading>186.909027</trueHeading>
<magneticHeading>195.217117</magneticHeading>
<gpsHeading>194.506200</gpsHeading>
<haccuracy>4.748650</haccuracy>
<vaccuracy>7.707913</vaccuracy>
<internetconnect>2</internetconnect>
</trkpt>
<trkpt lat="36.117904" lon="138.022528">
<ele>1248.530547</ele>
<time>2026-06-19T02:29:37Z</time>
<speed>10.368532</speed>
<trueHeading>171.704102</trueHeading>
<magneticHeading>180.012192</magneticHeading>
<gpsHeading>176.366603</gpsHeading>
<haccuracy>4.748650</haccuracy>
<vaccuracy>7.239109</vaccuracy>
<internetconnect>2</internetconnect>
</trkpt>
<trkpt lat="36.117809" lon="138.022564">
<ele>1247.184062</ele>
<time>2026-06-19T02:29:38Z</time>
<speed>11.087796</speed>
<trueHeading>171.704102</trueHeading>
<magneticHeading>180.012192</magneticHeading>
<gpsHeading>163.011559</gpsHeading>
<haccuracy>4.748650</haccuracy>
<vaccuracy>7.315781</vaccuracy>
<internetconnect>2</internetconnect>
</trkpt>
<trkpt lat="36.117715" lon="138.022621">
<ele>1246.253633</ele>
<time>2026-06-19T02:29:39Z</time>
<speed>11.747150</speed>
<trueHeading>171.704102</trueHeading>
<magneticHeading>180.012192</magneticHeading>
<gpsHeading>153.927776</gpsHeading>
<haccuracy>4.748650</haccuracy>
<vaccuracy>7.362940</vaccuracy>
<internetconnect>2</internetconnect>
</trkpt>
<trkpt lat="36.117612" lon="138.022670">
<ele>1245.148989</ele>
<time>2026-06-19T02:29:40Z</time>
<speed>12.196942</speed>
<trueHeading>171.704102</trueHeading>
<magneticHeading>180.012192</magneticHeading>
<gpsHeading>159.149158</gpsHeading>
<haccuracy>4.748650</haccuracy>
<vaccuracy>7.371925</vaccuracy>
<internetconnect>2</internetconnect>
</trkpt>
<trkpt lat="36.117498" lon="138.022703">
<ele>1244.989165</ele>
<time>2026-06-19T02:29:41Z</time>
<speed>12.726141</speed>
<trueHeading>171.704102</trueHeading>
<magneticHeading>180.012192</magneticHeading>
<gpsHeading>166.569713</gpsHeading>
<haccuracy>4.748650</haccuracy>
<vaccuracy>7.217204</vaccuracy>
<internetconnect>2</internetconnect>
</trkpt>
<trkpt lat="36.117385" lon="138.022736">
<ele>1244.024840</ele>
<time>2026-06-19T02:29:42Z</time>
<speed>12.612672</speed>
<trueHeading>156.696671</trueHeading>
<magneticHeading>165.004761</magneticHeading>
<gpsHeading>166.798340</gpsHeading>
<haccuracy>4.748651</haccuracy>
<vaccuracy>6.938909</vaccuracy>
<internetconnect>2</internetconnect>
</trkpt>
<trkpt lat="36.117284" lon="138.022790">
<ele>1243.012512</ele>
<time>2026-06-19T02:29:43Z</time>
<speed>12.214850</speed>
<trueHeading>156.696671</trueHeading>
<magneticHeading>165.004761</magneticHeading>
<gpsHeading>156.435388</gpsHeading>
<haccuracy>4.748651</haccuracy>
<vaccuracy>6.592572</vaccuracy>
<internetconnect>2</internetconnect>
</trkpt>
<trkpt lat="36.117195" lon="138.022839">
<ele>1242.274548</ele>
<time>2026-06-19T02:29:44Z</time>
<speed>11.268585</speed>
<trueHeading>156.696671</trueHeading>
<magneticHeading>165.004761</magneticHeading>
<gpsHeading>156.375656</gpsHeading>
<haccuracy>4.748651</haccuracy>
<vaccuracy>6.378640</vaccuracy>
<internetconnect>2</internetconnect>
</trkpt>
<trkpt lat="36.117114" lon="138.022883">
<ele>1241.404145</ele>
<time>2026-06-19T02:29:45Z</time>
<speed>10.171414</speed>
<trueHeading>156.696671</trueHeading>
<magneticHeading>165.004761</magneticHeading>
<gpsHeading>156.375649</gpsHeading>
<haccuracy>4.748651</haccuracy>
<vaccuracy>6.180613</vaccuracy>
<internetconnect>2</internetconnect>
</trkpt>
<trkpt lat="36.117048" lon="138.022932">
<ele>1241.162062</ele>
<time>2026-06-19T02:29:46Z</time>
<speed>8.703247</speed>
<trueHeading>141.532394</trueHeading>
<magneticHeading>149.840485</magneticHeading>
<gpsHeading>148.877100</gpsHeading>
<haccuracy>4.748651</haccuracy>
<vaccuracy>5.837302</vaccuracy>
<internetconnect>2</internetconnect>
</trkpt>
<trkpt lat="36.117014" lon="138.023020">
<ele>1240.950162</ele>
<time>2026-06-19T02:29:47Z</time>
<speed>7.570849</speed>
<trueHeading>126.295227</trueHeading>
<magneticHeading>134.603317</magneticHeading>
<gpsHeading>115.736207</gpsHeading>
<haccuracy>4.748651</haccuracy>
<vaccuracy>5.811481</vaccuracy>
<internetconnect>2</internetconnect>
</trkpt>
<trkpt lat="36.116993" lon="138.023096">
<ele>1240.632128</ele>
<time>2026-06-19T02:29:48Z</time>
<speed>6.919399</speed>
<trueHeading>110.841995</trueHeading>
<magneticHeading>119.150085</magneticHeading>
<gpsHeading>109.002018</gpsHeading>
<haccuracy>4.748652</haccuracy>
<vaccuracy>5.726679</vaccuracy>
<internetconnect>2</internetconnect>
</trkpt>
<trkpt lat="36.117026" lon="138.023172">
<ele>1240.580034</ele>
<time>2026-06-19T02:29:49Z</time>
<speed>7.175522</speed>
<trueHeading>95.446449</trueHeading>
<magneticHeading>103.754539</magneticHeading>
<gpsHeading>61.333874</gpsHeading>
<haccuracy>4.748652</haccuracy>
<vaccuracy>5.576277</vaccuracy>
<internetconnect>2</internetconnect>
</trkpt>
<trkpt lat="36.117046" lon="138.023265">
<ele>1240.470320</ele>
<time>2026-06-19T02:29:50Z</time>
<speed>8.090421</speed>
<trueHeading>80.369003</trueHeading>
<magneticHeading>88.677094</magneticHeading>
<gpsHeading>74.862828</gpsHeading>
<haccuracy>4.748652</haccuracy>
<vaccuracy>5.530779</vaccuracy>
<internetconnect>2</internetconnect>
</trkpt>
<trkpt lat="36.117098" lon="138.023342">
<ele>1240.359798</ele>
<time>2026-06-19T02:29:51Z</time>
<speed>9.054087</speed>
<trueHeading>80.369003</trueHeading>
<magneticHeading>88.677094</magneticHeading>
<gpsHeading>49.977533</gpsHeading>
<haccuracy>4.748652</haccuracy>
<vaccuracy>5.527306</vaccuracy>
<internetconnect>2</internetconnect>
</trkpt>
<trkpt lat="36.117137" lon="138.023441">
<ele>1239.554690</ele>
<time>2026-06-19T02:29:52Z</time>
<speed>9.539020</speed>
<trueHeading>80.369003</trueHeading>
<magneticHeading>88.677094</magneticHeading>
<gpsHeading>64.260636</gpsHeading>
<haccuracy>4.748652</haccuracy>
<vaccuracy>5.355445</vaccuracy>
<internetconnect>2</internetconnect>
</trkpt>
<trkpt lat="36.117154" lon="138.023553">
<ele>1239.096866</ele>
<time>2026-06-19T02:29:53Z</time>
<speed>9.089875</speed>
<trueHeading>80.369003</trueHeading>
<magneticHeading>88.677094</magneticHeading>
<gpsHeading>79.440381</gpsHeading>
<haccuracy>4.748652</haccuracy>
<vaccuracy>5.418003</vaccuracy>
<internetconnect>2</internetconnect>
</trkpt>
<trkpt lat="36.117125" lon="138.023661">
<ele>1238.685969</ele>
<time>2026-06-19T02:29:54Z</time>
<speed>8.512893</speed>
<trueHeading>80.369003</trueHeading>
<magneticHeading>88.677094</magneticHeading>
<gpsHeading>108.467867</gpsHeading>
<haccuracy>4.748652</haccuracy>
<vaccuracy>5.330322</vaccuracy>
<internetconnect>2</internetconnect>
</trkpt>
<trkpt lat="36.117122" lon="138.023743">
<ele>1238.208962</ele>
<time>2026-06-19T02:29:55Z</time>
<speed>7.440633</speed>
<trueHeading>95.644165</trueHeading>
<magneticHeading>103.952255</magneticHeading>
<gpsHeading>91.886894</gpsHeading>
<haccuracy>4.748651</haccuracy>
<vaccuracy>5.051803</vaccuracy>
<internetconnect>2</internetconnect>
</trkpt>
<trkpt lat="36.117096" lon="138.023812">
<ele>1237.453646</ele>
<time>2026-06-19T02:29:56Z</time>
<speed>6.825248</speed>
<trueHeading>110.782532</trueHeading>
<magneticHeading>119.090622</magneticHeading>
<gpsHeading>115.133584</gpsHeading>
<haccuracy>4.748651</haccuracy>
<vaccuracy>5.234705</vaccuracy>
<internetconnect>2</internetconnect>
</trkpt>
<trkpt lat="36.117038" lon="138.023865">
<ele>1237.549162</ele>
<time>2026-06-19T02:29:57Z</time>
<speed>6.848769</speed>
<trueHeading>141.281281</trueHeading>
<magneticHeading>149.589371</magneticHeading>
<gpsHeading>143.636691</gpsHeading>
<haccuracy>4.748651</haccuracy>
<vaccuracy>5.320067</vaccuracy>
<internetconnect>2</internetconnect>
</trkpt>
<trkpt lat="36.116970" lon="138.023896">
<ele>1238.050338</ele>
<time>2026-06-19T02:29:58Z</time>
<speed>7.116463</speed>
<trueHeading>172.126709</trueHeading>
<magneticHeading>180.434799</magneticHeading>
<gpsHeading>159.860134</gpsHeading>
<haccuracy>4.748651</haccuracy>
<vaccuracy>5.066952</vaccuracy>
<internetconnect>2</internetconnect>
</trkpt>
<trkpt lat="36.116909" lon="138.023790">
<ele>1238.307646</ele>
<time>2026-06-19T02:29:59Z</time>
<speed>6.286007</speed>
<trueHeading>202.785141</trueHeading>
<magneticHeading>211.093231</magneticHeading>
<gpsHeading>234.373074</gpsHeading>
<haccuracy>4.748651</haccuracy>
<vaccuracy>5.135068</vaccuracy>
<internetconnect>2</internetconnect>
</trkpt>
<trkpt lat="36.116855" lon="138.023690">
<ele>1236.334271</ele>
<time>2026-06-19T02:30:01Z</time>
<speed>8.420368</speed>
<trueHeading>248.411057</trueHeading>
<magneticHeading>256.719147</magneticHeading>
<gpsHeading>236.356223</gpsHeading>
<haccuracy>4.748651</haccuracy>
<vaccuracy>5.548936</vaccuracy>
<internetconnect>2</internetconnect>
</trkpt>
<trkpt lat="36.116823" lon="138.023590">
<ele>1235.110660</ele>
<time>2026-06-19T02:30:02Z</time>
<speed>9.222642</speed>
<trueHeading>248.411057</trueHeading>
<magneticHeading>256.719147</magneticHeading>
<gpsHeading>248.672856</gpsHeading>
<haccuracy>4.748651</haccuracy>
<vaccuracy>5.603085</vaccuracy>
<internetconnect>2</internetconnect>
</trkpt>
<trkpt lat="36.116819" lon="138.023476">
<ele>1233.623360</ele>
<time>2026-06-19T02:30:03Z</time>
<speed>9.852253</speed>
<trueHeading>248.411057</trueHeading>
<magneticHeading>256.719147</magneticHeading>
<gpsHeading>267.301268</gpsHeading>
<haccuracy>4.748651</haccuracy>
<vaccuracy>5.589946</vaccuracy>
<internetconnect>2</internetconnect>
</trkpt>
<trkpt lat="36.116801" lon="138.023357">
<ele>1232.731138</ele>
<time>2026-06-19T02:30:04Z</time>
<speed>10.522387</speed>
<trueHeading>248.411057</trueHeading>
<magneticHeading>256.719147</magneticHeading>
<gpsHeading>259.407493</gpsHeading>
<haccuracy>4.748651</haccuracy>
<vaccuracy>5.589820</vaccuracy>
<internetconnect>2</internetconnect>
</trkpt>
<trkpt lat="36.116790" lon="138.023230">
<ele>1231.327323</ele>
<time>2026-06-19T02:30:05Z</time>
<speed>10.848654</speed>
<trueHeading>248.411057</trueHeading>
<magneticHeading>256.719147</magneticHeading>
<gpsHeading>264.223621</gpsHeading>
<haccuracy>4.748651</haccuracy>
<vaccuracy>5.764175</vaccuracy>
<internetconnect>2</internetconnect>
</trkpt>
<trkpt lat="36.116751" lon="138.023112">
<ele>1230.180688</ele>
<time>2026-06-19T02:30:06Z</time>
<speed>10.990008</speed>
<trueHeading>248.411057</trueHeading>
<magneticHeading>256.719147</magneticHeading>
<gpsHeading>247.620408</gpsHeading>
<haccuracy>4.748651</haccuracy>
<vaccuracy>5.690620</vaccuracy>
<internetconnect>2</internetconnect>
</trkpt>
<trkpt lat="36.116710" lon="138.022990">
<ele>1228.671999</ele>
<time>2026-06-19T02:30:07Z</time>
<speed>11.343471</speed>
<trueHeading>248.411057</trueHeading>
<magneticHeading>256.719147</magneticHeading>
<gpsHeading>247.415339</gpsHeading>
<haccuracy>4.748651</haccuracy>
<vaccuracy>5.469280</vaccuracy>
<internetconnect>2</internetconnect>
</trkpt>
<trkpt lat="36.116672" lon="138.022872">
<ele>1227.074563</ele>
<time>2026-06-19T02:30:08Z</time>
<speed>11.678784</speed>
<trueHeading>248.411057</trueHeading>
<magneticHeading>256.719147</magneticHeading>
<gpsHeading>248.138383</gpsHeading>
<haccuracy>4.748651</haccuracy>
<vaccuracy>5.147545</vaccuracy>
<internetconnect>2</internetconnect>
</trkpt>
<trkpt lat="36.116639" lon="138.022756">
<ele>1225.816849</ele>
<time>2026-06-19T02:30:09Z</time>
<speed>11.102373</speed>
<trueHeading>248.411057</trueHeading>
<magneticHeading>256.719147</magneticHeading>
<gpsHeading>250.677690</gpsHeading>
<haccuracy>4.748651</haccuracy>
<vaccuracy>4.896145</vaccuracy>
<internetconnect>2</internetconnect>
</trkpt>
<trkpt lat="36.116619" lon="138.022656">
<ele>1223.580152</ele>
<time>2026-06-19T02:30:10Z</time>
<speed>10.336502</speed>
<trueHeading>248.411057</trueHeading>
<magneticHeading>256.719147</magneticHeading>
<gpsHeading>256.006470</gpsHeading>
<haccuracy>4.748651</haccuracy>
<vaccuracy>4.885217</vaccuracy>
<internetconnect>2</internetconnect>
</trkpt>
<trkpt lat="36.116606" lon="138.022564">
<ele>1221.211163</ele>
<time>2026-06-19T02:30:11Z</time>
<speed>9.382326</speed>
<trueHeading>263.442841</trueHeading>
<magneticHeading>271.750946</magneticHeading>
<gpsHeading>260.104077</gpsHeading>
<haccuracy>4.748651</haccuracy>
<vaccuracy>5.026550</vaccuracy>
<internetconnect>2</internetconnect>
</trkpt>
<trkpt lat="36.116643" lon="138.022456">
<ele>1219.439813</ele>
<time>2026-06-19T02:30:12Z</time>
<speed>9.555729</speed>
<trueHeading>278.566437</trueHeading>
<magneticHeading>286.874542</magneticHeading>
<gpsHeading>293.167043</gpsHeading>
<haccuracy>4.748651</haccuracy>
<vaccuracy>4.988518</vaccuracy>
<internetconnect>2</internetconnect>
</trkpt>
<trkpt lat="36.116663" lon="138.022331">
<ele>1218.079263</ele>
<time>2026-06-19T02:30:13Z</time>
<speed>10.271710</speed>
<trueHeading>278.566437</trueHeading>
<magneticHeading>286.874542</magneticHeading>
<gpsHeading>281.189071</gpsHeading>
<haccuracy>4.748651</haccuracy>
<vaccuracy>4.844293</vaccuracy>
<internetconnect>2</internetconnect>
</trkpt>
<trkpt lat="36.116705" lon="138.022212">
<ele>1216.484734</ele>
<time>2026-06-19T02:30:14Z</time>
<speed>10.976647</speed>
<trueHeading>278.566437</trueHeading>
<magneticHeading>286.874542</magneticHeading>
<gpsHeading>293.306267</gpsHeading>
<haccuracy>4.748651</haccuracy>
<vaccuracy>4.768605</vaccuracy>
<internetconnect>2</internetconnect>
</trkpt>
<trkpt lat="36.116755" lon="138.022090">
<ele>1215.148994</ele>
<time>2026-06-19T02:30:15Z</time>
<speed>11.773321</speed>
<trueHeading>293.582855</trueHeading>
<magneticHeading>301.890961</magneticHeading>
<gpsHeading>296.855478</gpsHeading>
<haccuracy>4.748649</haccuracy>
<vaccuracy>6.705118</vaccuracy>
<internetconnect>2</internetconnect>
</trkpt>
<trkpt lat="36.116811" lon="138.021955">
<ele>1213.326198</ele>
<time>2026-06-19T02:30:16Z</time>
<speed>12.603632</speed>
<trueHeading>293.582855</trueHeading>
<magneticHeading>301.890961</magneticHeading>
<gpsHeading>297.362176</gpsHeading>
<haccuracy>4.748649</haccuracy>
<vaccuracy>7.003683</vaccuracy>
<internetconnect>2</internetconnect>
</trkpt>
<trkpt lat="36.116866" lon="138.021825">
<ele>1212.369162</ele>
<time>2026-06-19T02:30:17Z</time>
<speed>12.858884</speed>
<trueHeading>293.582855</trueHeading>
<magneticHeading>301.890961</magneticHeading>
<gpsHeading>297.362184</gpsHeading>
<haccuracy>4.748648</haccuracy>
<vaccuracy>7.170969</vaccuracy>
<internetconnect>2</internetconnect>
</trkpt>
<trkpt lat="36.116915" lon="138.021712">
<ele>1209.942769</ele>
<time>2026-06-19T02:30:18Z</time>
<speed>12.306833</speed>
<trueHeading>293.582855</trueHeading>
<magneticHeading>301.890961</magneticHeading>
<gpsHeading>298.361405</gpsHeading>
<haccuracy>4.748648</haccuracy>
<vaccuracy>7.402634</vaccuracy>
<internetconnect>2</internetconnect>
</trkpt>
<trkpt lat="36.116935" lon="138.021571">
<ele>1209.990240</ele>
<time>2026-06-19T02:30:19Z</time>
<speed>11.945333</speed>
<trueHeading>293.582855</trueHeading>
<magneticHeading>301.890961</magneticHeading>
<gpsHeading>280.096960</gpsHeading>
<haccuracy>4.748649</haccuracy>
<vaccuracy>7.245666</vaccuracy>
<internetconnect>2</internetconnect>
</trkpt>
<trkpt lat="36.116965" lon="138.021447">
<ele>1207.909734</ele>
<time>2026-06-19T02:30:20Z</time>
<speed>11.982503</speed>
<trueHeading>293.582855</trueHeading>
<magneticHeading>301.890961</magneticHeading>
<gpsHeading>286.540784</gpsHeading>
<haccuracy>4.748649</haccuracy>
<vaccuracy>7.176699</vaccuracy>
<internetconnect>2</internetconnect>
</trkpt>
<trkpt lat="36.116991" lon="138.021328">
<ele>1206.120240</ele>
<time>2026-06-19T02:30:21Z</time>
<speed>11.515428</speed>
<trueHeading>278.371155</trueHeading>
<magneticHeading>286.679260</magneticHeading>
<gpsHeading>285.216312</gpsHeading>
<haccuracy>4.748649</haccuracy>
<vaccuracy>6.983871</vaccuracy>
<internetconnect>2</internetconnect>
</trkpt>
<trkpt lat="36.116999" lon="138.021214">
<ele>1205.103193</ele>
<time>2026-06-19T02:30:22Z</time>
<speed>10.785451</speed>
<trueHeading>263.031525</trueHeading>
<magneticHeading>271.339630</magneticHeading>
<gpsHeading>275.104043</gpsHeading>
<haccuracy>4.748650</haccuracy>
<vaccuracy>6.809860</vaccuracy>
<internetconnect>2</internetconnect>
</trkpt>
<trkpt lat="36.116980" lon="138.021089">
<ele>1204.381706</ele>
<time>2026-06-19T02:30:23Z</time>
<speed>10.549227</speed>
<trueHeading>247.701981</trueHeading>
<magneticHeading>256.010071</magneticHeading>
<gpsHeading>259.461724</gpsHeading>
<haccuracy>4.748650</haccuracy>
<vaccuracy>7.049363</vaccuracy>
<internetconnect>2</internetconnect>
</trkpt>
<trkpt lat="36.116915" lon="138.020973">
<ele>1203.474130</ele>
<time>2026-06-19T02:30:24Z</time>
<speed>10.933444</speed>
<trueHeading>232.618118</trueHeading>
<magneticHeading>240.926208</magneticHeading>
<gpsHeading>235.447089</gpsHeading>
<haccuracy>4.748650</haccuracy>
<vaccuracy>6.989537</vaccuracy>
<internetconnect>2</internetconnect>
</trkpt>
<trkpt lat="36.116844" lon="138.020879">
<ele>1201.709478</ele>
<time>2026-06-19T02:30:25Z</time>
<speed>11.352533</speed>
<trueHeading>232.618118</trueHeading>
<magneticHeading>240.926208</magneticHeading>
<gpsHeading>226.743604</gpsHeading>
<haccuracy>4.748650</haccuracy>
<vaccuracy>6.843790</vaccuracy>
<internetconnect>2</internetconnect>
</trkpt>
<trkpt lat="36.116765" lon="138.020780">
<ele>1200.994740</ele>
<time>2026-06-19T02:30:26Z</time>
<speed>11.304787</speed>
<trueHeading>217.541946</trueHeading>
<magneticHeading>225.850037</magneticHeading>
<gpsHeading>225.067454</gpsHeading>
<haccuracy>8.922731</haccuracy>
<vaccuracy>6.617917</vaccuracy>
<internetconnect>2</internetconnect>
</trkpt>
<trkpt lat="36.116657" lon="138.020720">
<ele>1200.194503</ele>
<time>2026-06-19T02:30:27Z</time>
<speed>10.551369</speed>
<trueHeading>217.541946</trueHeading>
<magneticHeading>225.850037</magneticHeading>
<gpsHeading>204.364787</gpsHeading>
<haccuracy>7.875008</haccuracy>
<vaccuracy>6.519268</vaccuracy>
<internetconnect>2</internetconnect>
</trkpt>
<trkpt lat="36.116534" lon="138.020739">
<ele>1199.331050</ele>
<time>2026-06-19T02:30:28Z</time>
<speed>10.931000</speed>
<trueHeading>202.490707</trueHeading>
<magneticHeading>210.798798</magneticHeading>
<gpsHeading>172.793930</gpsHeading>
<haccuracy>4.748651</haccuracy>
<vaccuracy>6.394726</vaccuracy>
<internetconnect>2</internetconnect>
</trkpt>
<trkpt lat="36.116426" lon="138.020742">
<ele>1198.271729</ele>
<time>2026-06-19T02:30:29Z</time>
<speed>11.505314</speed>
<trueHeading>187.405518</trueHeading>
<magneticHeading>195.713608</magneticHeading>
<gpsHeading>178.566342</gpsHeading>
<haccuracy>4.748651</haccuracy>
<vaccuracy>6.520701</vaccuracy>
<internetconnect>2</internetconnect>
</trkpt>
<trkpt lat="36.116314" lon="138.020746">
<ele>1197.112747</ele>
<time>2026-06-19T02:30:30Z</time>
<speed>12.121899</speed>
<trueHeading>187.405518</trueHeading>
<magneticHeading>195.713608</magneticHeading>
<gpsHeading>178.580835</gpsHeading>
<haccuracy>4.748651</haccuracy>
<vaccuracy>6.459823</vaccuracy>
<internetconnect>2</internetconnect>
</trkpt>
<trkpt lat="36.116202" lon="138.020749">
<ele>1195.183051</ele>
<time>2026-06-19T02:30:31Z</time>
<speed>12.215028</speed>
<trueHeading>187.405518</trueHeading>
<magneticHeading>195.713608</magneticHeading>
<gpsHeading>178.580832</gpsHeading>
<haccuracy>4.748651</haccuracy>
<vaccuracy>6.410530</vaccuracy>
<internetconnect>2</internetconnect>
</trkpt>
<trkpt lat="36.116098" lon="138.020741">
<ele>1193.994241</ele>
<time>2026-06-19T02:30:32Z</time>
<speed>12.066978</speed>
<trueHeading>187.405518</trueHeading>
<magneticHeading>195.713608</magneticHeading>
<gpsHeading>183.699098</gpsHeading>
<haccuracy>4.748651</haccuracy>
<vaccuracy>6.366151</vaccuracy>
<internetconnect>2</internetconnect>
</trkpt>
<trkpt lat="36.116005" lon="138.020704">
<ele>1192.807256</ele>
<time>2026-06-19T02:30:33Z</time>
<speed>12.095948</speed>
<trueHeading>202.487930</trueHeading>
<magneticHeading>210.796021</magneticHeading>
<gpsHeading>197.475953</gpsHeading>
<haccuracy>4.748650</haccuracy>
<vaccuracy>6.325262</vaccuracy>
<internetconnect>2</internetconnect>
</trkpt>
<trkpt lat="36.115904" lon="138.020657">
<ele>1191.946884</ele>
<time>2026-06-19T02:30:34Z</time>
<speed>12.035849</speed>
<trueHeading>202.487930</trueHeading>
<magneticHeading>210.796021</magneticHeading>
<gpsHeading>200.551858</gpsHeading>
<haccuracy>4.748650</haccuracy>
<vaccuracy>6.328068</vaccuracy>
<internetconnect>2</internetconnect>
</trkpt>
<trkpt lat="36.115839" lon="138.020576">
<ele>1191.646646</ele>
<time>2026-06-19T02:30:35Z</time>
<speed>11.357286</speed>
<trueHeading>202.487930</trueHeading>
<magneticHeading>210.796021</magneticHeading>
<gpsHeading>225.331216</gpsHeading>
<haccuracy>4.748651</haccuracy>
<vaccuracy>6.328879</vaccuracy>
<internetconnect>2</internetconnect>
</trkpt>
<trkpt lat="36.115758" lon="138.020503">
<ele>1190.950486</ele>
<time>2026-06-19T02:30:36Z</time>
<speed>11.274828</speed>
<trueHeading>217.508850</trueHeading>
<magneticHeading>225.816940</magneticHeading>
<gpsHeading>216.373457</gpsHeading>
<haccuracy>4.748651</haccuracy>
<vaccuracy>6.216582</vaccuracy>
<internetconnect>2</internetconnect>
</trkpt>
<trkpt lat="36.115675" lon="138.020421">
<ele>1188.918444</ele>
<time>2026-06-19T02:30:37Z</time>
<speed>11.773989</speed>
<trueHeading>217.508850</trueHeading>
<magneticHeading>225.816940</magneticHeading>
<gpsHeading>218.358523</gpsHeading>
<haccuracy>4.748650</haccuracy>
<vaccuracy>7.827547</vaccuracy>
<internetconnect>2</internetconnect>
</trkpt>
<trkpt lat="36.115586" lon="138.020333">
<ele>1188.115967</ele>
<time>2026-06-19T02:30:38Z</time>
<speed>12.321979</speed>
<trueHeading>217.508850</trueHeading>
<magneticHeading>225.816940</magneticHeading>
<gpsHeading>218.578347</gpsHeading>
<haccuracy>4.748650</haccuracy>
<vaccuracy>8.163094</vaccuracy>
<internetconnect>2</internetconnect>
</trkpt>
<trkpt lat="36.115494" lon="138.020249">
<ele>1187.121710</ele>
<time>2026-06-19T02:30:39Z</time>
<speed>12.615241</speed>
<trueHeading>217.508850</trueHeading>
<magneticHeading>225.816940</magneticHeading>
<gpsHeading>216.266330</gpsHeading>
<haccuracy>4.748650</haccuracy>
<vaccuracy>8.330086</vaccuracy>
<internetconnect>2</internetconnect>
</trkpt>
<trkpt lat="36.115404" lon="138.020161">
<ele>1186.267067</ele>
<time>2026-06-19T02:30:40Z</time>
<speed>12.779407</speed>
<trueHeading>217.508850</trueHeading>
<magneticHeading>225.816940</magneticHeading>
<gpsHeading>218.449976</gpsHeading>
<haccuracy>4.748650</haccuracy>
<vaccuracy>7.878192</vaccuracy>
<internetconnect>2</internetconnect>
</trkpt>
<trkpt lat="36.115304" lon="138.020080">
<ele>1185.837417</ele>
<time>2026-06-19T02:30:41Z</time>
<speed>12.973618</speed>
<trueHeading>217.508850</trueHeading>
<magneticHeading>225.816940</magneticHeading>
<gpsHeading>213.235181</gpsHeading>
<haccuracy>4.748650</haccuracy>
<vaccuracy>7.744485</vaccuracy>
<internetconnect>2</internetconnect>
</trkpt>
<trkpt lat="36.115199" lon="138.020011">
<ele>1185.544417</ele>
<time>2026-06-19T02:30:42Z</time>
<speed>13.153004</speed>
<trueHeading>217.508850</trueHeading>
<magneticHeading>225.816940</magneticHeading>
<gpsHeading>208.168618</gpsHeading>
<haccuracy>4.748650</haccuracy>
<vaccuracy>7.507575</vaccuracy>
<internetconnect>2</internetconnect>
</trkpt>
<trkpt lat="36.115089" lon="138.019943">
<ele>1184.827610</ele>
<time>2026-06-19T02:30:43Z</time>
<speed>13.466831</speed>
<trueHeading>217.508850</trueHeading>
<magneticHeading>225.816940</magneticHeading>
<gpsHeading>206.311524</gpsHeading>
<haccuracy>4.748650</haccuracy>
<vaccuracy>7.241031</vaccuracy>
<internetconnect>2</internetconnect>
</trkpt>
<trkpt lat="36.114977" lon="138.019868">
<ele>1184.169870</ele>
<time>2026-06-19T02:30:44Z</time>
<speed>13.742602</speed>
<trueHeading>217.508850</trueHeading>
<magneticHeading>225.816940</magneticHeading>
<gpsHeading>208.355194</gpsHeading>
<haccuracy>4.748650</haccuracy>
<vaccuracy>7.159057</vaccuracy>
<internetconnect>2</internetconnect>
</trkpt>
<trkpt lat="36.114880" lon="138.019787">
<ele>1183.113785</ele>
<time>2026-06-19T02:30:45Z</time>
<speed>13.087577</speed>
<trueHeading>217.508850</trueHeading>
<magneticHeading>225.816940</magneticHeading>
<gpsHeading>213.903743</gpsHeading>
<haccuracy>4.748650</haccuracy>
<vaccuracy>6.921880</vaccuracy>
<internetconnect>2</internetconnect>
</trkpt>
<trkpt lat="36.114791" lon="138.019719">
<ele>1182.259335</ele>
<time>2026-06-19T02:30:46Z</time>
<speed>12.120396</speed>
<trueHeading>217.508850</trueHeading>
<magneticHeading>225.816940</magneticHeading>
<gpsHeading>211.899527</gpsHeading>
<haccuracy>4.748650</haccuracy>
<vaccuracy>6.755634</vaccuracy>
<internetconnect>2</internetconnect>
</trkpt>
<trkpt lat="36.114702" lon="138.019652">
<ele>1181.527421</ele>
<time>2026-06-19T02:30:47Z</time>
<speed>11.733345</speed>
<trueHeading>217.508850</trueHeading>
<magneticHeading>225.816940</magneticHeading>
<gpsHeading>211.414241</gpsHeading>
<haccuracy>4.748650</haccuracy>
<vaccuracy>7.267859</vaccuracy>
<internetconnect>2</internetconnect>
</trkpt>
<trkpt lat="36.114605" lon="138.019600">
<ele>1180.744733</ele>
<time>2026-06-19T02:30:48Z</time>
<speed>11.614198</speed>
<trueHeading>217.508850</trueHeading>
<magneticHeading>225.816940</magneticHeading>
<gpsHeading>203.451420</gpsHeading>
<haccuracy>4.748650</haccuracy>
<vaccuracy>7.521701</vaccuracy>
<internetconnect>2</internetconnect>
</trkpt>
<trkpt lat="36.114508" lon="138.019538">
<ele>1180.079326</ele>
<time>2026-06-19T02:30:49Z</time>
<speed>11.665762</speed>
<trueHeading>217.508850</trueHeading>
<magneticHeading>225.816940</magneticHeading>
<gpsHeading>207.485463</gpsHeading>
<haccuracy>4.748650</haccuracy>
<vaccuracy>7.216207</vaccuracy>
<internetconnect>2</internetconnect>
</trkpt>
<trkpt lat="36.114423" lon="138.019482">
<ele>1178.639211</ele>
<time>2026-06-19T02:30:50Z</time>
<speed>11.128331</speed>
<trueHeading>217.508850</trueHeading>
<magneticHeading>225.816940</magneticHeading>
<gpsHeading>207.655091</gpsHeading>
<haccuracy>4.748650</haccuracy>
<vaccuracy>7.139838</vaccuracy>
<internetconnect>2</internetconnect>
</trkpt>
<trkpt lat="36.114341" lon="138.019439">
<ele>1177.613055</ele>
<time>2026-06-19T02:30:51Z</time>
<speed>10.385928</speed>
<trueHeading>202.478165</trueHeading>
<magneticHeading>210.786255</magneticHeading>
<gpsHeading>202.930280</gpsHeading>
<haccuracy>4.748650</haccuracy>
<vaccuracy>6.943530</vaccuracy>
<internetconnect>2</internetconnect>
</trkpt>
<trkpt lat="36.114256" lon="138.019403">
<ele>1176.523576</ele>
<time>2026-06-19T02:30:52Z</time>
<speed>10.062495</speed>
<trueHeading>202.478165</trueHeading>
<magneticHeading>210.786255</magneticHeading>
<gpsHeading>199.213592</gpsHeading>
<haccuracy>4.748650</haccuracy>
<vaccuracy>6.972686</vaccuracy>
<internetconnect>2</internetconnect>
</trkpt>
<trkpt lat="36.114168" lon="138.019372">
<ele>1175.488160</ele>
<time>2026-06-19T02:30:53Z</time>
<speed>10.022559</speed>
<trueHeading>202.478165</trueHeading>
<magneticHeading>210.786255</magneticHeading>
<gpsHeading>195.506689</gpsHeading>
<haccuracy>4.748650</haccuracy>
<vaccuracy>7.017202</vaccuracy>
<internetconnect>2</internetconnect>
</trkpt>
<trkpt lat="36.114100" lon="138.019302">
<ele>1174.554218</ele>
<time>2026-06-19T02:30:54Z</time>
<speed>9.702698</speed>
<trueHeading>202.478165</trueHeading>
<magneticHeading>210.786255</magneticHeading>
<gpsHeading>219.707435</gpsHeading>
<haccuracy>4.748650</haccuracy>
<vaccuracy>7.689553</vaccuracy>
<internetconnect>2</internetconnect>
</trkpt>
<trkpt lat="36.114041" lon="138.019234">
<ele>1173.584521</ele>
<time>2026-06-19T02:30:55Z</time>
<speed>9.578095</speed>
<trueHeading>202.478165</trueHeading>
<magneticHeading>210.786255</magneticHeading>
<gpsHeading>223.241327</gpsHeading>
<haccuracy>4.748650</haccuracy>
<vaccuracy>7.970893</vaccuracy>
<internetconnect>2</internetconnect>
</trkpt>
<trkpt lat="36.113987" lon="138.019159">
<ele>1172.865323</ele>
<time>2026-06-19T02:30:56Z</time>
<speed>9.400150</speed>
<trueHeading>217.511566</trueHeading>
<magneticHeading>225.819656</magneticHeading>
<gpsHeading>228.404609</gpsHeading>
<haccuracy>4.748650</haccuracy>
<vaccuracy>8.001416</vaccuracy>
<internetconnect>2</internetconnect>
</trkpt>
<trkpt lat="36.113933" lon="138.019082">
<ele>1171.745281</ele>
<time>2026-06-19T02:30:57Z</time>
<speed>9.290264</speed>
<trueHeading>232.544052</trueHeading>
<magneticHeading>240.852142</magneticHeading>
<gpsHeading>228.837446</gpsHeading>
<haccuracy>4.748650</haccuracy>
<vaccuracy>7.824354</vaccuracy>
<internetconnect>2</internetconnect>
</trkpt>
<trkpt lat="36.113890" lon="138.019000">
<ele>1171.394992</ele>
<time>2026-06-19T02:30:58Z</time>
<speed>9.243633</speed>
<trueHeading>232.544052</trueHeading>
<magneticHeading>240.852142</magneticHeading>
<gpsHeading>236.763461</gpsHeading>
<haccuracy>4.748650</haccuracy>
<vaccuracy>7.860697</vaccuracy>
<internetconnect>2</internetconnect>
</trkpt>
<trkpt lat="36.113847" lon="138.018910">
<ele>1170.403504</ele>
<time>2026-06-19T02:30:59Z</time>
<speed>9.301547</speed>
<trueHeading>247.647537</trueHeading>
<magneticHeading>255.955627</magneticHeading>
<gpsHeading>239.811222</gpsHeading>
<haccuracy>4.748650</haccuracy>
<vaccuracy>7.793709</vaccuracy>
<internetconnect>2</internetconnect>
</trkpt>
<trkpt lat="36.113811" lon="138.018823">
<ele>1169.282423</ele>
<time>2026-06-19T02:31:00Z</time>
<speed>9.413228</speed>
<trueHeading>247.647537</trueHeading>
<magneticHeading>255.955627</magneticHeading>
<gpsHeading>242.388778</gpsHeading>
<haccuracy>4.748650</haccuracy>
<vaccuracy>7.682425</vaccuracy>
<internetconnect>2</internetconnect>
</trkpt>
<trkpt lat="36.113806" lon="138.018714">
<ele>1168.081459</ele>
<time>2026-06-19T02:31:01Z</time>
<speed>9.814198</speed>
<trueHeading>247.647537</trueHeading>
<magneticHeading>255.955627</magneticHeading>
<gpsHeading>266.893518</gpsHeading>
<haccuracy>4.748650</haccuracy>
<vaccuracy>7.718673</vaccuracy>
<internetconnect>2</internetconnect>
</trkpt>
<trkpt lat="36.113803" lon="138.018600">
<ele>1167.501498</ele>
<time>2026-06-19T02:31:02Z</time>
<speed>9.998243</speed>
<trueHeading>247.647537</trueHeading>
<magneticHeading>255.955627</magneticHeading>
<gpsHeading>268.131252</gpsHeading>
<haccuracy>4.748650</haccuracy>
<vaccuracy>7.768896</vaccuracy>
<internetconnect>2</internetconnect>
</trkpt>
<trkpt lat="36.113799" lon="138.018501">
<ele>1165.922145</ele>
<time>2026-06-19T02:31:03Z</time>
<speed>9.112998</speed>
<trueHeading>247.647537</trueHeading>
<magneticHeading>255.955627</magneticHeading>
<gpsHeading>267.284728</gpsHeading>
<haccuracy>4.748650</haccuracy>
<vaccuracy>7.720595</vaccuracy>
<internetconnect>2</internetconnect>
</trkpt>
<trkpt lat="36.113770" lon="138.018410">
<ele>1164.789119</ele>
<time>2026-06-19T02:31:04Z</time>
<speed>8.953929</speed>
<trueHeading>247.647537</trueHeading>
<magneticHeading>255.955627</magneticHeading>
<gpsHeading>248.275692</gpsHeading>
<haccuracy>4.748650</haccuracy>
<vaccuracy>7.431742</vaccuracy>
<internetconnect>2</internetconnect>
</trkpt>
<trkpt lat="36.113716" lon="138.018323">
<ele>1163.939794</ele>
<time>2026-06-19T02:31:05Z</time>
<speed>9.653472</speed>
<trueHeading>232.459824</trueHeading>
<magneticHeading>240.767914</magneticHeading>
<gpsHeading>232.612648</gpsHeading>
<haccuracy>4.748650</haccuracy>
<vaccuracy>7.468979</vaccuracy>
<internetconnect>2</internetconnect>
</trkpt>
<trkpt lat="36.113651" lon="138.018238">
<ele>1163.172407</ele>
<time>2026-06-19T02:31:06Z</time>
<speed>10.351378</speed>
<trueHeading>232.459824</trueHeading>
<magneticHeading>240.767914</magneticHeading>
<gpsHeading>226.743129</gpsHeading>
<haccuracy>4.748650</haccuracy>
<vaccuracy>7.280241</vaccuracy>
<internetconnect>2</internetconnect>
</trkpt>
<trkpt lat="36.113586" lon="138.018148">
<ele>1162.407760</ele>
<time>2026-06-19T02:31:07Z</time>
<speed>10.586997</speed>
<trueHeading>232.459824</trueHeading>
<magneticHeading>240.767914</magneticHeading>
<gpsHeading>228.134085</gpsHeading>
<haccuracy>4.748650</haccuracy>
<vaccuracy>7.002825</vaccuracy>
<internetconnect>2</internetconnect>
</trkpt>
<trkpt lat="36.113552" lon="138.018026">
<ele>1161.699316</ele>
<time>2026-06-19T02:31:08Z</time>
<speed>10.766461</speed>
<trueHeading>247.669296</trueHeading>
<magneticHeading>255.977386</magneticHeading>
<gpsHeading>251.113729</gpsHeading>
<haccuracy>4.748650</haccuracy>
<vaccuracy>6.533565</vaccuracy>
<internetconnect>2</internetconnect>
</trkpt>
<trkpt lat="36.113533" lon="138.017906">
<ele>1161.151081</ele>
<time>2026-06-19T02:31:09Z</time>
<speed>10.711353</speed>
<trueHeading>247.669296</trueHeading>
<magneticHeading>255.977386</magneticHeading>
<gpsHeading>258.703343</gpsHeading>
<haccuracy>4.748650</haccuracy>
<vaccuracy>6.294193</vaccuracy>
<internetconnect>2</internetconnect>
</trkpt>
<trkpt lat="36.113521" lon="138.017809">
<ele>1160.071403</ele>
<time>2026-06-19T02:31:10Z</time>
<speed>9.439012</speed>
<trueHeading>247.669296</trueHeading>
<magneticHeading>255.977386</magneticHeading>
<gpsHeading>261.262606</gpsHeading>
<haccuracy>4.748650</haccuracy>
<vaccuracy>6.370133</vaccuracy>
<internetconnect>2</internetconnect>
</trkpt>
<trkpt lat="36.113516" lon="138.017721">
<ele>1158.921159</ele>
<time>2026-06-19T02:31:11Z</time>
<speed>8.248323</speed>
<trueHeading>247.669296</trueHeading>
<magneticHeading>255.977386</magneticHeading>
<gpsHeading>266.075684</gpsHeading>
<haccuracy>4.748650</haccuracy>
<vaccuracy>6.554688</vaccuracy>
<internetconnect>2</internetconnect>
</trkpt>
<trkpt lat="36.113458" lon="138.017663">
<ele>1158.040378</ele>
<time>2026-06-19T02:31:12Z</time>
<speed>8.038069</speed>
<trueHeading>217.032288</trueHeading>
<magneticHeading>225.340378</magneticHeading>
<gpsHeading>218.886588</gpsHeading>
<haccuracy>4.748650</haccuracy>
<vaccuracy>6.408069</vaccuracy>
<internetconnect>2</internetconnect>
</trkpt>
<trkpt lat="36.113375" lon="138.017640">
<ele>1157.034848</ele>
<time>2026-06-19T02:31:13Z</time>
<speed>8.982275</speed>
<trueHeading>217.032288</trueHeading>
<magneticHeading>225.340378</magneticHeading>
<gpsHeading>192.390427</gpsHeading>
<haccuracy>4.748650</haccuracy>
<vaccuracy>6.156617</vaccuracy>
<internetconnect>2</internetconnect>
</trkpt>
<trkpt lat="36.113292" lon="138.017575">
<ele>1155.553141</ele>
<time>2026-06-19T02:31:14Z</time>
<speed>10.348901</speed>
<trueHeading>201.950836</trueHeading>
<magneticHeading>210.258926</magneticHeading>
<gpsHeading>212.509696</gpsHeading>
<haccuracy>4.748650</haccuracy>
<vaccuracy>6.146545</vaccuracy>
<internetconnect>2</internetconnect>
</trkpt>
<trkpt lat="36.113201" lon="138.017535">
<ele>1154.556292</ele>
<time>2026-06-19T02:31:15Z</time>
<speed>10.566770</speed>
<trueHeading>201.950836</trueHeading>
<magneticHeading>210.258926</magneticHeading>
<gpsHeading>199.252189</gpsHeading>
<haccuracy>4.748650</haccuracy>
<vaccuracy>6.280788</vaccuracy>
<internetconnect>2</internetconnect>
</trkpt>
<trkpt lat="36.113117" lon="138.017473">
<ele>1152.993171</ele>
<time>2026-06-19T02:31:16Z</time>
<speed>10.858315</speed>
<trueHeading>201.950836</trueHeading>
<magneticHeading>210.258926</magneticHeading>
<gpsHeading>211.051761</gpsHeading>
<haccuracy>4.748650</haccuracy>
<vaccuracy>6.093441</vaccuracy>
<internetconnect>2</internetconnect>
</trkpt>
<trkpt lat="36.113039" lon="138.017393">
<ele>1151.515620</ele>
<time>2026-06-19T02:31:17Z</time>
<speed>11.209403</speed>
<trueHeading>217.028717</trueHeading>
<magneticHeading>225.336807</magneticHeading>
<gpsHeading>219.645368</gpsHeading>
<haccuracy>4.748650</haccuracy>
<vaccuracy>5.904126</vaccuracy>
<internetconnect>2</internetconnect>
</trkpt>
<trkpt lat="36.112969" lon="138.017301">
<ele>1150.159753</ele>
<time>2026-06-19T02:31:18Z</time>
<speed>11.252813</speed>
<trueHeading>217.028717</trueHeading>
<magneticHeading>225.336807</magneticHeading>
<gpsHeading>226.761720</gpsHeading>
<haccuracy>4.748650</haccuracy>
<vaccuracy>5.832163</vaccuracy>
<internetconnect>2</internetconnect>
</trkpt>
<trkpt lat="36.112907" lon="138.017198">
<ele>1149.174531</ele>
<time>2026-06-19T02:31:19Z</time>
<speed>11.597507</speed>
<trueHeading>232.082550</trueHeading>
<magneticHeading>240.390640</magneticHeading>
<gpsHeading>233.556733</gpsHeading>
<haccuracy>4.748650</haccuracy>
<vaccuracy>5.976616</vaccuracy>
<internetconnect>2</internetconnect>
</trkpt>
<trkpt lat="36.112860" lon="138.017077">
<ele>1147.987705</ele>
<time>2026-06-19T02:31:20Z</time>
<speed>11.893457</speed>
<trueHeading>232.082550</trueHeading>
<magneticHeading>240.390640</magneticHeading>
<gpsHeading>244.197398</gpsHeading>
<haccuracy>4.748650</haccuracy>
<vaccuracy>5.890425</vaccuracy>
<internetconnect>2</internetconnect>
</trkpt>
<trkpt lat="36.112830" lon="138.016946">
<ele>1146.545025</ele>
<time>2026-06-19T02:31:21Z</time>
<speed>12.190797</speed>
<trueHeading>232.082550</trueHeading>
<magneticHeading>240.390640</magneticHeading>
<gpsHeading>253.791712</gpsHeading>
<haccuracy>4.748650</haccuracy>
<vaccuracy>5.695067</vaccuracy>
<internetconnect>2</internetconnect>
</trkpt>
<trkpt lat="36.112784" lon="138.016815">
<ele>1145.411399</ele>
<time>2026-06-19T02:31:22Z</time>
<speed>12.272635</speed>
<trueHeading>232.082550</trueHeading>
<magneticHeading>240.390640</magneticHeading>
<gpsHeading>246.638686</gpsHeading>
<haccuracy>4.748650</haccuracy>
<vaccuracy>5.528252</vaccuracy>
<internetconnect>2</internetconnect>
</trkpt>
<trkpt lat="36.112729" lon="138.016699">
<ele>1144.461556</ele>
<time>2026-06-19T02:31:23Z</time>
<speed>11.961636</speed>
<trueHeading>232.082550</trueHeading>
<magneticHeading>240.390640</magneticHeading>
<gpsHeading>240.026750</gpsHeading>
<haccuracy>4.748650</haccuracy>
<vaccuracy>5.711639</vaccuracy>
<internetconnect>2</internetconnect>
</trkpt>
<trkpt lat="36.112673" lon="138.016589">
<ele>1143.317214</ele>
<time>2026-06-19T02:31:24Z</time>
<speed>12.005537</speed>
<trueHeading>232.082550</trueHeading>
<magneticHeading>240.390640</magneticHeading>
<gpsHeading>237.591721</gpsHeading>
<haccuracy>4.748650</haccuracy>
<vaccuracy>5.519379</vaccuracy>
<internetconnect>2</internetconnect>
</trkpt>
<trkpt lat="36.112629" lon="138.016496">
<ele>1142.353005</ele>
<time>2026-06-19T02:31:25Z</time>
<speed>11.321653</speed>
<trueHeading>232.082550</trueHeading>
<magneticHeading>240.390640</magneticHeading>
<gpsHeading>239.741155</gpsHeading>
<haccuracy>4.748650</haccuracy>
<vaccuracy>5.520390</vaccuracy>
<internetconnect>2</internetconnect>
</trkpt>
<trkpt lat="36.112596" lon="138.016391">
<ele>1141.739200</ele>
<time>2026-06-19T02:31:26Z</time>
<speed>10.590857</speed>
<trueHeading>247.085388</trueHeading>
<magneticHeading>255.393478</magneticHeading>
<gpsHeading>248.661830</gpsHeading>
<haccuracy>4.748650</haccuracy>
<vaccuracy>5.223635</vaccuracy>
<internetconnect>2</internetconnect>
</trkpt>
<trkpt lat="36.112578" lon="138.016310">
<ele>1140.478402</ele>
<time>2026-06-19T02:31:27Z</time>
<speed>8.412318</speed>
<trueHeading>247.085388</trueHeading>
<magneticHeading>255.393478</magneticHeading>
<gpsHeading>253.959784</gpsHeading>
<haccuracy>4.748651</haccuracy>
<vaccuracy>5.036630</vaccuracy>
<internetconnect>2</internetconnect>
</trkpt>
<trkpt lat="36.112560" lon="138.016223">
<ele>1139.895279</ele>
<time>2026-06-19T02:31:28Z</time>
<speed>7.977246</speed>
<trueHeading>247.085388</trueHeading>
<magneticHeading>255.393478</magneticHeading>
<gpsHeading>255.945475</gpsHeading>
<haccuracy>4.748651</haccuracy>
<vaccuracy>4.907980</vaccuracy>
<internetconnect>2</internetconnect>
</trkpt>
<trkpt lat="36.112552" lon="138.016136">
<ele>1139.376447</ele>
<time>2026-06-19T02:31:29Z</time>
<speed>8.248091</speed>
<trueHeading>247.085388</trueHeading>
<magneticHeading>255.393478</magneticHeading>
<gpsHeading>263.937155</gpsHeading>
<haccuracy>4.748651</haccuracy>
<vaccuracy>4.687895</vaccuracy>
<internetconnect>2</internetconnect>
</trkpt>
<trkpt lat="36.112545" lon="138.016063">
<ele>1138.597960</ele>
<time>2026-06-19T02:31:30Z</time>
<speed>7.186685</speed>
<trueHeading>262.101318</trueHeading>
<magneticHeading>270.409424</magneticHeading>
<gpsHeading>263.159808</gpsHeading>
<haccuracy>4.748651</haccuracy>
<vaccuracy>5.158899</vaccuracy>
<internetconnect>2</internetconnect>
</trkpt>
<trkpt lat="36.112539" lon="138.015993">
<ele>1137.724151</ele>
<time>2026-06-19T02:31:31Z</time>
<speed>6.588183</speed>
<trueHeading>262.101318</trueHeading>
<magneticHeading>270.409424</magneticHeading>
<gpsHeading>263.159793</gpsHeading>
<haccuracy>4.748651</haccuracy>
<vaccuracy>5.217932</vaccuracy>
<internetconnect>2</internetconnect>
</trkpt>
<trkpt lat="36.112533" lon="138.015934">
<ele>1136.772281</ele>
<time>2026-06-19T02:31:32Z</time>
<speed>5.737489</speed>
<trueHeading>262.101318</trueHeading>
<magneticHeading>270.409424</magneticHeading>
<gpsHeading>263.159644</gpsHeading>
<haccuracy>4.748651</haccuracy>
<vaccuracy>5.260551</vaccuracy>
<internetconnect>2</internetconnect>
</trkpt>
<trkpt lat="36.112518" lon="138.015847">
<ele>1135.874875</ele>
<time>2026-06-19T02:31:34Z</time>
<speed>3.510170</speed>
<trueHeading>262.101318</trueHeading>
<magneticHeading>270.409424</magneticHeading>
<gpsHeading>258.357392</gpsHeading>
<haccuracy>4.748651</haccuracy>
<vaccuracy>5.403913</vaccuracy>
<internetconnect>2</internetconnect>
</trkpt>
<trkpt lat="36.112502" lon="138.015781">
<ele>1135.065949</ele>
<time>2026-06-19T02:31:36Z</time>
<speed>2.401965</speed>
<trueHeading>262.101318</trueHeading>
<magneticHeading>270.409424</magneticHeading>
<gpsHeading>252.741617</gpsHeading>
<haccuracy>4.748651</haccuracy>
<vaccuracy>8.319915</vaccuracy>
<internetconnect>2</internetconnect>
</trkpt>
<trkpt lat="36.112485" lon="138.015708">
<ele>1134.846075</ele>
<time>2026-06-19T02:31:47Z</time>
<speed>2.530500</speed>
<trueHeading>262.101318</trueHeading>
<magneticHeading>270.409424</magneticHeading>
<gpsHeading>253.922378</gpsHeading>
<haccuracy>4.748651</haccuracy>
<vaccuracy>7.690403</vaccuracy>
<internetconnect>2</internetconnect>
</trkpt>
<trkpt lat="36.112476" lon="138.015643">
<ele>1134.916682</ele>
<time>2026-06-19T02:31:48Z</time>
<speed>5.079055</speed>
<trueHeading>262.101318</trueHeading>
<magneticHeading>270.409424</magneticHeading>
<gpsHeading>259.889763</gpsHeading>
<haccuracy>4.748650</haccuracy>
<vaccuracy>8.114135</vaccuracy>
<internetconnect>2</internetconnect>
</trkpt>
<trkpt lat="36.112461" lon="138.015562">
<ele>1133.710728</ele>
<time>2026-06-19T02:31:49Z</time>
<speed>7.072733</speed>
<trueHeading>262.101318</trueHeading>
<magneticHeading>270.409424</magneticHeading>
<gpsHeading>257.242327</gpsHeading>
<haccuracy>4.748650</haccuracy>
<vaccuracy>8.260718</vaccuracy>
<internetconnect>2</internetconnect>
</trkpt>
<trkpt lat="36.112437" lon="138.015465">
<ele>1132.942831</ele>
<time>2026-06-19T02:31:50Z</time>
<speed>8.693574</speed>
<trueHeading>262.101318</trueHeading>
<magneticHeading>270.409424</magneticHeading>
<gpsHeading>253.387961</gpsHeading>
<haccuracy>4.748649</haccuracy>
<vaccuracy>8.269499</vaccuracy>
<internetconnect>2</internetconnect>
</trkpt>
<trkpt lat="36.112421" lon="138.015360">
<ele>1131.883776</ele>
<time>2026-06-19T02:31:51Z</time>
<speed>9.373601</speed>
<trueHeading>262.101318</trueHeading>
<magneticHeading>270.409424</magneticHeading>
<gpsHeading>259.173742</gpsHeading>
<haccuracy>4.748649</haccuracy>
<vaccuracy>8.182179</vaccuracy>
<internetconnect>2</internetconnect>
</trkpt>
<trkpt lat="36.112412" lon="138.015248">
<ele>1131.095016</ele>
<time>2026-06-19T02:31:52Z</time>
<speed>9.901005</speed>
<trueHeading>262.101318</trueHeading>
<magneticHeading>270.409424</magneticHeading>
<gpsHeading>264.400356</gpsHeading>
<haccuracy>4.748649</haccuracy>
<vaccuracy>8.153941</vaccuracy>
<internetconnect>2</internetconnect>
</trkpt>
<trkpt lat="36.112435" lon="138.015143">
<ele>1130.270803</ele>
<time>2026-06-19T02:31:53Z</time>
<speed>9.494619</speed>
<trueHeading>262.101318</trueHeading>
<magneticHeading>270.409424</magneticHeading>
<gpsHeading>284.731551</gpsHeading>
<haccuracy>4.748649</haccuracy>
<vaccuracy>8.069348</vaccuracy>
<internetconnect>2</internetconnect>
</trkpt>
<trkpt lat="36.112428" lon="138.015041">
<ele>1129.905498</ele>
<time>2026-06-19T02:31:54Z</time>
<speed>8.786947</speed>
<trueHeading>262.101318</trueHeading>
<magneticHeading>270.409424</magneticHeading>
<gpsHeading>265.171886</gpsHeading>
<haccuracy>4.748649</haccuracy>
<vaccuracy>8.053688</vaccuracy>
<internetconnect>2</internetconnect>
</trkpt>
<trkpt lat="36.112416" lon="138.014956">
<ele>1128.689309</ele>
<time>2026-06-19T02:31:55Z</time>
<speed>7.981261</speed>
<trueHeading>262.101318</trueHeading>
<magneticHeading>270.409424</magneticHeading>
<gpsHeading>260.111087</gpsHeading>
<haccuracy>4.748650</haccuracy>
<vaccuracy>7.844939</vaccuracy>
<internetconnect>2</internetconnect>
</trkpt>
<trkpt lat="36.112372" lon="138.014872">
<ele>1127.378326</ele>
<time>2026-06-19T02:31:56Z</time>
<speed>7.617327</speed>
<trueHeading>247.011047</trueHeading>
<magneticHeading>255.319138</magneticHeading>
<gpsHeading>236.968385</gpsHeading>
<haccuracy>4.748650</haccuracy>
<vaccuracy>7.581638</vaccuracy>
<internetconnect>2</internetconnect>
</trkpt>
<trkpt lat="36.112307" lon="138.014834">
<ele>1126.395652</ele>
<time>2026-06-19T02:31:57Z</time>
<speed>6.946814</speed>
<trueHeading>216.832703</trueHeading>
<magneticHeading>225.140793</magneticHeading>
<gpsHeading>205.127842</gpsHeading>
<haccuracy>4.748650</haccuracy>
<vaccuracy>7.393061</vaccuracy>
<internetconnect>2</internetconnect>
</trkpt>
<trkpt lat="36.112248" lon="138.014811">
<ele>1125.345534</ele>
<time>2026-06-19T02:31:58Z</time>
<speed>6.675577</speed>
<trueHeading>201.617371</trueHeading>
<magneticHeading>209.925461</magneticHeading>
<gpsHeading>197.872181</gpsHeading>
<haccuracy>4.748650</haccuracy>
<vaccuracy>7.430665</vaccuracy>
<internetconnect>2</internetconnect>
</trkpt>
<trkpt lat="36.112180" lon="138.014809">
<ele>1124.861535</ele>
<time>2026-06-19T02:31:59Z</time>
<speed>7.399271</speed>
<trueHeading>186.302536</trueHeading>
<magneticHeading>194.610626</magneticHeading>
<gpsHeading>181.387762</gpsHeading>
<haccuracy>4.748651</haccuracy>
<vaccuracy>7.276202</vaccuracy>
<internetconnect>2</internetconnect>
</trkpt>
<trkpt lat="36.112118" lon="138.014845">
<ele>1124.372589</ele>
<time>2026-06-19T02:32:00Z</time>
<speed>8.186060</speed>
<trueHeading>171.254807</trueHeading>
<magneticHeading>179.562897</magneticHeading>
<gpsHeading>155.010891</gpsHeading>
<haccuracy>4.748651</haccuracy>
<vaccuracy>7.317217</vaccuracy>
<internetconnect>2</internetconnect>
</trkpt>
<trkpt lat="36.112040" lon="138.014876">
<ele>1123.471881</ele>
<time>2026-06-19T02:32:01Z</time>
<speed>8.969144</speed>
<trueHeading>171.254807</trueHeading>
<magneticHeading>179.562897</magneticHeading>
<gpsHeading>162.029005</gpsHeading>
<haccuracy>4.748651</haccuracy>
<vaccuracy>6.977370</vaccuracy>
<internetconnect>2</internetconnect>
</trkpt>
<trkpt lat="36.111966" lon="138.014933">
<ele>1122.306399</ele>
<time>2026-06-19T02:32:02Z</time>
<speed>9.621065</speed>
<trueHeading>156.203400</trueHeading>
<magneticHeading>164.511490</magneticHeading>
<gpsHeading>147.970752</gpsHeading>
<haccuracy>4.748651</haccuracy>
<vaccuracy>6.510938</vaccuracy>
<internetconnect>2</internetconnect>
</trkpt>
<trkpt lat="36.111878" lon="138.014963">
<ele>1121.343964</ele>
<time>2026-06-19T02:32:03Z</time>
<speed>10.080330</speed>
<trueHeading>156.203400</trueHeading>
<magneticHeading>164.511490</magneticHeading>
<gpsHeading>164.833231</gpsHeading>
<haccuracy>4.748651</haccuracy>
<vaccuracy>6.013646</vaccuracy>
<internetconnect>2</internetconnect>
</trkpt>
<trkpt lat="36.111798" lon="138.015004">
<ele>1121.196216</ele>
<time>2026-06-19T02:32:04Z</time>
<speed>10.203626</speed>
<trueHeading>156.203400</trueHeading>
<magneticHeading>164.511490</magneticHeading>
<gpsHeading>157.498818</gpsHeading>
<haccuracy>4.748651</haccuracy>
<vaccuracy>5.427195</vaccuracy>
<internetconnect>2</internetconnect>
</trkpt>
<trkpt lat="36.111709" lon="138.015038">
<ele>1120.599979</ele>
<time>2026-06-19T02:32:05Z</time>
<speed>10.480864</speed>
<trueHeading>156.203400</trueHeading>
<magneticHeading>164.511490</magneticHeading>
<gpsHeading>162.962250</gpsHeading>
<haccuracy>4.748651</haccuracy>
<vaccuracy>5.033398</vaccuracy>
<internetconnect>2</internetconnect>
</trkpt>
<trkpt lat="36.111600" lon="138.015062">
<ele>1120.052629</ele>
<time>2026-06-19T02:32:06Z</time>
<speed>11.083588</speed>
<trueHeading>156.203400</trueHeading>
<magneticHeading>164.511490</magneticHeading>
<gpsHeading>169.742785</gpsHeading>
<haccuracy>4.748651</haccuracy>
<vaccuracy>4.711462</vaccuracy>
<internetconnect>2</internetconnect>
</trkpt>
<trkpt lat="36.111500" lon="138.015093">
<ele>1119.515687</ele>
<time>2026-06-19T02:32:07Z</time>
<speed>11.552358</speed>
<trueHeading>156.203400</trueHeading>
<magneticHeading>164.511490</magneticHeading>
<gpsHeading>165.867977</gpsHeading>
<haccuracy>4.748651</haccuracy>
<vaccuracy>5.079596</vaccuracy>
<internetconnect>2</internetconnect>
</trkpt>
<trkpt lat="36.111391" lon="138.015119">
<ele>1119.047173</ele>
<time>2026-06-19T02:32:08Z</time>
<speed>12.121804</speed>
<trueHeading>156.203400</trueHeading>
<magneticHeading>164.511490</magneticHeading>
<gpsHeading>169.204404</gpsHeading>
<haccuracy>4.748651</haccuracy>
<vaccuracy>4.813379</vaccuracy>
<internetconnect>2</internetconnect>
</trkpt>
<trkpt lat="36.111284" lon="138.015162">
<ele>1117.699437</ele>
<time>2026-06-19T02:32:09Z</time>
<speed>12.362376</speed>
<trueHeading>156.203400</trueHeading>
<magneticHeading>164.511490</magneticHeading>
<gpsHeading>161.988798</gpsHeading>
<haccuracy>4.748651</haccuracy>
<vaccuracy>4.761328</vaccuracy>
<internetconnect>2</internetconnect>
</trkpt>
<trkpt lat="36.111188" lon="138.015184">
<ele>1116.363985</ele>
<time>2026-06-19T02:32:10Z</time>
<speed>11.214862</speed>
<trueHeading>156.203400</trueHeading>
<magneticHeading>164.511490</magneticHeading>
<gpsHeading>169.443671</gpsHeading>
<haccuracy>4.748651</haccuracy>
<vaccuracy>4.712859</vaccuracy>
<internetconnect>2</internetconnect>
</trkpt>
<trkpt lat="36.111113" lon="138.015208">
<ele>1115.982230</ele>
<time>2026-06-19T02:32:11Z</time>
<speed>8.611604</speed>
<trueHeading>156.203400</trueHeading>
<magneticHeading>164.511490</magneticHeading>
<gpsHeading>165.809075</gpsHeading>
<haccuracy>4.748651</haccuracy>
<vaccuracy>4.983606</vaccuracy>
<internetconnect>2</internetconnect>
</trkpt>
<trkpt lat="36.111050" lon="138.015228">
<ele>1115.269558</ele>
<time>2026-06-19T02:32:12Z</time>
<speed>7.365601</speed>
<trueHeading>156.203400</trueHeading>
<magneticHeading>164.511490</magneticHeading>
<gpsHeading>165.588080</gpsHeading>
<haccuracy>4.748651</haccuracy>
<vaccuracy>4.987904</vaccuracy>
<internetconnect>2</internetconnect>
</trkpt>
<trkpt lat="36.111000" lon="138.015281">
<ele>1113.401376</ele>
<time>2026-06-19T02:32:13Z</time>
<speed>7.086296</speed>
<trueHeading>140.946533</trueHeading>
<magneticHeading>149.254623</magneticHeading>
<gpsHeading>139.208794</gpsHeading>
<haccuracy>4.748651</haccuracy>
<vaccuracy>4.855101</vaccuracy>
<internetconnect>2</internetconnect>
</trkpt>
<trkpt lat="36.110964" lon="138.015361">
<ele>1112.379487</ele>
<time>2026-06-19T02:32:14Z</time>
<speed>7.911472</speed>
<trueHeading>125.684631</trueHeading>
<magneticHeading>133.992722</magneticHeading>
<gpsHeading>119.520746</gpsHeading>
<haccuracy>4.748651</haccuracy>
<vaccuracy>4.946601</vaccuracy>
<internetconnect>2</internetconnect>
</trkpt>
<trkpt lat="36.110915" lon="138.015441">
<ele>1111.713332</ele>
<time>2026-06-19T02:32:15Z</time>
<speed>8.959530</speed>
<trueHeading>125.684631</trueHeading>
<magneticHeading>133.992722</magneticHeading>
<gpsHeading>127.083502</gpsHeading>
<haccuracy>4.748651</haccuracy>
<vaccuracy>5.049344</vaccuracy>
<internetconnect>2</internetconnect>
</trkpt>
<trkpt lat="36.110890" lon="138.015539">
<ele>1111.200373</ele>
<time>2026-06-19T02:32:16Z</time>
<speed>8.281414</speed>
<trueHeading>125.684631</trueHeading>
<magneticHeading>133.992722</magneticHeading>
<gpsHeading>107.459532</gpsHeading>
<haccuracy>4.748651</haccuracy>
<vaccuracy>5.256952</vaccuracy>
<internetconnect>2</internetconnect>
</trkpt>
<trkpt lat="36.110863" lon="138.015601">
<ele>1110.038702</ele>
<time>2026-06-19T02:32:17Z</time>
<speed>6.743299</speed>
<trueHeading>110.572144</trueHeading>
<magneticHeading>118.880234</magneticHeading>
<gpsHeading>117.665582</gpsHeading>
<haccuracy>4.748651</haccuracy>
<vaccuracy>5.187115</vaccuracy>
<internetconnect>2</internetconnect>
</trkpt>
<trkpt lat="36.110856" lon="138.015662">
<ele>1109.356863</ele>
<time>2026-06-19T02:32:18Z</time>
<speed>5.747975</speed>
<trueHeading>95.281609</trueHeading>
<magneticHeading>103.589699</magneticHeading>
<gpsHeading>98.509300</gpsHeading>
<haccuracy>4.748651</haccuracy>
<vaccuracy>5.317786</vaccuracy>
<internetconnect>2</internetconnect>
</trkpt>
<trkpt lat="36.110876" lon="138.015735">
<ele>1108.903690</ele>
<time>2026-06-19T02:32:19Z</time>
<speed>6.863875</speed>
<trueHeading>80.161736</trueHeading>
<magneticHeading>88.469826</magneticHeading>
<gpsHeading>71.694287</gpsHeading>
<haccuracy>4.748652</haccuracy>
<vaccuracy>5.232911</vaccuracy>
<internetconnect>2</internetconnect>
</trkpt>
<trkpt lat="36.110917" lon="138.015822">
<ele>1108.398701</ele>
<time>2026-06-19T02:32:20Z</time>
<speed>8.555463</speed>
<trueHeading>80.161736</trueHeading>
<magneticHeading>88.469826</magneticHeading>
<gpsHeading>59.711967</gpsHeading>
<haccuracy>4.748652</haccuracy>
<vaccuracy>5.067981</vaccuracy>
<internetconnect>2</internetconnect>
</trkpt>
<trkpt lat="36.110953" lon="138.015926">
<ele>1107.890360</ele>
<time>2026-06-19T02:32:21Z</time>
<speed>9.638701</speed>
<trueHeading>80.161736</trueHeading>
<magneticHeading>88.469826</magneticHeading>
<gpsHeading>66.721397</gpsHeading>
<haccuracy>4.748652</haccuracy>
<vaccuracy>4.884804</vaccuracy>
<internetconnect>2</internetconnect>
</trkpt>
<trkpt lat="36.110962" lon="138.016043">
<ele>1106.565458</ele>
<time>2026-06-19T02:32:22Z</time>
<speed>10.109747</speed>
<trueHeading>80.161736</trueHeading>
<magneticHeading>88.469826</magneticHeading>
<gpsHeading>84.484871</gpsHeading>
<haccuracy>4.748651</haccuracy>
<vaccuracy>4.714679</vaccuracy>
<internetconnect>2</internetconnect>
</trkpt>
<trkpt lat="36.110967" lon="138.016155">
<ele>1105.676091</ele>
<time>2026-06-19T02:32:23Z</time>
<speed>10.129146</speed>
<trueHeading>80.161736</trueHeading>
<magneticHeading>88.469826</magneticHeading>
<gpsHeading>86.897823</gpsHeading>
<haccuracy>4.748651</haccuracy>
<vaccuracy>4.651171</vaccuracy>
<internetconnect>2</internetconnect>
</trkpt>
<trkpt lat="36.110979" lon="138.016258">
<ele>1104.757180</ele>
<time>2026-06-19T02:32:24Z</time>
<speed>9.721536</speed>
<trueHeading>80.161736</trueHeading>
<magneticHeading>88.469826</magneticHeading>
<gpsHeading>81.553610</gpsHeading>
<haccuracy>4.748651</haccuracy>
<vaccuracy>4.463032</vaccuracy>
<internetconnect>2</internetconnect>
</trkpt>
<trkpt lat="36.111005" lon="138.016366">
<ele>1103.391910</ele>
<time>2026-06-19T02:32:25Z</time>
<speed>9.956969</speed>
<trueHeading>80.161736</trueHeading>
<magneticHeading>88.469826</magneticHeading>
<gpsHeading>73.870015</gpsHeading>
<haccuracy>4.748651</haccuracy>
<vaccuracy>4.484470</vaccuracy>
<internetconnect>2</internetconnect>
</trkpt>
<trkpt lat="36.111029" lon="138.016483">
<ele>1102.350301</ele>
<time>2026-06-19T02:32:26Z</time>
<speed>10.364341</speed>
<trueHeading>80.161736</trueHeading>
<magneticHeading>88.469826</magneticHeading>
<gpsHeading>75.554064</gpsHeading>
<haccuracy>4.748651</haccuracy>
<vaccuracy>4.525944</vaccuracy>
<internetconnect>2</internetconnect>
</trkpt>
<trkpt lat="36.111052" lon="138.016597">
<ele>1101.635722</ele>
<time>2026-06-19T02:32:27Z</time>
<speed>10.250965</speed>
<trueHeading>80.161736</trueHeading>
<magneticHeading>88.469826</magneticHeading>
<gpsHeading>75.882373</gpsHeading>
<haccuracy>4.748651</haccuracy>
<vaccuracy>4.604844</vaccuracy>
<internetconnect>2</internetconnect>
</trkpt>
<trkpt lat="36.111041" lon="138.016718">
<ele>1100.550538</ele>
<time>2026-06-19T02:32:28Z</time>
<speed>10.554146</speed>
<trueHeading>80.161736</trueHeading>
<magneticHeading>88.469826</magneticHeading>
<gpsHeading>96.708944</gpsHeading>
<haccuracy>4.748651</haccuracy>
<vaccuracy>4.505126</vaccuracy>
<internetconnect>2</internetconnect>
</trkpt>
<trkpt lat="36.111033" lon="138.016841">
<ele>1099.594205</ele>
<time>2026-06-19T02:32:29Z</time>
<speed>11.011146</speed>
<trueHeading>95.189133</trueHeading>
<magneticHeading>103.497223</magneticHeading>
<gpsHeading>94.060012</gpsHeading>
<haccuracy>4.748651</haccuracy>
<vaccuracy>4.336949</vaccuracy>
<internetconnect>2</internetconnect>
</trkpt>
<trkpt lat="36.111029" lon="138.016963">
<ele>1098.773386</ele>
<time>2026-06-19T02:32:30Z</time>
<speed>10.601240</speed>
<trueHeading>95.189133</trueHeading>
<magneticHeading>103.497223</magneticHeading>
<gpsHeading>92.626590</gpsHeading>
<haccuracy>4.748651</haccuracy>
<vaccuracy>4.222464</vaccuracy>
<internetconnect>2</internetconnect>
</trkpt>
<trkpt lat="36.110987" lon="138.017054">
<ele>1097.612830</ele>
<time>2026-06-19T02:32:31Z</time>
<speed>9.116810</speed>
<trueHeading>95.189133</trueHeading>
<magneticHeading>103.497223</magneticHeading>
<gpsHeading>119.433467</gpsHeading>
<haccuracy>4.748651</haccuracy>
<vaccuracy>4.173047</vaccuracy>
<internetconnect>2</internetconnect>
</trkpt>
<trkpt lat="36.110951" lon="138.017121">
<ele>1097.165567</ele>
<time>2026-06-19T02:32:32Z</time>
<speed>7.922208</speed>
<trueHeading>110.236862</trueHeading>
<magneticHeading>118.544952</magneticHeading>
<gpsHeading>123.529019</gpsHeading>
<haccuracy>4.748651</haccuracy>
<vaccuracy>4.078215</vaccuracy>
<internetconnect>2</internetconnect>
</trkpt>
<trkpt lat="36.110921" lon="138.017181">
<ele>1097.155385</ele>
<time>2026-06-19T02:32:33Z</time>
<speed>6.710872</speed>
<trueHeading>110.236862</trueHeading>
<magneticHeading>118.544952</magneticHeading>
<gpsHeading>122.158760</gpsHeading>
<haccuracy>4.748651</haccuracy>
<vaccuracy>4.114009</vaccuracy>
<internetconnect>2</internetconnect>
</trkpt>
<trkpt lat="36.110872" lon="138.017270">
<ele>1097.126315</ele>
<time>2026-06-19T02:32:35Z</time>
<speed>4.900541</speed>
<trueHeading>155.694183</trueHeading>
<magneticHeading>164.002274</magneticHeading>
<gpsHeading>124.582294</gpsHeading>
<haccuracy>4.748651</haccuracy>
<vaccuracy>4.630029</vaccuracy>
<internetconnect>2</internetconnect>
</trkpt>
<trkpt lat="36.110822" lon="138.017261">
<ele>1096.195837</ele>
<time>2026-06-19T02:32:36Z</time>
<speed>4.812875</speed>
<trueHeading>186.350784</trueHeading>
<magneticHeading>194.658875</magneticHeading>
<gpsHeading>188.231426</gpsHeading>
<haccuracy>4.748651</haccuracy>
<vaccuracy>4.813670</vaccuracy>
<internetconnect>2</internetconnect>
</trkpt>
<trkpt lat="36.110756" lon="138.017256">
<ele>1096.442729</ele>
<time>2026-06-19T02:32:37Z</time>
<speed>5.258866</speed>
<trueHeading>201.437393</trueHeading>
<magneticHeading>209.745483</magneticHeading>
<gpsHeading>183.715613</gpsHeading>
<haccuracy>4.748651</haccuracy>
<vaccuracy>4.919448</vaccuracy>
<internetconnect>2</internetconnect>
</trkpt>
<trkpt lat="36.110709" lon="138.017216">
<ele>1095.883448</ele>
<time>2026-06-19T02:32:38Z</time>
<speed>5.970436</speed>
<trueHeading>216.456543</trueHeading>
<magneticHeading>224.764633</magneticHeading>
<gpsHeading>214.632735</gpsHeading>
<haccuracy>4.748652</haccuracy>
<vaccuracy>5.034833</vaccuracy>
<internetconnect>2</internetconnect>
</trkpt>
<trkpt lat="36.110664" lon="138.017144">
<ele>1095.780276</ele>
<time>2026-06-19T02:32:39Z</time>
<speed>6.846066</speed>
<trueHeading>231.478928</trueHeading>
<magneticHeading>239.787018</magneticHeading>
<gpsHeading>231.853845</gpsHeading>
<haccuracy>4.748652</haccuracy>
<vaccuracy>5.107039</vaccuracy>
<internetconnect>2</internetconnect>
</trkpt>
<trkpt lat="36.110620" lon="138.017079">
<ele>1095.361601</ele>
<time>2026-06-19T02:32:40Z</time>
<speed>7.149659</speed>
<trueHeading>231.478928</trueHeading>
<magneticHeading>239.787018</magneticHeading>
<gpsHeading>230.287825</gpsHeading>
<haccuracy>4.748652</haccuracy>
<vaccuracy>5.059156</vaccuracy>
<internetconnect>2</internetconnect>
</trkpt>
<trkpt lat="36.110574" lon="138.017010">
<ele>1093.916778</ele>
<time>2026-06-19T02:32:41Z</time>
<speed>7.649617</speed>
<trueHeading>231.478928</trueHeading>
<magneticHeading>239.787018</magneticHeading>
<gpsHeading>230.287773</gpsHeading>
<haccuracy>4.748652</haccuracy>
<vaccuracy>5.117832</vaccuracy>
<internetconnect>2</internetconnect>
</trkpt>
<trkpt lat="36.110530" lon="138.016946">
<ele>1093.962551</ele>
<time>2026-06-19T02:32:42Z</time>
<speed>7.942634</speed>
<trueHeading>231.478928</trueHeading>
<magneticHeading>239.787018</magneticHeading>
<gpsHeading>229.270038</gpsHeading>
<haccuracy>4.748652</haccuracy>
<vaccuracy>4.914603</vaccuracy>
<internetconnect>2</internetconnect>
</trkpt>
<trkpt lat="36.110478" lon="138.016878">
<ele>1093.755664</ele>
<time>2026-06-19T02:32:43Z</time>
<speed>8.254655</speed>
<trueHeading>216.468796</trueHeading>
<magneticHeading>224.776886</magneticHeading>
<gpsHeading>227.045736</gpsHeading>
<haccuracy>4.748651</haccuracy>
<vaccuracy>4.739188</vaccuracy>
<internetconnect>2</internetconnect>
</trkpt>
<trkpt lat="36.110401" lon="138.016825">
<ele>1093.170123</ele>
<time>2026-06-19T02:32:44Z</time>
<speed>9.179302</speed>
<trueHeading>216.468796</trueHeading>
<magneticHeading>224.776886</magneticHeading>
<gpsHeading>209.109470</gpsHeading>
<haccuracy>4.748651</haccuracy>
<vaccuracy>4.849209</vaccuracy>
<internetconnect>2</internetconnect>
</trkpt>
<trkpt lat="36.110326" lon="138.016766">
<ele>1092.636302</ele>
<time>2026-06-19T02:32:45Z</time>
<speed>9.788174</speed>
<trueHeading>216.468796</trueHeading>
<magneticHeading>224.776886</magneticHeading>
<gpsHeading>212.397262</gpsHeading>
<haccuracy>4.748651</haccuracy>
<vaccuracy>4.874748</vaccuracy>
<internetconnect>2</internetconnect>
</trkpt>
<trkpt lat="36.110253" lon="138.016697">
<ele>1092.312383</ele>
<time>2026-06-19T02:32:46Z</time>
<speed>9.965130</speed>
<trueHeading>216.468796</trueHeading>
<magneticHeading>224.776886</magneticHeading>
<gpsHeading>217.542777</gpsHeading>
<haccuracy>4.748651</haccuracy>
<vaccuracy>7.632376</vaccuracy>
<internetconnect>2</internetconnect>
</trkpt>
<trkpt lat="36.110168" lon="138.016664">
<ele>1091.751196</ele>
<time>2026-06-19T02:32:47Z</time>
<speed>10.002610</speed>
<trueHeading>216.468796</trueHeading>
<magneticHeading>224.776886</magneticHeading>
<gpsHeading>197.252486</gpsHeading>
<haccuracy>4.748651</haccuracy>
<vaccuracy>7.890608</vaccuracy>
<internetconnect>2</internetconnect>
</trkpt>
<trkpt lat="36.110086" lon="138.016608">
<ele>1091.027189</ele>
<time>2026-06-19T02:32:48Z</time>
<speed>10.274114</speed>
<trueHeading>216.468796</trueHeading>
<magneticHeading>224.776886</magneticHeading>
<gpsHeading>208.592080</gpsHeading>
<haccuracy>4.748651</haccuracy>
<vaccuracy>7.566961</vaccuracy>
<internetconnect>2</internetconnect>
</trkpt>
<trkpt lat="36.110009" lon="138.016546">
<ele>1089.976761</ele>
<time>2026-06-19T02:32:49Z</time>
<speed>10.533725</speed>
<trueHeading>216.468796</trueHeading>
<magneticHeading>224.776886</magneticHeading>
<gpsHeading>213.027595</gpsHeading>
<haccuracy>4.748651</haccuracy>
<vaccuracy>7.080140</vaccuracy>
<internetconnect>2</internetconnect>
</trkpt>
<trkpt lat="36.109920" lon="138.016462">
<ele>1088.710393</ele>
<time>2026-06-19T02:32:50Z</time>
<speed>11.048258</speed>
<trueHeading>216.468796</trueHeading>
<magneticHeading>224.776886</magneticHeading>
<gpsHeading>217.565183</gpsHeading>
<haccuracy>4.748651</haccuracy>
<vaccuracy>6.090370</vaccuracy>
<internetconnect>2</internetconnect>
</trkpt>
<trkpt lat="36.109840" lon="138.016380">
<ele>1087.574991</ele>
<time>2026-06-19T02:32:51Z</time>
<speed>11.323290</speed>
<trueHeading>216.468796</trueHeading>
<magneticHeading>224.776886</magneticHeading>
<gpsHeading>219.756787</gpsHeading>
<haccuracy>4.748651</haccuracy>
<vaccuracy>6.008799</vaccuracy>
<internetconnect>2</internetconnect>
</trkpt>
<trkpt lat="36.109765" lon="138.016295">
<ele>1086.334203</ele>
<time>2026-06-19T02:32:52Z</time>
<speed>11.273610</speed>
<trueHeading>216.468796</trueHeading>
<magneticHeading>224.776886</magneticHeading>
<gpsHeading>222.203860</gpsHeading>
<haccuracy>4.748651</haccuracy>
<vaccuracy>5.883632</vaccuracy>
<internetconnect>2</internetconnect>
</trkpt>
<trkpt lat="36.109688" lon="138.016217">
<ele>1085.508372</ele>
<time>2026-06-19T02:32:53Z</time>
<speed>10.316732</speed>
<trueHeading>216.468796</trueHeading>
<magneticHeading>224.776886</magneticHeading>
<gpsHeading>219.485117</gpsHeading>
<haccuracy>4.748651</haccuracy>
<vaccuracy>5.762377</vaccuracy>
<internetconnect>2</internetconnect>
</trkpt>
<trkpt lat="36.109635" lon="138.016148">
<ele>1084.725246</ele>
<time>2026-06-19T02:32:54Z</time>
<speed>8.826016</speed>
<trueHeading>216.468796</trueHeading>
<magneticHeading>224.776886</magneticHeading>
<gpsHeading>226.232341</gpsHeading>
<haccuracy>4.748651</haccuracy>
<vaccuracy>5.951432</vaccuracy>
<internetconnect>2</internetconnect>
</trkpt>
<trkpt lat="36.109597" lon="138.016064">
<ele>1084.079996</ele>
<time>2026-06-19T02:32:55Z</time>
<speed>8.520418</speed>
<trueHeading>231.565994</trueHeading>
<magneticHeading>239.874084</magneticHeading>
<gpsHeading>241.192585</gpsHeading>
<haccuracy>4.748651</haccuracy>
<vaccuracy>5.831240</vaccuracy>
<internetconnect>2</internetconnect>
</trkpt>
<trkpt lat="36.109579" lon="138.015969">
<ele>1082.881883</ele>
<time>2026-06-19T02:32:56Z</time>
<speed>8.367430</speed>
<trueHeading>246.721893</trueHeading>
<magneticHeading>255.029984</magneticHeading>
<gpsHeading>256.758987</gpsHeading>
<haccuracy>4.748651</haccuracy>
<vaccuracy>5.872799</vaccuracy>
<internetconnect>2</internetconnect>
</trkpt>
<trkpt lat="36.109583" lon="138.015845">
<ele>1082.088016</ele>
<time>2026-06-19T02:32:57Z</time>
<speed>9.895783</speed>
<trueHeading>261.744385</trueHeading>
<magneticHeading>270.052490</magneticHeading>
<gpsHeading>271.981173</gpsHeading>
<haccuracy>4.748651</haccuracy>
<vaccuracy>6.004907</vaccuracy>
<internetconnect>2</internetconnect>
</trkpt>
<trkpt lat="36.109593" lon="138.015718">
<ele>1080.672454</ele>
<time>2026-06-19T02:32:58Z</time>
<speed>10.643917</speed>
<trueHeading>261.744385</trueHeading>
<magneticHeading>270.052490</magneticHeading>
<gpsHeading>275.841140</gpsHeading>
<haccuracy>4.748651</haccuracy>
<vaccuracy>5.862141</vaccuracy>
<internetconnect>2</internetconnect>
</trkpt>
<trkpt lat="36.109613" lon="138.015609">
<ele>1079.029261</ele>
<time>2026-06-19T02:32:59Z</time>
<speed>9.704134</speed>
<trueHeading>261.744385</trueHeading>
<magneticHeading>270.052490</magneticHeading>
<gpsHeading>282.395927</gpsHeading>
<haccuracy>4.748651</haccuracy>
<vaccuracy>5.818694</vaccuracy>
<internetconnect>2</internetconnect>
</trkpt>
<trkpt lat="36.109620" lon="138.015514">
<ele>1077.517746</ele>
<time>2026-06-19T02:33:00Z</time>
<speed>8.638594</speed>
<trueHeading>261.744385</trueHeading>
<magneticHeading>270.052490</magneticHeading>
<gpsHeading>275.702899</gpsHeading>
<haccuracy>4.748651</haccuracy>
<vaccuracy>5.715711</vaccuracy>
<internetconnect>2</internetconnect>
</trkpt>
<trkpt lat="36.109615" lon="138.015428">
<ele>1076.751392</ele>
<time>2026-06-19T02:33:01Z</time>
<speed>7.906767</speed>
<trueHeading>261.744385</trueHeading>
<magneticHeading>270.052490</magneticHeading>
<gpsHeading>265.284683</gpsHeading>
<haccuracy>4.748651</haccuracy>
<vaccuracy>5.687009</vaccuracy>
<internetconnect>2</internetconnect>
</trkpt>
<trkpt lat="36.109585" lon="138.015343">
<ele>1075.801182</ele>
<time>2026-06-19T02:33:02Z</time>
<speed>8.205017</speed>
<trueHeading>246.515945</trueHeading>
<magneticHeading>254.824036</magneticHeading>
<gpsHeading>246.424189</gpsHeading>
<haccuracy>4.748651</haccuracy>
<vaccuracy>5.805631</vaccuracy>
<internetconnect>2</internetconnect>
</trkpt>
<trkpt lat="36.109529" lon="138.015260">
<ele>1075.854628</ele>
<time>2026-06-19T02:33:03Z</time>
<speed>9.117407</speed>
<trueHeading>231.218826</trueHeading>
<magneticHeading>239.526917</magneticHeading>
<gpsHeading>230.307961</gpsHeading>
<haccuracy>4.748650</haccuracy>
<vaccuracy>5.984790</vaccuracy>
<internetconnect>2</internetconnect>
</trkpt>
<trkpt lat="36.109453" lon="138.015192">
<ele>1074.788555</ele>
<time>2026-06-19T02:33:04Z</time>
<speed>10.405931</speed>
<trueHeading>231.218826</trueHeading>
<magneticHeading>239.526917</magneticHeading>
<gpsHeading>215.804355</gpsHeading>
<haccuracy>4.748650</haccuracy>
<vaccuracy>6.081280</vaccuracy>
<internetconnect>2</internetconnect>
</trkpt>
<trkpt lat="36.109369" lon="138.015115">
<ele>1074.228946</ele>
<time>2026-06-19T02:33:05Z</time>
<speed>11.509738</speed>
<trueHeading>231.218826</trueHeading>
<magneticHeading>239.526917</magneticHeading>
<gpsHeading>216.619509</gpsHeading>
<haccuracy>4.748650</haccuracy>
<vaccuracy>6.189513</vaccuracy>
<internetconnect>2</internetconnect>
</trkpt>
<trkpt lat="36.109288" lon="138.015029">
<ele>1074.126476</ele>
<time>2026-06-19T02:33:06Z</time>
<speed>11.557472</speed>
<trueHeading>231.218826</trueHeading>
<magneticHeading>239.526917</magneticHeading>
<gpsHeading>220.378688</gpsHeading>
<haccuracy>4.748650</haccuracy>
<vaccuracy>6.192606</vaccuracy>
<internetconnect>2</internetconnect>
</trkpt>
<trkpt lat="36.109213" lon="138.014947">
<ele>1072.910243</ele>
<time>2026-06-19T02:33:07Z</time>
<speed>11.438861</speed>
<trueHeading>231.218826</trueHeading>
<magneticHeading>239.526917</magneticHeading>
<gpsHeading>221.491965</gpsHeading>
<haccuracy>4.748650</haccuracy>
<vaccuracy>6.195151</vaccuracy>
<internetconnect>2</internetconnect>
</trkpt>
<trkpt lat="36.109138" lon="138.014859">
<ele>1072.689501</ele>
<time>2026-06-19T02:33:08Z</time>
<speed>11.153259</speed>
<trueHeading>231.218826</trueHeading>
<magneticHeading>239.526917</magneticHeading>
<gpsHeading>223.687662</gpsHeading>
<haccuracy>4.748650</haccuracy>
<vaccuracy>6.204820</vaccuracy>
<internetconnect>2</internetconnect>
</trkpt>
<trkpt lat="36.109056" lon="138.014792">
<ele>1072.160268</ele>
<time>2026-06-19T02:33:09Z</time>
<speed>10.812768</speed>
<trueHeading>231.218826</trueHeading>
<magneticHeading>239.526917</magneticHeading>
<gpsHeading>213.247512</gpsHeading>
<haccuracy>4.748650</haccuracy>
<vaccuracy>7.496474</vaccuracy>
<internetconnect>2</internetconnect>
</trkpt>
<trkpt lat="36.108985" lon="138.014726">
<ele>1071.738418</ele>
<time>2026-06-19T02:33:10Z</time>
<speed>9.882458</speed>
<trueHeading>216.157455</trueHeading>
<magneticHeading>224.465546</magneticHeading>
<gpsHeading>216.731886</gpsHeading>
<haccuracy>4.748650</haccuracy>
<vaccuracy>7.457827</vaccuracy>
<internetconnect>2</internetconnect>
</trkpt>
<trkpt lat="36.108919" lon="138.014679">
<ele>1071.065117</ele>
<time>2026-06-19T02:33:11Z</time>
<speed>8.908949</speed>
<trueHeading>216.157455</trueHeading>
<magneticHeading>224.465546</magneticHeading>
<gpsHeading>210.182768</gpsHeading>
<haccuracy>4.748650</haccuracy>
<vaccuracy>7.411446</vaccuracy>
<internetconnect>2</internetconnect>
</trkpt>
<trkpt lat="36.108844" lon="138.014649">
<ele>1070.950139</ele>
<time>2026-06-19T02:33:12Z</time>
<speed>8.772858</speed>
<trueHeading>201.097046</trueHeading>
<magneticHeading>209.405136</magneticHeading>
<gpsHeading>197.779632</gpsHeading>
<haccuracy>4.748650</haccuracy>
<vaccuracy>7.241757</vaccuracy>
<internetconnect>2</internetconnect>
</trkpt>
<trkpt lat="36.108762" lon="138.014638">
<ele>1070.494915</ele>
<time>2026-06-19T02:33:13Z</time>
<speed>9.507479</speed>
<trueHeading>201.097046</trueHeading>
<magneticHeading>209.405136</magneticHeading>
<gpsHeading>186.423258</gpsHeading>
<haccuracy>4.748651</haccuracy>
<vaccuracy>6.979243</vaccuracy>
<internetconnect>2</internetconnect>
</trkpt>
<trkpt lat="36.108674" lon="138.014641">
<ele>1070.234137</ele>
<time>2026-06-19T02:33:14Z</time>
<speed>10.005799</speed>
<trueHeading>186.082504</trueHeading>
<magneticHeading>194.390594</magneticHeading>
<gpsHeading>178.088089</gpsHeading>
<haccuracy>4.748651</haccuracy>
<vaccuracy>6.775505</vaccuracy>
<internetconnect>2</internetconnect>
</trkpt>
<trkpt lat="36.108575" lon="138.014642">
<ele>1069.862540</ele>
<time>2026-06-19T02:33:15Z</time>
<speed>10.656572</speed>
<trueHeading>186.082504</trueHeading>
<magneticHeading>194.390594</magneticHeading>
<gpsHeading>179.790858</gpsHeading>
<haccuracy>4.748651</haccuracy>
<vaccuracy>6.750014</vaccuracy>
<internetconnect>2</internetconnect>
</trkpt>
<trkpt lat="36.108475" lon="138.014647">
<ele>1068.979139</ele>
<time>2026-06-19T02:33:16Z</time>
<speed>11.081634</speed>
<trueHeading>186.082504</trueHeading>
<magneticHeading>194.390594</magneticHeading>
<gpsHeading>177.691944</gpsHeading>
<haccuracy>4.748651</haccuracy>
<vaccuracy>6.486739</vaccuracy>
<internetconnect>2</internetconnect>
</trkpt>
<trkpt lat="36.108366" lon="138.014649">
<ele>1068.372931</ele>
<time>2026-06-19T02:33:17Z</time>
<speed>11.535950</speed>
<trueHeading>186.082504</trueHeading>
<magneticHeading>194.390594</magneticHeading>
<gpsHeading>178.974061</gpsHeading>
<haccuracy>4.748651</haccuracy>
<vaccuracy>6.229328</vaccuracy>
<internetconnect>2</internetconnect>
</trkpt>
<trkpt lat="36.108263" lon="138.014649">
<ele>1068.153384</ele>
<time>2026-06-19T02:33:18Z</time>
<speed>11.386151</speed>
<trueHeading>186.082504</trueHeading>
<magneticHeading>194.390594</magneticHeading>
<gpsHeading>180.151796</gpsHeading>
<haccuracy>4.748651</haccuracy>
<vaccuracy>5.988177</vaccuracy>
<internetconnect>2</internetconnect>
</trkpt>
<trkpt lat="36.108162" lon="138.014646">
<ele>1067.561799</ele>
<time>2026-06-19T02:33:19Z</time>
<speed>11.242644</speed>
<trueHeading>186.082504</trueHeading>
<magneticHeading>194.390594</magneticHeading>
<gpsHeading>181.331212</gpsHeading>
<haccuracy>4.748651</haccuracy>
<vaccuracy>5.842445</vaccuracy>
<internetconnect>2</internetconnect>
</trkpt>
<trkpt lat="36.108057" lon="138.014621">
<ele>1067.132511</ele>
<time>2026-06-19T02:33:20Z</time>
<speed>11.308655</speed>
<trueHeading>186.082504</trueHeading>
<magneticHeading>194.390594</magneticHeading>
<gpsHeading>190.725850</gpsHeading>
<haccuracy>4.748651</haccuracy>
<vaccuracy>5.645605</vaccuracy>
<internetconnect>2</internetconnect>
</trkpt>
<trkpt lat="36.107962" lon="138.014588">
<ele>1066.742646</ele>
<time>2026-06-19T02:33:21Z</time>
<speed>11.099427</speed>
<trueHeading>186.082504</trueHeading>
<magneticHeading>194.390594</magneticHeading>
<gpsHeading>195.995804</gpsHeading>
<haccuracy>4.748651</haccuracy>
<vaccuracy>5.426912</vaccuracy>
<internetconnect>2</internetconnect>
</trkpt>
<trkpt lat="36.107887" lon="138.014508">
<ele>1066.214804</ele>
<time>2026-06-19T02:33:22Z</time>
<speed>10.695410</speed>
<trueHeading>201.233353</trueHeading>
<magneticHeading>209.541443</magneticHeading>
<gpsHeading>220.738430</gpsHeading>
<haccuracy>4.748651</haccuracy>
<vaccuracy>5.299105</vaccuracy>
<internetconnect>2</internetconnect>
</trkpt>
<trkpt lat="36.107803" lon="138.014453">
<ele>1065.694908</ele>
<time>2026-06-19T02:33:23Z</time>
<speed>10.505319</speed>
<trueHeading>216.344086</trueHeading>
<magneticHeading>224.652176</magneticHeading>
<gpsHeading>207.678674</gpsHeading>
<haccuracy>4.748651</haccuracy>
<vaccuracy>5.663843</vaccuracy>
<internetconnect>2</internetconnect>
</trkpt>
<trkpt lat="36.107725" lon="138.014369">
<ele>1065.826232</ele>
<time>2026-06-19T02:33:24Z</time>
<speed>10.569741</speed>
<trueHeading>216.344086</trueHeading>
<magneticHeading>224.652176</magneticHeading>
<gpsHeading>221.220300</gpsHeading>
<haccuracy>4.748651</haccuracy>
<vaccuracy>5.668085</vaccuracy>
<internetconnect>2</internetconnect>
</trkpt>
<trkpt lat="36.107659" lon="138.014294">
<ele>1064.902475</ele>
<time>2026-06-19T02:33:25Z</time>
<speed>10.175658</speed>
<trueHeading>216.344086</trueHeading>
<magneticHeading>224.652176</magneticHeading>
<gpsHeading>222.181106</gpsHeading>
<haccuracy>4.748651</haccuracy>
<vaccuracy>5.923239</vaccuracy>
<internetconnect>2</internetconnect>
</trkpt>
<trkpt lat="36.107578" lon="138.014242">
<ele>1064.490852</ele>
<time>2026-06-19T02:33:26Z</time>
<speed>10.131818</speed>
<trueHeading>216.344086</trueHeading>
<magneticHeading>224.652176</magneticHeading>
<gpsHeading>207.557280</gpsHeading>
<haccuracy>4.748651</haccuracy>
<vaccuracy>5.864154</vaccuracy>
<internetconnect>2</internetconnect>
</trkpt>
<trkpt lat="36.107496" lon="138.014203">
<ele>1063.980233</ele>
<time>2026-06-19T02:33:27Z</time>
<speed>10.139266</speed>
<trueHeading>201.247681</trueHeading>
<magneticHeading>209.555771</magneticHeading>
<gpsHeading>201.020267</gpsHeading>
<haccuracy>4.748651</haccuracy>
<vaccuracy>5.706062</vaccuracy>
<internetconnect>2</internetconnect>
</trkpt>
<trkpt lat="36.107409" lon="138.014185">
<ele>1063.551154</ele>
<time>2026-06-19T02:33:28Z</time>
<speed>10.225837</speed>
<trueHeading>201.247681</trueHeading>
<magneticHeading>209.555771</magneticHeading>
<gpsHeading>189.375433</gpsHeading>
<haccuracy>4.748651</haccuracy>
<vaccuracy>5.568230</vaccuracy>
<internetconnect>2</internetconnect>
</trkpt>
<trkpt lat="36.107317" lon="138.014175">
<ele>1063.647509</ele>
<time>2026-06-19T02:33:29Z</time>
<speed>10.436529</speed>
<trueHeading>186.141769</trueHeading>
<magneticHeading>194.449860</magneticHeading>
<gpsHeading>184.957286</gpsHeading>
<haccuracy>4.748651</haccuracy>
<vaccuracy>5.547480</vaccuracy>
<internetconnect>2</internetconnect>
</trkpt>
<trkpt lat="36.107217" lon="138.014188">
<ele>1063.180954</ele>
<time>2026-06-19T02:33:30Z</time>
<speed>10.767296</speed>
<trueHeading>186.141769</trueHeading>
<magneticHeading>194.449860</magneticHeading>
<gpsHeading>174.241951</gpsHeading>
<haccuracy>4.748651</haccuracy>
<vaccuracy>5.599521</vaccuracy>
<internetconnect>2</internetconnect>
</trkpt>
<trkpt lat="36.107120" lon="138.014173">
<ele>1062.463325</ele>
<time>2026-06-19T02:33:31Z</time>
<speed>10.538490</speed>
<trueHeading>186.141769</trueHeading>
<magneticHeading>194.449860</magneticHeading>
<gpsHeading>187.091323</gpsHeading>
<haccuracy>4.748651</haccuracy>
<vaccuracy>5.765312</vaccuracy>
<internetconnect>2</internetconnect>
</trkpt>
<trkpt lat="36.107040" lon="138.014167">
<ele>1062.905829</ele>
<time>2026-06-19T02:33:32Z</time>
<speed>9.071661</speed>
<trueHeading>186.141769</trueHeading>
<magneticHeading>194.449860</magneticHeading>
<gpsHeading>183.511739</gpsHeading>
<haccuracy>4.748651</haccuracy>
<vaccuracy>5.964767</vaccuracy>
<internetconnect>2</internetconnect>
</trkpt>
<trkpt lat="36.106965" lon="138.014174">
<ele>1063.169797</ele>
<time>2026-06-19T02:33:33Z</time>
<speed>8.705500</speed>
<trueHeading>171.105988</trueHeading>
<magneticHeading>179.414078</magneticHeading>
<gpsHeading>175.179798</gpsHeading>
<haccuracy>4.748651</haccuracy>
<vaccuracy>6.101788</vaccuracy>
<internetconnect>2</internetconnect>
</trkpt>
<trkpt lat="36.106892" lon="138.014201">
<ele>1062.819236</ele>
<time>2026-06-19T02:33:34Z</time>
<speed>8.811775</speed>
<trueHeading>171.105988</trueHeading>
<magneticHeading>179.414078</magneticHeading>
<gpsHeading>163.715039</gpsHeading>
<haccuracy>4.748651</haccuracy>
<vaccuracy>6.152865</vaccuracy>
<internetconnect>2</internetconnect>
</trkpt>
<trkpt lat="36.106825" lon="138.014243">
<ele>1062.397901</ele>
<time>2026-06-19T02:33:35Z</time>
<speed>8.675350</speed>
<trueHeading>171.105988</trueHeading>
<magneticHeading>179.414078</magneticHeading>
<gpsHeading>153.317953</gpsHeading>
<haccuracy>4.748651</haccuracy>
<vaccuracy>6.126252</vaccuracy>
<internetconnect>2</internetconnect>
</trkpt>
<trkpt lat="36.106755" lon="138.014282">
<ele>1061.935403</ele>
<time>2026-06-19T02:33:36Z</time>
<speed>8.423952</speed>
<trueHeading>171.105988</trueHeading>
<magneticHeading>179.414078</magneticHeading>
<gpsHeading>155.317934</gpsHeading>
<haccuracy>4.748651</haccuracy>
<vaccuracy>6.204017</vaccuracy>
<internetconnect>2</internetconnect>
</trkpt>
<trkpt lat="36.106683" lon="138.014309">
<ele>1061.643322</ele>
<time>2026-06-19T02:33:37Z</time>
<speed>8.403497</speed>
<trueHeading>171.105988</trueHeading>
<magneticHeading>179.414078</magneticHeading>
<gpsHeading>162.867866</gpsHeading>
<haccuracy>4.748651</haccuracy>
<vaccuracy>6.231704</vaccuracy>
<internetconnect>2</internetconnect>
</trkpt>
<trkpt lat="36.106602" lon="138.014318">
<ele>1061.765930</ele>
<time>2026-06-19T02:33:38Z</time>
<speed>8.779813</speed>
<trueHeading>171.105988</trueHeading>
<magneticHeading>179.414078</magneticHeading>
<gpsHeading>175.367797</gpsHeading>
<haccuracy>4.748651</haccuracy>
<vaccuracy>6.283697</vaccuracy>
<internetconnect>2</internetconnect>
</trkpt>
<trkpt lat="36.106512" lon="138.014306">
<ele>1061.560107</ele>
<time>2026-06-19T02:33:39Z</time>
<speed>9.744049</speed>
<trueHeading>171.105988</trueHeading>
<magneticHeading>179.414078</magneticHeading>
<gpsHeading>186.099027</gpsHeading>
<haccuracy>4.748651</haccuracy>
<vaccuracy>6.342499</vaccuracy>
<internetconnect>2</internetconnect>
</trkpt>
<trkpt lat="36.106417" lon="138.014290">
<ele>1061.062044</ele>
<time>2026-06-19T02:33:40Z</time>
<speed>10.694967</speed>
<trueHeading>171.105988</trueHeading>
<magneticHeading>179.414078</magneticHeading>
<gpsHeading>187.725009</gpsHeading>
<haccuracy>4.748651</haccuracy>
<vaccuracy>6.332375</vaccuracy>
<internetconnect>2</internetconnect>
</trkpt>
<trkpt lat="36.106316" lon="138.014278">
<ele>1059.924910</ele>
<time>2026-06-19T02:33:41Z</time>
<speed>11.214018</speed>
<trueHeading>171.105988</trueHeading>
<magneticHeading>179.414078</magneticHeading>
<gpsHeading>185.489743</gpsHeading>
<haccuracy>4.748651</haccuracy>
<vaccuracy>6.370289</vaccuracy>
<internetconnect>2</internetconnect>
</trkpt>
<trkpt lat="36.106217" lon="138.014258">
<ele>1059.061519</ele>
<time>2026-06-19T02:33:42Z</time>
<speed>11.143842</speed>
<trueHeading>171.105988</trueHeading>
<magneticHeading>179.414078</magneticHeading>
<gpsHeading>189.311835</gpsHeading>
<haccuracy>4.748651</haccuracy>
<vaccuracy>6.375054</vaccuracy>
<internetconnect>2</internetconnect>
</trkpt>
<trkpt lat="36.106118" lon="138.014245">
<ele>1058.088869</ele>
<time>2026-06-19T02:33:43Z</time>
<speed>10.923914</speed>
<trueHeading>171.105988</trueHeading>
<magneticHeading>179.414078</magneticHeading>
<gpsHeading>186.034476</gpsHeading>
<haccuracy>4.748650</haccuracy>
<vaccuracy>6.363120</vaccuracy>
<internetconnect>2</internetconnect>
</trkpt>
<trkpt lat="36.106023" lon="138.014240">
<ele>1057.278216</ele>
<time>2026-06-19T02:33:44Z</time>
<speed>10.473925</speed>
<trueHeading>171.105988</trueHeading>
<magneticHeading>179.414078</magneticHeading>
<gpsHeading>182.310323</gpsHeading>
<haccuracy>4.748651</haccuracy>
<vaccuracy>6.273046</vaccuracy>
<internetconnect>2</internetconnect>
</trkpt>
<trkpt lat="36.105933" lon="138.014226">
<ele>1056.602286</ele>
<time>2026-06-19T02:33:45Z</time>
<speed>9.642213</speed>
<trueHeading>186.155075</trueHeading>
<magneticHeading>194.463165</magneticHeading>
<gpsHeading>187.059061</gpsHeading>
<haccuracy>4.748651</haccuracy>
<vaccuracy>6.314806</vaccuracy>
<internetconnect>2</internetconnect>
</trkpt>
<trkpt lat="36.105847" lon="138.014189">
<ele>1056.007466</ele>
<time>2026-06-19T02:33:46Z</time>
<speed>9.901939</speed>
<trueHeading>201.171021</trueHeading>
<magneticHeading>209.479111</magneticHeading>
<gpsHeading>198.973654</gpsHeading>
<haccuracy>4.748650</haccuracy>
<vaccuracy>6.408629</vaccuracy>
<internetconnect>2</internetconnect>
</trkpt>
<trkpt lat="36.105763" lon="138.014122">
<ele>1055.245439</ele>
<time>2026-06-19T02:33:47Z</time>
<speed>10.398383</speed>
<trueHeading>201.171021</trueHeading>
<magneticHeading>209.479111</magneticHeading>
<gpsHeading>212.990261</gpsHeading>
<haccuracy>4.748650</haccuracy>
<vaccuracy>6.485083</vaccuracy>
<internetconnect>2</internetconnect>
</trkpt>
<trkpt lat="36.105687" lon="138.014060">
<ele>1054.186608</ele>
<time>2026-06-19T02:33:48Z</time>
<speed>10.194446</speed>
<trueHeading>201.171021</trueHeading>
<magneticHeading>209.479111</magneticHeading>
<gpsHeading>213.225779</gpsHeading>
<haccuracy>4.748650</haccuracy>
<vaccuracy>6.434673</vaccuracy>
<internetconnect>2</internetconnect>
</trkpt>
<trkpt lat="36.105607" lon="138.014017">
<ele>1053.119862</ele>
<time>2026-06-19T02:33:49Z</time>
<speed>9.966529</speed>
<trueHeading>201.171021</trueHeading>
<magneticHeading>209.479111</magneticHeading>
<gpsHeading>203.344277</gpsHeading>
<haccuracy>4.748651</haccuracy>
<vaccuracy>6.362232</vaccuracy>
<internetconnect>2</internetconnect>
</trkpt>
<trkpt lat="36.105513" lon="138.013989">
<ele>1052.433069</ele>
<time>2026-06-19T02:33:50Z</time>
<speed>10.500213</speed>
<trueHeading>201.171021</trueHeading>
<magneticHeading>209.479111</magneticHeading>
<gpsHeading>193.698104</gpsHeading>
<haccuracy>4.748650</haccuracy>
<vaccuracy>6.369493</vaccuracy>
<internetconnect>2</internetconnect>
</trkpt>
<trkpt lat="36.105413" lon="138.013971">
<ele>1052.029941</ele>
<time>2026-06-19T02:33:51Z</time>
<speed>11.143669</speed>
<trueHeading>201.171021</trueHeading>
<magneticHeading>209.479111</magneticHeading>
<gpsHeading>188.231024</gpsHeading>
<haccuracy>4.748650</haccuracy>
<vaccuracy>6.231302</vaccuracy>
<internetconnect>2</internetconnect>
</trkpt>
<trkpt lat="36.105308" lon="138.013947">
<ele>1051.626343</ele>
<time>2026-06-19T02:33:52Z</time>
<speed>11.647325</speed>
<trueHeading>201.171021</trueHeading>
<magneticHeading>209.479111</magneticHeading>
<gpsHeading>190.413590</gpsHeading>
<haccuracy>4.748651</haccuracy>
<vaccuracy>6.080252</vaccuracy>
<internetconnect>2</internetconnect>
</trkpt>
<trkpt lat="36.105204" lon="138.013931">
<ele>1051.106493</ele>
<time>2026-06-19T02:33:53Z</time>
<speed>11.853415</speed>
<trueHeading>201.171021</trueHeading>
<magneticHeading>209.479111</magneticHeading>
<gpsHeading>187.366187</gpsHeading>
<haccuracy>4.748651</haccuracy>
<vaccuracy>5.938203</vaccuracy>
<internetconnect>2</internetconnect>
</trkpt>
<trkpt lat="36.105096" lon="138.013908">
<ele>1050.541640</ele>
<time>2026-06-19T02:33:54Z</time>
<speed>12.195950</speed>
<trueHeading>201.171021</trueHeading>
<magneticHeading>209.479111</magneticHeading>
<gpsHeading>189.620280</gpsHeading>
<haccuracy>4.748651</haccuracy>
<vaccuracy>5.801942</vaccuracy>
<internetconnect>2</internetconnect>
</trkpt>
<trkpt lat="36.104989" lon="138.013887">
<ele>1049.636391</ele>
<time>2026-06-19T02:33:55Z</time>
<speed>12.037967</speed>
<trueHeading>201.171021</trueHeading>
<magneticHeading>209.479111</magneticHeading>
<gpsHeading>189.128493</gpsHeading>
<haccuracy>4.748651</haccuracy>
<vaccuracy>5.739526</vaccuracy>
<internetconnect>2</internetconnect>
</trkpt>
<trkpt lat="36.104887" lon="138.013862">
<ele>1049.566258</ele>
<time>2026-06-19T02:33:56Z</time>
<speed>11.321226</speed>
<trueHeading>201.171021</trueHeading>
<magneticHeading>209.479111</magneticHeading>
<gpsHeading>190.911553</gpsHeading>
<haccuracy>4.748651</haccuracy>
<vaccuracy>5.834325</vaccuracy>
<internetconnect>2</internetconnect>
</trkpt>
<trkpt lat="36.104793" lon="138.013845">
<ele>1049.958912</ele>
<time>2026-06-19T02:33:57Z</time>
<speed>10.584646</speed>
<trueHeading>186.113800</trueHeading>
<magneticHeading>194.421890</magneticHeading>
<gpsHeading>188.360174</gpsHeading>
<haccuracy>4.748651</haccuracy>
<vaccuracy>5.750168</vaccuracy>
<internetconnect>2</internetconnect>
</trkpt>
<trkpt lat="36.104697" lon="138.013842">
<ele>1049.406314</ele>
<time>2026-06-19T02:33:58Z</time>
<speed>10.630459</speed>
<trueHeading>186.113800</trueHeading>
<magneticHeading>194.421890</magneticHeading>
<gpsHeading>181.801607</gpsHeading>
<haccuracy>4.748651</haccuracy>
<vaccuracy>5.694157</vaccuracy>
<internetconnect>2</internetconnect>
</trkpt>
<trkpt lat="36.104601" lon="138.013854">
<ele>1049.103380</ele>
<time>2026-06-19T02:33:59Z</time>
<speed>10.778912</speed>
<trueHeading>186.113800</trueHeading>
<magneticHeading>194.421890</magneticHeading>
<gpsHeading>174.112049</gpsHeading>
<haccuracy>4.748651</haccuracy>
<vaccuracy>5.777992</vaccuracy>
<internetconnect>2</internetconnect>
</trkpt>
<trkpt lat="36.104494" lon="138.013876">
<ele>1048.367339</ele>
<time>2026-06-19T02:34:00Z</time>
<speed>11.194833</speed>
<trueHeading>186.113800</trueHeading>
<magneticHeading>194.421890</magneticHeading>
<gpsHeading>170.325973</gpsHeading>
<haccuracy>4.748651</haccuracy>
<vaccuracy>5.911485</vaccuracy>
<internetconnect>2</internetconnect>
</trkpt>
<trkpt lat="36.104388" lon="138.013893">
<ele>1048.104788</ele>
<time>2026-06-19T02:34:01Z</time>
<speed>11.571530</speed>
<trueHeading>171.107162</trueHeading>
<magneticHeading>179.415253</magneticHeading>
<gpsHeading>172.894638</gpsHeading>
<haccuracy>4.748651</haccuracy>
<vaccuracy>5.931587</vaccuracy>
<internetconnect>2</internetconnect>
</trkpt>
<trkpt lat="36.104290" lon="138.013918">
<ele>1048.067095</ele>
<time>2026-06-19T02:34:02Z</time>
<speed>11.085034</speed>
<trueHeading>171.107162</trueHeading>
<magneticHeading>179.415253</magneticHeading>
<gpsHeading>168.443271</gpsHeading>
<haccuracy>4.748651</haccuracy>
<vaccuracy>5.854121</vaccuracy>
<internetconnect>2</internetconnect>
</trkpt>
<trkpt lat="36.104202" lon="138.013934">
<ele>1047.990656</ele>
<time>2026-06-19T02:34:03Z</time>
<speed>10.224501</speed>
<trueHeading>171.107162</trueHeading>
<magneticHeading>179.415253</magneticHeading>
<gpsHeading>171.244418</gpsHeading>
<haccuracy>4.748651</haccuracy>
<vaccuracy>5.823780</vaccuracy>
<internetconnect>2</internetconnect>
</trkpt>
<trkpt lat="36.104105" lon="138.013930">
<ele>1047.970679</ele>
<time>2026-06-19T02:34:04Z</time>
<speed>10.432104</speed>
<trueHeading>171.107162</trueHeading>
<magneticHeading>179.415253</magneticHeading>
<gpsHeading>181.987696</gpsHeading>
<haccuracy>4.748651</haccuracy>
<vaccuracy>5.729976</vaccuracy>
<internetconnect>2</internetconnect>
</trkpt>
<trkpt lat="36.104010" lon="138.013921">
<ele>1047.772491</ele>
<time>2026-06-19T02:34:05Z</time>
<speed>10.645847</speed>
<trueHeading>171.107162</trueHeading>
<magneticHeading>179.415253</magneticHeading>
<gpsHeading>184.538416</gpsHeading>
<haccuracy>4.748651</haccuracy>
<vaccuracy>5.605147</vaccuracy>
<internetconnect>2</internetconnect>
</trkpt>
<trkpt lat="36.103913" lon="138.013907">
<ele>1047.568208</ele>
<time>2026-06-19T02:34:06Z</time>
<speed>10.628838</speed>
<trueHeading>171.107162</trueHeading>
<magneticHeading>179.415253</magneticHeading>
<gpsHeading>186.563239</gpsHeading>
<haccuracy>4.748651</haccuracy>
<vaccuracy>5.427955</vaccuracy>
<internetconnect>2</internetconnect>
</trkpt>
<trkpt lat="36.103831" lon="138.013919">
<ele>1047.502807</ele>
<time>2026-06-19T02:34:07Z</time>
<speed>9.450135</speed>
<trueHeading>171.107162</trueHeading>
<magneticHeading>179.415253</magneticHeading>
<gpsHeading>173.285071</gpsHeading>
<haccuracy>4.748651</haccuracy>
<vaccuracy>5.289525</vaccuracy>
<internetconnect>2</internetconnect>
</trkpt>
<trkpt lat="36.103758" lon="138.013892">
<ele>1047.252919</ele>
<time>2026-06-19T02:34:08Z</time>
<speed>8.328891</speed>
<trueHeading>171.107162</trueHeading>
<magneticHeading>179.415253</magneticHeading>
<gpsHeading>196.766441</gpsHeading>
<haccuracy>4.748651</haccuracy>
<vaccuracy>5.029545</vaccuracy>
<internetconnect>2</internetconnect>
</trkpt>
<trkpt lat="36.103685" lon="138.013909">
<ele>1046.868282</ele>
<time>2026-06-19T02:34:09Z</time>
<speed>8.165683</speed>
<trueHeading>171.107162</trueHeading>
<magneticHeading>179.415253</magneticHeading>
<gpsHeading>168.812831</gpsHeading>
<haccuracy>4.748651</haccuracy>
<vaccuracy>4.805080</vaccuracy>
<internetconnect>2</internetconnect>
</trkpt>
<trkpt lat="36.103622" lon="138.013944">
<ele>1046.328409</ele>
<time>2026-06-19T02:34:10Z</time>
<speed>8.249195</speed>
<trueHeading>171.107162</trueHeading>
<magneticHeading>179.415253</magneticHeading>
<gpsHeading>156.110618</gpsHeading>
<haccuracy>4.748651</haccuracy>
<vaccuracy>4.775008</vaccuracy>
<internetconnect>2</internetconnect>
</trkpt>
<trkpt lat="36.103544" lon="138.013971">
<ele>1046.276302</ele>
<time>2026-06-19T02:34:11Z</time>
<speed>8.590868</speed>
<trueHeading>156.037521</trueHeading>
<magneticHeading>164.345612</magneticHeading>
<gpsHeading>164.430673</gpsHeading>
<haccuracy>4.748651</haccuracy>
<vaccuracy>4.906581</vaccuracy>
<internetconnect>2</internetconnect>
</trkpt>
<trkpt lat="36.103476" lon="138.014035">
<ele>1046.336666</ele>
<time>2026-06-19T02:34:12Z</time>
<speed>9.258118</speed>
<trueHeading>156.037521</trueHeading>
<magneticHeading>164.345612</magneticHeading>
<gpsHeading>142.808052</gpsHeading>
<haccuracy>4.748651</haccuracy>
<vaccuracy>5.073265</vaccuracy>
<internetconnect>2</internetconnect>
</trkpt>
<trkpt lat="36.103411" lon="138.014122">
<ele>1046.371133</ele>
<time>2026-06-19T02:34:13Z</time>
<speed>10.417501</speed>
<trueHeading>140.983978</trueHeading>
<magneticHeading>149.292068</magneticHeading>
<gpsHeading>132.598589</gpsHeading>
<haccuracy>4.748651</haccuracy>
<vaccuracy>4.968457</vaccuracy>
<internetconnect>2</internetconnect>
</trkpt>
<trkpt lat="36.103343" lon="138.014215">
<ele>1046.680348</ele>
<time>2026-06-19T02:34:14Z</time>
<speed>11.185518</speed>
<trueHeading>140.983978</trueHeading>
<magneticHeading>149.292068</magneticHeading>
<gpsHeading>132.297894</gpsHeading>
<haccuracy>4.748651</haccuracy>
<vaccuracy>4.837396</vaccuracy>
<internetconnect>2</internetconnect>
</trkpt>
<trkpt lat="36.103275" lon="138.014311">
<ele>1046.431743</ele>
<time>2026-06-19T02:34:15Z</time>
<speed>11.558853</speed>
<trueHeading>140.983978</trueHeading>
<magneticHeading>149.292068</magneticHeading>
<gpsHeading>131.128511</gpsHeading>
<haccuracy>4.748651</haccuracy>
<vaccuracy>4.688354</vaccuracy>
<internetconnect>2</internetconnect>
</trkpt>
<trkpt lat="36.103210" lon="138.014420">
<ele>1047.063106</ele>
<time>2026-06-19T02:34:16Z</time>
<speed>11.874152</speed>
<trueHeading>140.983978</trueHeading>
<magneticHeading>149.292068</magneticHeading>
<gpsHeading>126.293705</gpsHeading>
<haccuracy>4.748651</haccuracy>
<vaccuracy>4.744111</vaccuracy>
<internetconnect>2</internetconnect>
</trkpt>
<trkpt lat="36.103141" lon="138.014521">
<ele>1046.505838</ele>
<time>2026-06-19T02:34:17Z</time>
<speed>11.629013</speed>
<trueHeading>140.983978</trueHeading>
<magneticHeading>149.292068</magneticHeading>
<gpsHeading>130.268508</gpsHeading>
<haccuracy>4.748651</haccuracy>
<vaccuracy>4.787444</vaccuracy>
<internetconnect>2</internetconnect>
</trkpt>
<trkpt lat="36.103083" lon="138.014606">
<ele>1045.916084</ele>
<time>2026-06-19T02:34:18Z</time>
<speed>10.610603</speed>
<trueHeading>140.983978</trueHeading>
<magneticHeading>149.292068</magneticHeading>
<gpsHeading>130.160391</gpsHeading>
<haccuracy>4.748651</haccuracy>
<vaccuracy>4.875186</vaccuracy>
<internetconnect>2</internetconnect>
</trkpt>
<trkpt lat="36.103026" lon="138.014686">
<ele>1045.969447</ele>
<time>2026-06-19T02:34:19Z</time>
<speed>9.812654</speed>
<trueHeading>140.983978</trueHeading>
<magneticHeading>149.292068</magneticHeading>
<gpsHeading>131.395830</gpsHeading>
<haccuracy>4.748651</haccuracy>
<vaccuracy>4.766643</vaccuracy>
<internetconnect>2</internetconnect>
</trkpt>
<trkpt lat="36.102961" lon="138.014746">
<ele>1046.134255</ele>
<time>2026-06-19T02:34:20Z</time>
<speed>9.374614</speed>
<trueHeading>140.983978</trueHeading>
<magneticHeading>149.292068</magneticHeading>
<gpsHeading>143.634538</gpsHeading>
<haccuracy>4.748651</haccuracy>
<vaccuracy>4.823222</vaccuracy>
<internetconnect>2</internetconnect>
</trkpt>
<trkpt lat="36.102870" lon="138.014788">
<ele>1045.639769</ele>
<time>2026-06-19T02:34:21Z</time>
<speed>9.816227</speed>
<trueHeading>156.044434</trueHeading>
<magneticHeading>164.352524</magneticHeading>
<gpsHeading>159.227339</gpsHeading>
<haccuracy>4.748651</haccuracy>
<vaccuracy>4.831086</vaccuracy>
<internetconnect>2</internetconnect>
</trkpt>
<trkpt lat="36.102786" lon="138.014800">
<ele>1044.715757</ele>
<time>2026-06-19T02:34:22Z</time>
<speed>9.933175</speed>
<trueHeading>156.044434</trueHeading>
<magneticHeading>164.352524</magneticHeading>
<gpsHeading>173.402072</gpsHeading>
<haccuracy>4.748651</haccuracy>
<vaccuracy>5.318382</vaccuracy>
<internetconnect>2</internetconnect>
</trkpt>
<trkpt lat="36.102702" lon="138.014842">
<ele>1044.679719</ele>
<time>2026-06-19T02:34:23Z</time>
<speed>9.665158</speed>
<trueHeading>156.044434</trueHeading>
<magneticHeading>164.352524</magneticHeading>
<gpsHeading>158.351055</gpsHeading>
<haccuracy>4.748651</haccuracy>
<vaccuracy>5.408800</vaccuracy>
<internetconnect>2</internetconnect>
</trkpt>
<trkpt lat="36.102614" lon="138.014855">
<ele>1044.570094</ele>
<time>2026-06-19T02:34:24Z</time>
<speed>9.429932</speed>
<trueHeading>156.044434</trueHeading>
<magneticHeading>164.352524</magneticHeading>
<gpsHeading>172.920196</gpsHeading>
<haccuracy>4.748651</haccuracy>
<vaccuracy>5.520000</vaccuracy>
<internetconnect>2</internetconnect>
</trkpt>
<trkpt lat="36.102529" lon="138.014874">
<ele>1044.611673</ele>
<time>2026-06-19T02:34:25Z</time>
<speed>8.996390</speed>
<trueHeading>156.044434</trueHeading>
<magneticHeading>164.352524</magneticHeading>
<gpsHeading>169.791396</gpsHeading>
<haccuracy>4.748651</haccuracy>
<vaccuracy>5.762406</vaccuracy>
<internetconnect>2</internetconnect>
</trkpt>
<trkpt lat="36.102451" lon="138.014890">
<ele>1045.070996</ele>
<time>2026-06-19T02:34:26Z</time>
<speed>8.836193</speed>
<trueHeading>156.044434</trueHeading>
<magneticHeading>164.352524</magneticHeading>
<gpsHeading>170.652928</gpsHeading>
<haccuracy>4.748651</haccuracy>
<vaccuracy>5.877848</vaccuracy>
<internetconnect>2</internetconnect>
</trkpt>
<trkpt lat="36.102379" lon="138.014916">
<ele>1044.589651</ele>
<time>2026-06-19T02:34:27Z</time>
<speed>9.020310</speed>
<trueHeading>156.044434</trueHeading>
<magneticHeading>164.352524</magneticHeading>
<gpsHeading>163.481311</gpsHeading>
<haccuracy>4.748651</haccuracy>
<vaccuracy>5.941441</vaccuracy>
<internetconnect>2</internetconnect>
</trkpt>
<trkpt lat="36.102297" lon="138.014964">
<ele>1044.339431</ele>
<time>2026-06-19T02:34:28Z</time>
<speed>9.828385</speed>
<trueHeading>156.044434</trueHeading>
<magneticHeading>164.352524</magneticHeading>
<gpsHeading>154.688701</gpsHeading>
<haccuracy>4.748651</haccuracy>
<vaccuracy>5.940072</vaccuracy>
<internetconnect>2</internetconnect>
</trkpt>
<trkpt lat="36.102220" lon="138.015032">
<ele>1044.152588</ele>
<time>2026-06-19T02:34:29Z</time>
<speed>10.606661</speed>
<trueHeading>156.044434</trueHeading>
<magneticHeading>164.352524</magneticHeading>
<gpsHeading>144.549974</gpsHeading>
<haccuracy>4.748651</haccuracy>
<vaccuracy>5.904522</vaccuracy>
<internetconnect>2</internetconnect>
</trkpt>
<trkpt lat="36.102141" lon="138.015094">
<ele>1044.517217</ele>
<time>2026-06-19T02:34:30Z</time>
<speed>10.507885</speed>
<trueHeading>156.044434</trueHeading>
<magneticHeading>164.352524</magneticHeading>
<gpsHeading>147.674469</gpsHeading>
<haccuracy>4.748651</haccuracy>
<vaccuracy>5.714860</vaccuracy>
<internetconnect>2</internetconnect>
</trkpt>
<trkpt lat="36.102059" lon="138.015156">
<ele>1044.077071</ele>
<time>2026-06-19T02:34:31Z</time>
<speed>10.593727</speed>
<trueHeading>156.044434</trueHeading>
<magneticHeading>164.352524</magneticHeading>
<gpsHeading>148.628794</gpsHeading>
<haccuracy>4.748651</haccuracy>
<vaccuracy>5.490715</vaccuracy>
<internetconnect>2</internetconnect>
</trkpt>
<trkpt lat="36.101971" lon="138.015219">
<ele>1043.505207</ele>
<time>2026-06-19T02:34:32Z</time>
<speed>10.627531</speed>
<trueHeading>156.044434</trueHeading>
<magneticHeading>164.352524</magneticHeading>
<gpsHeading>150.055905</gpsHeading>
<haccuracy>4.748651</haccuracy>
<vaccuracy>5.632201</vaccuracy>
<internetconnect>2</internetconnect>
</trkpt>
<trkpt lat="36.101892" lon="138.015267">
<ele>1043.188859</ele>
<time>2026-06-19T02:34:33Z</time>
<speed>9.430760</speed>
<trueHeading>156.044434</trueHeading>
<magneticHeading>164.352524</magneticHeading>
<gpsHeading>153.887992</gpsHeading>
<haccuracy>4.748651</haccuracy>
<vaccuracy>5.829727</vaccuracy>
<internetconnect>2</internetconnect>
</trkpt>
<trkpt lat="36.101818" lon="138.015307">
<ele>1043.354389</ele>
<time>2026-06-19T02:34:34Z</time>
<speed>8.560815</speed>
<trueHeading>156.044434</trueHeading>
<magneticHeading>164.352524</magneticHeading>
<gpsHeading>156.281915</gpsHeading>
<haccuracy>4.748651</haccuracy>
<vaccuracy>6.193141</vaccuracy>
<internetconnect>2</internetconnect>
</trkpt>
<trkpt lat="36.101744" lon="138.015317">
<ele>1042.797936</ele>
<time>2026-06-19T02:34:35Z</time>
<speed>8.305496</speed>
<trueHeading>171.065964</trueHeading>
<magneticHeading>179.374054</magneticHeading>
<gpsHeading>173.908751</gpsHeading>
<haccuracy>4.748651</haccuracy>
<vaccuracy>6.185712</vaccuracy>
<internetconnect>2</internetconnect>
</trkpt>
<trkpt lat="36.101660" lon="138.015317">
<ele>1042.672263</ele>
<time>2026-06-19T02:34:36Z</time>
<speed>9.168055</speed>
<trueHeading>171.065964</trueHeading>
<magneticHeading>179.374054</magneticHeading>
<gpsHeading>179.710172</gpsHeading>
<haccuracy>4.748651</haccuracy>
<vaccuracy>6.245590</vaccuracy>
<internetconnect>2</internetconnect>
</trkpt>
<trkpt lat="36.101566" lon="138.015304">
<ele>1042.741248</ele>
<time>2026-06-19T02:34:37Z</time>
<speed>10.310123</speed>
<trueHeading>171.065964</trueHeading>
<magneticHeading>179.374054</magneticHeading>
<gpsHeading>186.505944</gpsHeading>
<haccuracy>4.748650</haccuracy>
<vaccuracy>6.195698</vaccuracy>
<internetconnect>2</internetconnect>
</trkpt>
<trkpt lat="36.101479" lon="138.015286">
<ele>1042.158123</ele>
<time>2026-06-19T02:34:38Z</time>
<speed>9.958743</speed>
<trueHeading>171.065964</trueHeading>
<magneticHeading>179.374054</magneticHeading>
<gpsHeading>189.289951</gpsHeading>
<haccuracy>4.748650</haccuracy>
<vaccuracy>6.094018</vaccuracy>
<internetconnect>2</internetconnect>
</trkpt>
<trkpt lat="36.101394" lon="138.015275">
<ele>1041.848405</ele>
<time>2026-06-19T02:34:39Z</time>
<speed>9.223691</speed>
<trueHeading>171.065964</trueHeading>
<magneticHeading>179.374054</magneticHeading>
<gpsHeading>186.371933</gpsHeading>
<haccuracy>4.748651</haccuracy>
<vaccuracy>5.959186</vaccuracy>
<internetconnect>2</internetconnect>
</trkpt>
<trkpt lat="36.101323" lon="138.015266">
<ele>1041.348505</ele>
<time>2026-06-19T02:34:40Z</time>
<speed>8.201613</speed>
<trueHeading>171.065964</trueHeading>
<magneticHeading>179.374054</magneticHeading>
<gpsHeading>185.764245</gpsHeading>
<haccuracy>4.748651</haccuracy>
<vaccuracy>5.808805</vaccuracy>
<internetconnect>2</internetconnect>
</trkpt>
<trkpt lat="36.101252" lon="138.015276">
<ele>1041.128178</ele>
<time>2026-06-19T02:34:41Z</time>
<speed>7.310949</speed>
<trueHeading>171.065964</trueHeading>
<magneticHeading>179.374054</magneticHeading>
<gpsHeading>173.500845</gpsHeading>
<haccuracy>4.748651</haccuracy>
<vaccuracy>5.646046</vaccuracy>
<internetconnect>2</internetconnect>
</trkpt>
<trkpt lat="36.101185" lon="138.015309">
<ele>1040.389171</ele>
<time>2026-06-19T02:34:42Z</time>
<speed>7.519236</speed>
<trueHeading>155.933075</trueHeading>
<magneticHeading>164.241165</magneticHeading>
<gpsHeading>157.788548</gpsHeading>
<haccuracy>4.748651</haccuracy>
<vaccuracy>5.573629</vaccuracy>
<internetconnect>2</internetconnect>
</trkpt>
<trkpt lat="36.101118" lon="138.015362">
<ele>1040.414844</ele>
<time>2026-06-19T02:34:43Z</time>
<speed>8.834882</speed>
<trueHeading>155.933075</trueHeading>
<magneticHeading>164.241165</magneticHeading>
<gpsHeading>147.495739</gpsHeading>
<haccuracy>4.748651</haccuracy>
<vaccuracy>5.784705</vaccuracy>
<internetconnect>2</internetconnect>
</trkpt>
<trkpt lat="36.101051" lon="138.015434">
<ele>1040.165028</ele>
<time>2026-06-19T02:34:44Z</time>
<speed>9.997016</speed>
<trueHeading>140.896866</trueHeading>
<magneticHeading>149.204956</magneticHeading>
<gpsHeading>139.209458</gpsHeading>
<haccuracy>4.748651</haccuracy>
<vaccuracy>5.962203</vaccuracy>
<internetconnect>2</internetconnect>
</trkpt>
<trkpt lat="36.100984" lon="138.015518">
<ele>1039.723186</ele>
<time>2026-06-19T02:34:45Z</time>
<speed>10.720716</speed>
<trueHeading>140.896866</trueHeading>
<magneticHeading>149.204956</magneticHeading>
<gpsHeading>135.017699</gpsHeading>
<haccuracy>4.748651</haccuracy>
<vaccuracy>5.985351</vaccuracy>
<internetconnect>2</internetconnect>
</trkpt>
<trkpt lat="36.100907" lon="138.015606">
<ele>1039.294837</ele>
<time>2026-06-19T02:34:46Z</time>
<speed>11.493991</speed>
<trueHeading>140.896866</trueHeading>
<magneticHeading>149.204956</magneticHeading>
<gpsHeading>137.154472</gpsHeading>
<haccuracy>4.748651</haccuracy>
<vaccuracy>6.009881</vaccuracy>
<internetconnect>2</internetconnect>
</trkpt>
<trkpt lat="36.100830" lon="138.015689">
<ele>1038.804932</ele>
<time>2026-06-19T02:34:47Z</time>
<speed>11.343468</speed>
<trueHeading>140.896866</trueHeading>
<magneticHeading>149.204956</magneticHeading>
<gpsHeading>138.844698</gpsHeading>
<haccuracy>4.748651</haccuracy>
<vaccuracy>6.068816</vaccuracy>
<internetconnect>2</internetconnect>
</trkpt>
<trkpt lat="36.100746" lon="138.015758">
<ele>1039.081109</ele>
<time>2026-06-19T02:34:48Z</time>
<speed>11.103904</speed>
<trueHeading>140.896866</trueHeading>
<magneticHeading>149.204956</magneticHeading>
<gpsHeading>146.491172</gpsHeading>
<haccuracy>4.748651</haccuracy>
<vaccuracy>6.068932</vaccuracy>
<internetconnect>2</internetconnect>
</trkpt>
<trkpt lat="36.100659" lon="138.015811">
<ele>1038.552687</ele>
<time>2026-06-19T02:34:49Z</time>
<speed>10.833054</speed>
<trueHeading>156.069214</trueHeading>
<magneticHeading>164.377304</magneticHeading>
<gpsHeading>153.536270</gpsHeading>
<haccuracy>4.748651</haccuracy>
<vaccuracy>6.082307</vaccuracy>
<internetconnect>2</internetconnect>
</trkpt>
<trkpt lat="36.100566" lon="138.015846">
<ele>1037.851130</ele>
<time>2026-06-19T02:34:50Z</time>
<speed>10.861610</speed>
<trueHeading>156.069214</trueHeading>
<magneticHeading>164.377304</magneticHeading>
<gpsHeading>163.304678</gpsHeading>
<haccuracy>4.748651</haccuracy>
<vaccuracy>6.137469</vaccuracy>
<internetconnect>2</internetconnect>
</trkpt>
<trkpt lat="36.100470" lon="138.015871">
<ele>1037.169597</ele>
<time>2026-06-19T02:34:51Z</time>
<speed>10.989645</speed>
<trueHeading>156.069214</trueHeading>
<magneticHeading>164.377304</magneticHeading>
<gpsHeading>168.153429</gpsHeading>
<haccuracy>4.748651</haccuracy>
<vaccuracy>6.057711</vaccuracy>
<internetconnect>2</internetconnect>
</trkpt>
<trkpt lat="36.100374" lon="138.015894">
<ele>1036.894425</ele>
<time>2026-06-19T02:34:52Z</time>
<speed>11.156666</speed>
<trueHeading>156.069214</trueHeading>
<magneticHeading>164.377304</magneticHeading>
<gpsHeading>168.726043</gpsHeading>
<haccuracy>4.748651</haccuracy>
<vaccuracy>5.983356</vaccuracy>
<internetconnect>2</internetconnect>
</trkpt>
<trkpt lat="36.100272" lon="138.015923">
<ele>1036.642662</ele>
<time>2026-06-19T02:34:53Z</time>
<speed>11.435026</speed>
<trueHeading>156.069214</trueHeading>
<magneticHeading>164.377304</magneticHeading>
<gpsHeading>167.173510</gpsHeading>
<haccuracy>4.748651</haccuracy>
<vaccuracy>5.948081</vaccuracy>
<internetconnect>2</internetconnect>
</trkpt>
<trkpt lat="36.100175" lon="138.015961">
<ele>1037.027833</ele>
<time>2026-06-19T02:34:54Z</time>
<speed>11.081525</speed>
<trueHeading>156.069214</trueHeading>
<magneticHeading>164.377304</magneticHeading>
<gpsHeading>162.514656</gpsHeading>
<haccuracy>4.748651</haccuracy>
<vaccuracy>5.942202</vaccuracy>
<internetconnect>2</internetconnect>
</trkpt>
<trkpt lat="36.100091" lon="138.015999">
<ele>1037.028445</ele>
<time>2026-06-19T02:34:55Z</time>
<speed>10.131276</speed>
<trueHeading>156.069214</trueHeading>
<magneticHeading>164.377304</magneticHeading>
<gpsHeading>159.739584</gpsHeading>
<haccuracy>4.748651</haccuracy>
<vaccuracy>5.936717</vaccuracy>
<internetconnect>2</internetconnect>
</trkpt>
<trkpt lat="36.100019" lon="138.016028">
<ele>1037.241284</ele>
<time>2026-06-19T02:34:56Z</time>
<speed>8.764767</speed>
<trueHeading>156.069214</trueHeading>
<magneticHeading>164.377304</magneticHeading>
<gpsHeading>162.333186</gpsHeading>
<haccuracy>4.748651</haccuracy>
<vaccuracy>5.945991</vaccuracy>
<internetconnect>2</internetconnect>
</trkpt>
<trkpt lat="36.099952" lon="138.016067">
<ele>1036.728744</ele>
<time>2026-06-19T02:34:57Z</time>
<speed>8.099023</speed>
<trueHeading>156.069214</trueHeading>
<magneticHeading>164.377304</magneticHeading>
<gpsHeading>154.610849</gpsHeading>
<haccuracy>4.748651</haccuracy>
<vaccuracy>5.973013</vaccuracy>
<internetconnect>2</internetconnect>
</trkpt>
<trkpt lat="36.099897" lon="138.016114">
<ele>1035.837406</ele>
<time>2026-06-19T02:34:58Z</time>
<speed>7.627997</speed>
<trueHeading>156.069214</trueHeading>
<magneticHeading>164.377304</magneticHeading>
<gpsHeading>145.117977</gpsHeading>
<haccuracy>4.748651</haccuracy>
<vaccuracy>6.047180</vaccuracy>
<internetconnect>2</internetconnect>
</trkpt>
<trkpt lat="36.099839" lon="138.016174">
<ele>1035.703371</ele>
<time>2026-06-19T02:34:59Z</time>
<speed>7.985460</speed>
<trueHeading>141.047638</trueHeading>
<magneticHeading>149.355728</magneticHeading>
<gpsHeading>140.319660</gpsHeading>
<haccuracy>4.748651</haccuracy>
<vaccuracy>6.119497</vaccuracy>
<internetconnect>2</internetconnect>
</trkpt>
<trkpt lat="36.099782" lon="138.016246">
<ele>1035.798507</ele>
<time>2026-06-19T02:35:00Z</time>
<speed>8.865338</speed>
<trueHeading>141.047638</trueHeading>
<magneticHeading>149.355728</magneticHeading>
<gpsHeading>134.077544</gpsHeading>
<haccuracy>4.748651</haccuracy>
<vaccuracy>6.106894</vaccuracy>
<internetconnect>2</internetconnect>
</trkpt>
<trkpt lat="36.099728" lon="138.016336">
<ele>1034.797711</ele>
<time>2026-06-19T02:35:01Z</time>
<speed>9.906659</speed>
<trueHeading>141.047638</trueHeading>
<magneticHeading>149.355728</magneticHeading>
<gpsHeading>126.744432</gpsHeading>
<haccuracy>4.748651</haccuracy>
<vaccuracy>6.132871</vaccuracy>
<internetconnect>2</internetconnect>
</trkpt>
<trkpt lat="36.099668" lon="138.016428">
<ele>1034.750692</ele>
<time>2026-06-19T02:35:02Z</time>
<speed>10.544160</speed>
<trueHeading>141.047638</trueHeading>
<magneticHeading>149.355728</magneticHeading>
<gpsHeading>129.061248</gpsHeading>
<haccuracy>4.748651</haccuracy>
<vaccuracy>6.150541</vaccuracy>
<internetconnect>2</internetconnect>
</trkpt>
<trkpt lat="36.099613" lon="138.016522">
<ele>1034.312547</ele>
<time>2026-06-19T02:35:03Z</time>
<speed>10.422955</speed>
<trueHeading>141.047638</trueHeading>
<magneticHeading>149.355728</magneticHeading>
<gpsHeading>125.998714</gpsHeading>
<haccuracy>4.748651</haccuracy>
<vaccuracy>6.188066</vaccuracy>
<internetconnect>2</internetconnect>
</trkpt>
<trkpt lat="36.099547" lon="138.016594">
<ele>1034.401151</ele>
<time>2026-06-19T02:35:04Z</time>
<speed>10.014715</speed>
<trueHeading>141.047638</trueHeading>
<magneticHeading>149.355728</magneticHeading>
<gpsHeading>138.382554</gpsHeading>
<haccuracy>4.748651</haccuracy>
<vaccuracy>6.236702</vaccuracy>
<internetconnect>2</internetconnect>
</trkpt>
<trkpt lat="36.099496" lon="138.016680">
<ele>1034.440366</ele>
<time>2026-06-19T02:35:05Z</time>
<speed>9.611266</speed>
<trueHeading>141.047638</trueHeading>
<magneticHeading>149.355728</magneticHeading>
<gpsHeading>126.280283</gpsHeading>
<haccuracy>4.748651</haccuracy>
<vaccuracy>6.261320</vaccuracy>
<internetconnect>2</internetconnect>
</trkpt>
<trkpt lat="36.099411" lon="138.016732">
<ele>1034.284608</ele>
<time>2026-06-19T02:35:06Z</time>
<speed>10.303702</speed>
<trueHeading>141.047638</trueHeading>
<magneticHeading>149.355728</magneticHeading>
<gpsHeading>153.722740</gpsHeading>
<haccuracy>4.748651</haccuracy>
<vaccuracy>6.403365</vaccuracy>
<internetconnect>2</internetconnect>
</trkpt>
<trkpt lat="36.099326" lon="138.016780">
<ele>1033.584406</ele>
<time>2026-06-19T02:35:07Z</time>
<speed>10.483377</speed>
<trueHeading>141.047638</trueHeading>
<magneticHeading>149.355728</magneticHeading>
<gpsHeading>155.306567</gpsHeading>
<haccuracy>4.748651</haccuracy>
<vaccuracy>6.473515</vaccuracy>
<internetconnect>2</internetconnect>
</trkpt>
<trkpt lat="36.099240" lon="138.016825">
<ele>1032.486080</ele>
<time>2026-06-19T02:35:08Z</time>
<speed>10.699148</speed>
<trueHeading>141.047638</trueHeading>
<magneticHeading>149.355728</magneticHeading>
<gpsHeading>157.193857</gpsHeading>
<haccuracy>4.748651</haccuracy>
<vaccuracy>6.591776</vaccuracy>
<internetconnect>2</internetconnect>
</trkpt>
<trkpt lat="36.099153" lon="138.016876">
<ele>1032.430057</ele>
<time>2026-06-19T02:35:09Z</time>
<speed>10.947476</speed>
<trueHeading>141.047638</trueHeading>
<magneticHeading>149.355728</magneticHeading>
<gpsHeading>154.858925</gpsHeading>
<haccuracy>4.748651</haccuracy>
<vaccuracy>6.718919</vaccuracy>
<internetconnect>2</internetconnect>
</trkpt>
<trkpt lat="36.099065" lon="138.016936">
<ele>1031.671703</ele>
<time>2026-06-19T02:35:10Z</time>
<speed>11.102179</speed>
<trueHeading>141.047638</trueHeading>
<magneticHeading>149.355728</magneticHeading>
<gpsHeading>151.245671</gpsHeading>
<haccuracy>4.748651</haccuracy>
<vaccuracy>6.800252</vaccuracy>
<internetconnect>2</internetconnect>
</trkpt>
<trkpt lat="36.098980" lon="138.017001">
<ele>1030.928245</ele>
<time>2026-06-19T02:35:11Z</time>
<speed>11.083058</speed>
<trueHeading>141.047638</trueHeading>
<magneticHeading>149.355728</magneticHeading>
<gpsHeading>148.053375</gpsHeading>
<haccuracy>4.748651</haccuracy>
<vaccuracy>6.870865</vaccuracy>
<internetconnect>2</internetconnect>
</trkpt>
<trkpt lat="36.098896" lon="138.017070">
<ele>1030.614818</ele>
<time>2026-06-19T02:35:12Z</time>
<speed>11.079595</speed>
<trueHeading>141.047638</trueHeading>
<magneticHeading>149.355728</magneticHeading>
<gpsHeading>146.638785</gpsHeading>
<haccuracy>4.748651</haccuracy>
<vaccuracy>6.890708</vaccuracy>
<internetconnect>2</internetconnect>
</trkpt>
<trkpt lat="36.098812" lon="138.017140">
<ele>1030.316954</ele>
<time>2026-06-19T02:35:13Z</time>
<speed>11.273353</speed>
<trueHeading>141.047638</trueHeading>
<magneticHeading>149.355728</magneticHeading>
<gpsHeading>146.145478</gpsHeading>
<haccuracy>4.748651</haccuracy>
<vaccuracy>6.880081</vaccuracy>
<internetconnect>2</internetconnect>
</trkpt>
<trkpt lat="36.098729" lon="138.017205">
<ele>1029.783615</ele>
<time>2026-06-19T02:35:14Z</time>
<speed>11.115247</speed>
<trueHeading>141.047638</trueHeading>
<magneticHeading>149.355728</magneticHeading>
<gpsHeading>147.163875</gpsHeading>
<haccuracy>4.748651</haccuracy>
<vaccuracy>6.843272</vaccuracy>
<internetconnect>2</internetconnect>
</trkpt>
<trkpt lat="36.098648" lon="138.017269">
<ele>1029.178737</ele>
<time>2026-06-19T02:35:15Z</time>
<speed>10.810738</speed>
<trueHeading>141.047638</trueHeading>
<magneticHeading>149.355728</magneticHeading>
<gpsHeading>147.828174</gpsHeading>
<haccuracy>4.748651</haccuracy>
<vaccuracy>6.725527</vaccuracy>
<internetconnect>2</internetconnect>
</trkpt>
<trkpt lat="36.098569" lon="138.017329">
<ele>1028.709051</ele>
<time>2026-06-19T02:35:16Z</time>
<speed>10.445859</speed>
<trueHeading>141.047638</trueHeading>
<magneticHeading>149.355728</magneticHeading>
<gpsHeading>148.549707</gpsHeading>
<haccuracy>4.748651</haccuracy>
<vaccuracy>6.643426</vaccuracy>
<internetconnect>2</internetconnect>
</trkpt>
<trkpt lat="36.098489" lon="138.017391">
<ele>1028.386127</ele>
<time>2026-06-19T02:35:17Z</time>
<speed>10.447389</speed>
<trueHeading>141.047638</trueHeading>
<magneticHeading>149.355728</magneticHeading>
<gpsHeading>147.643784</gpsHeading>
<haccuracy>4.748651</haccuracy>
<vaccuracy>6.485827</vaccuracy>
<internetconnect>2</internetconnect>
</trkpt>
<trkpt lat="36.098408" lon="138.017452">
<ele>1028.094631</ele>
<time>2026-06-19T02:35:18Z</time>
<speed>10.523628</speed>
<trueHeading>141.047638</trueHeading>
<magneticHeading>149.355728</magneticHeading>
<gpsHeading>148.876280</gpsHeading>
<haccuracy>4.748651</haccuracy>
<vaccuracy>6.360062</vaccuracy>
<internetconnect>2</internetconnect>
</trkpt>
<trkpt lat="36.098318" lon="138.017504">
<ele>1027.414384</ele>
<time>2026-06-19T02:35:19Z</time>
<speed>10.615072</speed>
<trueHeading>156.069916</trueHeading>
<magneticHeading>164.378006</magneticHeading>
<gpsHeading>154.706081</gpsHeading>
<haccuracy>4.748651</haccuracy>
<vaccuracy>6.663699</vaccuracy>
<internetconnect>2</internetconnect>
</trkpt>
<trkpt lat="36.098232" lon="138.017542">
<ele>1026.722250</ele>
<time>2026-06-19T02:35:20Z</time>
<speed>10.490451</speed>
<trueHeading>156.069916</trueHeading>
<magneticHeading>164.378006</magneticHeading>
<gpsHeading>160.348427</gpsHeading>
<haccuracy>4.748651</haccuracy>
<vaccuracy>6.718963</vaccuracy>
<internetconnect>2</internetconnect>
</trkpt>
<trkpt lat="36.098145" lon="138.017579">
<ele>1026.437736</ele>
<time>2026-06-19T02:35:21Z</time>
<speed>10.113965</speed>
<trueHeading>156.069916</trueHeading>
<magneticHeading>164.378006</magneticHeading>
<gpsHeading>161.347736</gpsHeading>
<haccuracy>4.748651</haccuracy>
<vaccuracy>6.715602</vaccuracy>
<internetconnect>2</internetconnect>
</trkpt>
<trkpt lat="36.098064" lon="138.017613">
<ele>1025.868069</ele>
<time>2026-06-19T02:35:22Z</time>
<speed>9.532146</speed>
<trueHeading>156.069916</trueHeading>
<magneticHeading>164.378006</magneticHeading>
<gpsHeading>160.979121</gpsHeading>
<haccuracy>4.748651</haccuracy>
<vaccuracy>6.711564</vaccuracy>
<internetconnect>2</internetconnect>
</trkpt>
<trkpt lat="36.097990" lon="138.017647">
<ele>1025.507323</ele>
<time>2026-06-19T02:35:23Z</time>
<speed>8.825434</speed>
<trueHeading>156.069916</trueHeading>
<magneticHeading>164.378006</magneticHeading>
<gpsHeading>159.703280</gpsHeading>
<haccuracy>4.748651</haccuracy>
<vaccuracy>6.699675</vaccuracy>
<internetconnect>2</internetconnect>
</trkpt>
<trkpt lat="36.097919" lon="138.017694">
<ele>1024.731010</ele>
<time>2026-06-19T02:35:24Z</time>
<speed>8.791864</speed>
<trueHeading>156.069916</trueHeading>
<magneticHeading>164.378006</magneticHeading>
<gpsHeading>151.743945</gpsHeading>
<haccuracy>4.748651</haccuracy>
<vaccuracy>6.667374</vaccuracy>
<internetconnect>2</internetconnect>
</trkpt>
<trkpt lat="36.097848" lon="138.017761">
<ele>1023.373480</ele>
<time>2026-06-19T02:35:25Z</time>
<speed>9.867685</speed>
<trueHeading>156.069916</trueHeading>
<magneticHeading>164.378006</magneticHeading>
<gpsHeading>142.964367</gpsHeading>
<haccuracy>4.748651</haccuracy>
<vaccuracy>6.659257</vaccuracy>
<internetconnect>2</internetconnect>
</trkpt>
<trkpt lat="36.097772" lon="138.017835">
<ele>1022.327255</ele>
<time>2026-06-19T02:35:26Z</time>
<speed>10.871934</speed>
<trueHeading>156.069916</trueHeading>
<magneticHeading>164.378006</magneticHeading>
<gpsHeading>141.624555</gpsHeading>
<haccuracy>4.748651</haccuracy>
<vaccuracy>6.708591</vaccuracy>
<internetconnect>2</internetconnect>
</trkpt>
<trkpt lat="36.097686" lon="138.017912">
<ele>1021.262618</ele>
<time>2026-06-19T02:35:27Z</time>
<speed>11.551720</speed>
<trueHeading>156.069916</trueHeading>
<magneticHeading>164.378006</magneticHeading>
<gpsHeading>144.378128</gpsHeading>
<haccuracy>4.748651</haccuracy>
<vaccuracy>6.723094</vaccuracy>
<internetconnect>2</internetconnect>
</trkpt>
<trkpt lat="36.097599" lon="138.017990">
<ele>1020.489939</ele>
<time>2026-06-19T02:35:28Z</time>
<speed>11.846537</speed>
<trueHeading>156.069916</trueHeading>
<magneticHeading>164.378006</magneticHeading>
<gpsHeading>143.903205</gpsHeading>
<haccuracy>4.748651</haccuracy>
<vaccuracy>6.731933</vaccuracy>
<internetconnect>2</internetconnect>
</trkpt>
<trkpt lat="36.097513" lon="138.018068">
<ele>1019.478217</ele>
<time>2026-06-19T02:35:29Z</time>
<speed>11.733334</speed>
<trueHeading>156.069916</trueHeading>
<magneticHeading>164.378006</magneticHeading>
<gpsHeading>143.882909</gpsHeading>
<haccuracy>4.748651</haccuracy>
<vaccuracy>6.685273</vaccuracy>
<internetconnect>2</internetconnect>
</trkpt>
<trkpt lat="36.097431" lon="138.018137">
<ele>1018.627816</ele>
<time>2026-06-19T02:35:30Z</time>
<speed>11.068139</speed>
<trueHeading>156.069916</trueHeading>
<magneticHeading>164.378006</magneticHeading>
<gpsHeading>145.688521</gpsHeading>
<haccuracy>4.748651</haccuracy>
<vaccuracy>6.632260</vaccuracy>
<internetconnect>2</internetconnect>
</trkpt>
<trkpt lat="36.097348" lon="138.018213">
<ele>1017.718650</ele>
<time>2026-06-19T02:35:31Z</time>
<speed>11.125027</speed>
<trueHeading>156.069916</trueHeading>
<magneticHeading>164.378006</magneticHeading>
<gpsHeading>143.174851</gpsHeading>
<haccuracy>4.748651</haccuracy>
<vaccuracy>6.654086</vaccuracy>
<internetconnect>2</internetconnect>
</trkpt>
<trkpt lat="36.097267" lon="138.018288">
<ele>1016.529401</ele>
<time>2026-06-19T02:35:32Z</time>
<speed>11.154561</speed>
<trueHeading>156.069916</trueHeading>
<magneticHeading>164.378006</magneticHeading>
<gpsHeading>143.536249</gpsHeading>
<haccuracy>4.748651</haccuracy>
<vaccuracy>6.601668</vaccuracy>
<internetconnect>2</internetconnect>
</trkpt>
<trkpt lat="36.097182" lon="138.018358">
<ele>1015.375095</ele>
<time>2026-06-19T02:35:33Z</time>
<speed>11.304116</speed>
<trueHeading>156.069916</trueHeading>
<magneticHeading>164.378006</magneticHeading>
<gpsHeading>146.294718</gpsHeading>
<haccuracy>4.748651</haccuracy>
<vaccuracy>6.482727</vaccuracy>
<internetconnect>2</internetconnect>
</trkpt>
<trkpt lat="36.097093" lon="138.018423">
<ele>1014.169797</ele>
<time>2026-06-19T02:35:34Z</time>
<speed>11.460282</speed>
<trueHeading>156.069916</trueHeading>
<magneticHeading>164.378006</magneticHeading>
<gpsHeading>149.679786</gpsHeading>
<haccuracy>4.748651</haccuracy>
<vaccuracy>6.348887</vaccuracy>
<internetconnect>2</internetconnect>
</trkpt>
<trkpt lat="36.097001" lon="138.018483">
<ele>1012.767597</ele>
<time>2026-06-19T02:35:35Z</time>
<speed>11.592619</speed>
<trueHeading>156.069916</trueHeading>
<magneticHeading>164.378006</magneticHeading>
<gpsHeading>151.738858</gpsHeading>
<haccuracy>4.748651</haccuracy>
<vaccuracy>6.125365</vaccuracy>
<internetconnect>2</internetconnect>
</trkpt>
<trkpt lat="36.096907" lon="138.018541">
<ele>1011.605712</ele>
<time>2026-06-19T02:35:36Z</time>
<speed>11.564585</speed>
<trueHeading>156.069916</trueHeading>
<magneticHeading>164.378006</magneticHeading>
<gpsHeading>153.507125</gpsHeading>
<haccuracy>4.748651</haccuracy>
<vaccuracy>6.076027</vaccuracy>
<internetconnect>2</internetconnect>
</trkpt>
<trkpt lat="36.096810" lon="138.018602">
<ele>1010.641264</ele>
<time>2026-06-19T02:35:37Z</time>
<speed>11.605213</speed>
<trueHeading>156.069916</trueHeading>
<magneticHeading>164.378006</magneticHeading>
<gpsHeading>153.414685</gpsHeading>
<haccuracy>4.748651</haccuracy>
<vaccuracy>6.322453</vaccuracy>
<internetconnect>2</internetconnect>
</trkpt>
<trkpt lat="36.096728" lon="138.018676">
<ele>1010.179681</ele>
<time>2026-06-19T02:35:38Z</time>
<speed>11.326275</speed>
<trueHeading>156.069916</trueHeading>
<magneticHeading>164.378006</magneticHeading>
<gpsHeading>143.723178</gpsHeading>
<haccuracy>4.748651</haccuracy>
<vaccuracy>6.365510</vaccuracy>
<internetconnect>2</internetconnect>
</trkpt>
<trkpt lat="36.096641" lon="138.018737">
<ele>1009.738006</ele>
<time>2026-06-19T02:35:39Z</time>
<speed>11.077880</speed>
<trueHeading>156.069916</trueHeading>
<magneticHeading>164.378006</magneticHeading>
<gpsHeading>150.744273</gpsHeading>
<haccuracy>4.748650</haccuracy>
<vaccuracy>7.689967</vaccuracy>
<internetconnect>2</internetconnect>
</trkpt>
<trkpt lat="36.096551" lon="138.018799">
<ele>1008.903467</ele>
<time>2026-06-19T02:35:40Z</time>
<speed>11.461388</speed>
<trueHeading>156.069916</trueHeading>
<magneticHeading>164.378006</magneticHeading>
<gpsHeading>150.744241</gpsHeading>
<haccuracy>4.748650</haccuracy>
<vaccuracy>8.310098</vaccuracy>
<internetconnect>2</internetconnect>
</trkpt>
<trkpt lat="36.096457" lon="138.018860">
<ele>1007.830363</ele>
<time>2026-06-19T02:35:41Z</time>
<speed>11.490177</speed>
<trueHeading>156.069916</trueHeading>
<magneticHeading>164.378006</magneticHeading>
<gpsHeading>152.489220</gpsHeading>
<haccuracy>4.748650</haccuracy>
<vaccuracy>8.464808</vaccuracy>
<internetconnect>2</internetconnect>
</trkpt>
<trkpt lat="36.096363" lon="138.018914">
<ele>1006.932301</ele>
<time>2026-06-19T02:35:42Z</time>
<speed>11.408684</speed>
<trueHeading>156.069916</trueHeading>
<magneticHeading>164.378006</magneticHeading>
<gpsHeading>154.894784</gpsHeading>
<haccuracy>4.748650</haccuracy>
<vaccuracy>8.360251</vaccuracy>
<internetconnect>2</internetconnect>
</trkpt>
<trkpt lat="36.096272" lon="138.018967">
<ele>1006.010422</ele>
<time>2026-06-19T02:35:43Z</time>
<speed>11.368826</speed>
<trueHeading>156.069916</trueHeading>
<magneticHeading>164.378006</magneticHeading>
<gpsHeading>154.894741</gpsHeading>
<haccuracy>4.748650</haccuracy>
<vaccuracy>8.355360</vaccuracy>
<internetconnect>2</internetconnect>
</trkpt>
<trkpt lat="36.096178" lon="138.019007">
<ele>1005.270298</ele>
<time>2026-06-19T02:35:44Z</time>
<speed>11.006142</speed>
<trueHeading>156.069916</trueHeading>
<magneticHeading>164.378006</magneticHeading>
<gpsHeading>160.708612</gpsHeading>
<haccuracy>4.748650</haccuracy>
<vaccuracy>8.273038</vaccuracy>
<internetconnect>2</internetconnect>
</trkpt>
<trkpt lat="36.096093" lon="138.019056">
<ele>1004.628697</ele>
<time>2026-06-19T02:35:45Z</time>
<speed>10.581342</speed>
<trueHeading>156.069916</trueHeading>
<magneticHeading>164.378006</magneticHeading>
<gpsHeading>155.347144</gpsHeading>
<haccuracy>4.748650</haccuracy>
<vaccuracy>8.145289</vaccuracy>
<internetconnect>2</internetconnect>
</trkpt>
<trkpt lat="36.096011" lon="138.019103">
<ele>1004.140366</ele>
<time>2026-06-19T02:35:46Z</time>
<speed>10.162038</speed>
<trueHeading>156.069916</trueHeading>
<magneticHeading>164.378006</magneticHeading>
<gpsHeading>154.838703</gpsHeading>
<haccuracy>4.748650</haccuracy>
<vaccuracy>7.877964</vaccuracy>
<internetconnect>2</internetconnect>
</trkpt>
<trkpt lat="36.095936" lon="138.019160">
<ele>1003.538214</ele>
<time>2026-06-19T02:35:47Z</time>
<speed>10.006620</speed>
<trueHeading>156.069916</trueHeading>
<magneticHeading>164.378006</magneticHeading>
<gpsHeading>148.794167</gpsHeading>
<haccuracy>4.748650</haccuracy>
<vaccuracy>7.597054</vaccuracy>
<internetconnect>2</internetconnect>
</trkpt>
<trkpt lat="36.095858" lon="138.019232">
<ele>1002.388707</ele>
<time>2026-06-19T02:35:48Z</time>
<speed>10.650600</speed>
<trueHeading>156.069916</trueHeading>
<magneticHeading>164.378006</magneticHeading>
<gpsHeading>143.375357</gpsHeading>
<haccuracy>4.748651</haccuracy>
<vaccuracy>7.359132</vaccuracy>
<internetconnect>2</internetconnect>
</trkpt>
<trkpt lat="36.095777" lon="138.019305">
<ele>1001.779790</ele>
<time>2026-06-19T02:35:49Z</time>
<speed>11.151864</speed>
<trueHeading>156.069916</trueHeading>
<magneticHeading>164.378006</magneticHeading>
<gpsHeading>143.864249</gpsHeading>
<haccuracy>4.748651</haccuracy>
<vaccuracy>7.020045</vaccuracy>
<internetconnect>2</internetconnect>
</trkpt>
<trkpt lat="36.095689" lon="138.019382">
<ele>1000.971951</ele>
<time>2026-06-19T02:35:50Z</time>
<speed>11.652952</speed>
<trueHeading>156.069916</trueHeading>
<magneticHeading>164.378006</magneticHeading>
<gpsHeading>144.496543</gpsHeading>
<haccuracy>4.748650</haccuracy>
<vaccuracy>6.708469</vaccuracy>
<internetconnect>2</internetconnect>
</trkpt>
<trkpt lat="36.095601" lon="138.019460">
<ele>999.755232</ele>
<time>2026-06-19T02:35:51Z</time>
<speed>12.110743</speed>
<trueHeading>156.069916</trueHeading>
<magneticHeading>164.378006</magneticHeading>
<gpsHeading>144.819812</gpsHeading>
<haccuracy>4.748651</haccuracy>
<vaccuracy>6.220661</vaccuracy>
<internetconnect>2</internetconnect>
</trkpt>
<trkpt lat="36.095507" lon="138.019539">
<ele>998.767478</ele>
<time>2026-06-19T02:35:52Z</time>
<speed>12.538774</speed>
<trueHeading>156.069916</trueHeading>
<magneticHeading>164.378006</magneticHeading>
<gpsHeading>145.593915</gpsHeading>
<haccuracy>4.748650</haccuracy>
<vaccuracy>6.517603</vaccuracy>
<internetconnect>2</internetconnect>
</trkpt>
<trkpt lat="36.095413" lon="138.019623">
<ele>998.029467</ele>
<time>2026-06-19T02:35:53Z</time>
<speed>12.741775</speed>
<trueHeading>156.069916</trueHeading>
<magneticHeading>164.378006</magneticHeading>
<gpsHeading>144.031715</gpsHeading>
<haccuracy>4.748650</haccuracy>
<vaccuracy>6.631296</vaccuracy>
<internetconnect>2</internetconnect>
</trkpt>
<trkpt lat="36.095317" lon="138.019708">
<ele>996.667463</ele>
<time>2026-06-19T02:35:54Z</time>
<speed>12.995862</speed>
<trueHeading>156.069916</trueHeading>
<magneticHeading>164.378006</magneticHeading>
<gpsHeading>144.549478</gpsHeading>
<haccuracy>4.748650</haccuracy>
<vaccuracy>6.651726</vaccuracy>
<internetconnect>2</internetconnect>
</trkpt>
<trkpt lat="36.095220" lon="138.019798">
<ele>995.609936</ele>
<time>2026-06-19T02:35:55Z</time>
<speed>13.162693</speed>
<trueHeading>156.069916</trueHeading>
<magneticHeading>164.378006</magneticHeading>
<gpsHeading>143.233846</gpsHeading>
<haccuracy>4.748650</haccuracy>
<vaccuracy>6.632751</vaccuracy>
<internetconnect>2</internetconnect>
</trkpt>
<trkpt lat="36.095124" lon="138.019887">
<ele>994.817886</ele>
<time>2026-06-19T02:35:56Z</time>
<speed>13.090160</speed>
<trueHeading>156.069916</trueHeading>
<magneticHeading>164.378006</magneticHeading>
<gpsHeading>143.004133</gpsHeading>
<haccuracy>4.748650</haccuracy>
<vaccuracy>6.580864</vaccuracy>
<internetconnect>2</internetconnect>
</trkpt>
<trkpt lat="36.095034" lon="138.019968">
<ele>994.067030</ele>
<time>2026-06-19T02:35:57Z</time>
<speed>12.432964</speed>
<trueHeading>156.069916</trueHeading>
<magneticHeading>164.378006</magneticHeading>
<gpsHeading>144.063198</gpsHeading>
<haccuracy>4.748650</haccuracy>
<vaccuracy>6.529895</vaccuracy>
<internetconnect>2</internetconnect>
</trkpt>
<trkpt lat="36.094945" lon="138.020047">
<ele>993.339211</ele>
<time>2026-06-19T02:35:58Z</time>
<speed>12.024723</speed>
<trueHeading>156.069916</trueHeading>
<magneticHeading>164.378006</magneticHeading>
<gpsHeading>144.157397</gpsHeading>
<haccuracy>4.748650</haccuracy>
<vaccuracy>6.453723</vaccuracy>
<internetconnect>2</internetconnect>
</trkpt>
<trkpt lat="36.094859" lon="138.020123">
<ele>992.599022</ele>
<time>2026-06-19T02:35:59Z</time>
<speed>11.619718</speed>
<trueHeading>156.069916</trueHeading>
<magneticHeading>164.378006</magneticHeading>
<gpsHeading>144.861010</gpsHeading>
<haccuracy>4.748650</haccuracy>
<vaccuracy>6.367926</vaccuracy>
<internetconnect>2</internetconnect>
</trkpt>
<trkpt lat="36.094774" lon="138.020190">
<ele>991.449862</ele>
<time>2026-06-19T02:36:00Z</time>
<speed>11.190807</speed>
<trueHeading>156.069916</trueHeading>
<magneticHeading>164.378006</magneticHeading>
<gpsHeading>147.251747</gpsHeading>
<haccuracy>4.748650</haccuracy>
<vaccuracy>6.379382</vaccuracy>
<internetconnect>2</internetconnect>
</trkpt>
<trkpt lat="36.094695" lon="138.020264">
<ele>990.764506</ele>
<time>2026-06-19T02:36:01Z</time>
<speed>11.022579</speed>
<trueHeading>156.069916</trueHeading>
<magneticHeading>164.378006</magneticHeading>
<gpsHeading>142.824631</gpsHeading>
<haccuracy>4.748650</haccuracy>
<vaccuracy>6.316468</vaccuracy>
<internetconnect>2</internetconnect>
</trkpt>
<trkpt lat="36.094624" lon="138.020344">
<ele>990.280818</ele>
<time>2026-06-19T02:36:02Z</time>
<speed>10.755012</speed>
<trueHeading>141.021652</trueHeading>
<magneticHeading>149.329742</magneticHeading>
<gpsHeading>137.395631</gpsHeading>
<haccuracy>4.748651</haccuracy>
<vaccuracy>6.312542</vaccuracy>
<internetconnect>2</internetconnect>
</trkpt>
<trkpt lat="36.094560" lon="138.020429">
<ele>989.709570</ele>
<time>2026-06-19T02:36:03Z</time>
<speed>10.185722</speed>
<trueHeading>141.021652</trueHeading>
<magneticHeading>149.329742</magneticHeading>
<gpsHeading>133.279492</gpsHeading>
<haccuracy>4.748651</haccuracy>
<vaccuracy>6.243729</vaccuracy>
<internetconnect>2</internetconnect>
</trkpt>
<trkpt lat="36.094512" lon="138.020505">
<ele>989.416744</ele>
<time>2026-06-19T02:36:04Z</time>
<speed>8.729701</speed>
<trueHeading>141.021652</trueHeading>
<magneticHeading>149.329742</magneticHeading>
<gpsHeading>127.614894</gpsHeading>
<haccuracy>4.748651</haccuracy>
<vaccuracy>6.095456</vaccuracy>
<internetconnect>2</internetconnect>
</trkpt>
<trkpt lat="36.094466" lon="138.020570">
<ele>988.703640</ele>
<time>2026-06-19T02:36:05Z</time>
<speed>7.899451</speed>
<trueHeading>141.021652</trueHeading>
<magneticHeading>149.329742</magneticHeading>
<gpsHeading>131.981600</gpsHeading>
<haccuracy>4.748651</haccuracy>
<vaccuracy>5.993897</vaccuracy>
<internetconnect>2</internetconnect>
</trkpt>
<trkpt lat="36.094441" lon="138.020622">
<ele>988.378613</ele>
<time>2026-06-19T02:36:06Z</time>
<speed>5.847737</speed>
<trueHeading>156.189285</trueHeading>
<magneticHeading>164.497375</magneticHeading>
<gpsHeading>120.376612</gpsHeading>
<haccuracy>4.748651</haccuracy>
<vaccuracy>5.826208</vaccuracy>
<internetconnect>2</internetconnect>
</trkpt>
<trkpt lat="36.094378" lon="138.020610">
<ele>988.371803</ele>
<time>2026-06-19T02:36:07Z</time>
<speed>4.196197</speed>
<trueHeading>171.388763</trueHeading>
<magneticHeading>179.696854</magneticHeading>
<gpsHeading>189.286699</gpsHeading>
<haccuracy>4.748651</haccuracy>
<vaccuracy>5.606674</vaccuracy>
<internetconnect>2</internetconnect>
</trkpt>
<trkpt lat="36.094328" lon="138.020619">
<ele>988.472134</ele>
<time>2026-06-19T02:36:10Z</time>
<speed>0.701554</speed>
<trueHeading>186.407974</trueHeading>
<magneticHeading>194.716064</magneticHeading>
<gpsHeading>171.041458</gpsHeading>
<haccuracy>4.748651</haccuracy>
<vaccuracy>5.315603</vaccuracy>
<internetconnect>2</internetconnect>
</trkpt>
<trkpt lat="36.094336" lon="138.020419">
<ele>986.925144</ele>
<time>2026-06-19T02:36:14Z</time>
<speed>6.067113</speed>
<trueHeading>277.502899</trueHeading>
<magneticHeading>285.811005</magneticHeading>
<gpsHeading>272.650565</gpsHeading>
<haccuracy>4.748651</haccuracy>
<vaccuracy>5.284017</vaccuracy>
<internetconnect>2</internetconnect>
</trkpt>
<trkpt lat="36.094382" lon="138.020344">
<ele>986.398433</ele>
<time>2026-06-19T02:36:15Z</time>
<speed>7.754017</speed>
<trueHeading>277.502899</trueHeading>
<magneticHeading>285.811005</magneticHeading>
<gpsHeading>307.046652</gpsHeading>
<haccuracy>4.748651</haccuracy>
<vaccuracy>5.193448</vaccuracy>
<internetconnect>2</internetconnect>
</trkpt>
<trkpt lat="36.094423" lon="138.020252">
<ele>986.078356</ele>
<time>2026-06-19T02:36:16Z</time>
<speed>8.847286</speed>
<trueHeading>277.502899</trueHeading>
<magneticHeading>285.811005</magneticHeading>
<gpsHeading>299.112589</gpsHeading>
<haccuracy>4.748651</haccuracy>
<vaccuracy>5.134521</vaccuracy>
<internetconnect>2</internetconnect>
</trkpt>
<trkpt lat="36.094452" lon="138.020157">
<ele>985.753107</ele>
<time>2026-06-19T02:36:17Z</time>
<speed>8.981413</speed>
<trueHeading>277.502899</trueHeading>
<magneticHeading>285.811005</magneticHeading>
<gpsHeading>290.803476</gpsHeading>
<haccuracy>4.748651</haccuracy>
<vaccuracy>5.185179</vaccuracy>
<internetconnect>2</internetconnect>
</trkpt>
<trkpt lat="36.094462" lon="138.020053">
<ele>985.400985</ele>
<time>2026-06-19T02:36:18Z</time>
<speed>9.261307</speed>
<trueHeading>277.502899</trueHeading>
<magneticHeading>285.811005</magneticHeading>
<gpsHeading>276.306149</gpsHeading>
<haccuracy>4.748651</haccuracy>
<vaccuracy>5.259407</vaccuracy>
<internetconnect>2</internetconnect>
</trkpt>
<trkpt lat="36.094484" lon="138.019950">
<ele>985.268966</ele>
<time>2026-06-19T02:36:19Z</time>
<speed>9.480635</speed>
<trueHeading>277.502899</trueHeading>
<magneticHeading>285.811005</magneticHeading>
<gpsHeading>285.174352</gpsHeading>
<haccuracy>4.748651</haccuracy>
<vaccuracy>5.299459</vaccuracy>
<internetconnect>2</internetconnect>
</trkpt>
<trkpt lat="36.094506" lon="138.019850">
<ele>985.153202</ele>
<time>2026-06-19T02:36:20Z</time>
<speed>9.347375</speed>
<trueHeading>277.502899</trueHeading>
<magneticHeading>285.811005</magneticHeading>
<gpsHeading>285.174238</gpsHeading>
<haccuracy>4.748651</haccuracy>
<vaccuracy>5.279203</vaccuracy>
<internetconnect>2</internetconnect>
</trkpt>
<trkpt lat="36.094520" lon="138.019751">
<ele>984.769135</ele>
<time>2026-06-19T02:36:21Z</time>
<speed>9.185571</speed>
<trueHeading>277.502899</trueHeading>
<magneticHeading>285.811005</magneticHeading>
<gpsHeading>279.515007</gpsHeading>
<haccuracy>4.748651</haccuracy>
<vaccuracy>5.190819</vaccuracy>
<internetconnect>2</internetconnect>
</trkpt>
<trkpt lat="36.094550" lon="138.019656">
<ele>984.593693</ele>
<time>2026-06-19T02:36:22Z</time>
<speed>9.028555</speed>
<trueHeading>277.502899</trueHeading>
<magneticHeading>285.811005</magneticHeading>
<gpsHeading>291.784203</gpsHeading>
<haccuracy>4.748651</haccuracy>
<vaccuracy>5.212049</vaccuracy>
<internetconnect>2</internetconnect>
</trkpt>
<trkpt lat="36.094548" lon="138.019557">
<ele>984.533170</ele>
<time>2026-06-19T02:36:23Z</time>
<speed>8.857041</speed>
<trueHeading>277.502899</trueHeading>
<magneticHeading>285.811005</magneticHeading>
<gpsHeading>268.492944</gpsHeading>
<haccuracy>4.748651</haccuracy>
<vaccuracy>5.226948</vaccuracy>
<internetconnect>2</internetconnect>
</trkpt>
<trkpt lat="36.094592" lon="138.019470">
<ele>984.251299</ele>
<time>2026-06-19T02:36:24Z</time>
<speed>8.731285</speed>
<trueHeading>277.502899</trueHeading>
<magneticHeading>285.811005</magneticHeading>
<gpsHeading>301.653548</gpsHeading>
<haccuracy>4.748651</haccuracy>
<vaccuracy>5.242292</vaccuracy>
<internetconnect>2</internetconnect>
</trkpt>
<trkpt lat="36.094623" lon="138.019381">
<ele>983.708283</ele>
<time>2026-06-19T02:36:25Z</time>
<speed>8.779224</speed>
<trueHeading>277.502899</trueHeading>
<magneticHeading>285.811005</magneticHeading>
<gpsHeading>293.700737</gpsHeading>
<haccuracy>4.748651</haccuracy>
<vaccuracy>5.146158</vaccuracy>
<internetconnect>2</internetconnect>
</trkpt>
<trkpt lat="36.094663" lon="138.019286">
<ele>983.669089</ele>
<time>2026-06-19T02:36:26Z</time>
<speed>9.301980</speed>
<trueHeading>292.512543</trueHeading>
<magneticHeading>300.820648</magneticHeading>
<gpsHeading>297.731624</gpsHeading>
<haccuracy>4.748651</haccuracy>
<vaccuracy>5.237445</vaccuracy>
<internetconnect>2</internetconnect>
</trkpt>
<trkpt lat="36.094708" lon="138.019196">
<ele>983.299866</ele>
<time>2026-06-19T02:36:27Z</time>
<speed>9.333307</speed>
<trueHeading>292.512543</trueHeading>
<magneticHeading>300.820648</magneticHeading>
<gpsHeading>301.683257</gpsHeading>
<haccuracy>4.748651</haccuracy>
<vaccuracy>5.213893</vaccuracy>
<internetconnect>2</internetconnect>
</trkpt>
<trkpt lat="36.094757" lon="138.019108">
<ele>983.086845</ele>
<time>2026-06-19T02:36:28Z</time>
<speed>9.322336</speed>
<trueHeading>292.512543</trueHeading>
<magneticHeading>300.820648</magneticHeading>
<gpsHeading>304.393511</gpsHeading>
<haccuracy>4.748651</haccuracy>
<vaccuracy>5.369718</vaccuracy>
<internetconnect>2</internetconnect>
</trkpt>
<trkpt lat="36.094802" lon="138.019022">
<ele>982.847717</ele>
<time>2026-06-19T02:36:29Z</time>
<speed>9.245222</speed>
<trueHeading>292.512543</trueHeading>
<magneticHeading>300.820648</magneticHeading>
<gpsHeading>302.929230</gpsHeading>
<haccuracy>4.748651</haccuracy>
<vaccuracy>5.368776</vaccuracy>
<internetconnect>2</internetconnect>
</trkpt>
<trkpt lat="36.094845" lon="138.018931">
<ele>982.806969</ele>
<time>2026-06-19T02:36:30Z</time>
<speed>9.293122</speed>
<trueHeading>292.512543</trueHeading>
<magneticHeading>300.820648</magneticHeading>
<gpsHeading>300.487165</gpsHeading>
<haccuracy>4.748651</haccuracy>
<vaccuracy>5.376067</vaccuracy>
<internetconnect>2</internetconnect>
</trkpt>
<trkpt lat="36.094888" lon="138.018838">
<ele>982.205901</ele>
<time>2026-06-19T02:36:31Z</time>
<speed>9.420370</speed>
<trueHeading>292.512543</trueHeading>
<magneticHeading>300.820648</magneticHeading>
<gpsHeading>299.560048</gpsHeading>
<haccuracy>4.748651</haccuracy>
<vaccuracy>5.390984</vaccuracy>
<internetconnect>2</internetconnect>
</trkpt>
<trkpt lat="36.094913" lon="138.018740">
<ele>982.051649</ele>
<time>2026-06-19T02:36:32Z</time>
<speed>9.268381</speed>
<trueHeading>292.512543</trueHeading>
<magneticHeading>300.820648</magneticHeading>
<gpsHeading>287.651688</gpsHeading>
<haccuracy>4.748651</haccuracy>
<vaccuracy>5.364210</vaccuracy>
<internetconnect>2</internetconnect>
</trkpt>
<trkpt lat="36.094950" lon="138.018653">
<ele>981.344647</ele>
<time>2026-06-19T02:36:33Z</time>
<speed>9.005271</speed>
<trueHeading>292.512543</trueHeading>
<magneticHeading>300.820648</magneticHeading>
<gpsHeading>297.667423</gpsHeading>
<haccuracy>4.748651</haccuracy>
<vaccuracy>5.342710</vaccuracy>
<internetconnect>2</internetconnect>
</trkpt>
<trkpt lat="36.095002" lon="138.018571">
<ele>980.698113</ele>
<time>2026-06-19T02:36:34Z</time>
<speed>9.030903</speed>
<trueHeading>292.512543</trueHeading>
<magneticHeading>300.820648</magneticHeading>
<gpsHeading>308.174502</gpsHeading>
<haccuracy>4.748651</haccuracy>
<vaccuracy>5.298151</vaccuracy>
<internetconnect>2</internetconnect>
</trkpt>
<trkpt lat="36.095031" lon="138.018473">
<ele>980.301962</ele>
<time>2026-06-19T02:36:35Z</time>
<speed>9.263407</speed>
<trueHeading>292.512543</trueHeading>
<magneticHeading>300.820648</magneticHeading>
<gpsHeading>290.123632</gpsHeading>
<haccuracy>4.748651</haccuracy>
<vaccuracy>5.241574</vaccuracy>
<internetconnect>2</internetconnect>
</trkpt>
<trkpt lat="36.095053" lon="138.018379">
<ele>979.819412</ele>
<time>2026-06-19T02:36:36Z</time>
<speed>8.941414</speed>
<trueHeading>292.512543</trueHeading>
<magneticHeading>300.820648</magneticHeading>
<gpsHeading>285.858721</gpsHeading>
<haccuracy>4.748651</haccuracy>
<vaccuracy>5.162724</vaccuracy>
<internetconnect>2</internetconnect>
</trkpt>
<trkpt lat="36.095072" lon="138.018308">
<ele>979.379087</ele>
<time>2026-06-19T02:36:37Z</time>
<speed>7.347469</speed>
<trueHeading>292.512543</trueHeading>
<magneticHeading>300.820648</magneticHeading>
<gpsHeading>288.351972</gpsHeading>
<haccuracy>4.748651</haccuracy>
<vaccuracy>5.141446</vaccuracy>
<internetconnect>2</internetconnect>
</trkpt>
<trkpt lat="36.095094" lon="138.018245">
<ele>979.473119</ele>
<time>2026-06-19T02:36:38Z</time>
<speed>6.407746</speed>
<trueHeading>292.512543</trueHeading>
<magneticHeading>300.820648</magneticHeading>
<gpsHeading>293.718225</gpsHeading>
<haccuracy>4.748651</haccuracy>
<vaccuracy>5.206166</vaccuracy>
<internetconnect>2</internetconnect>
</trkpt>
<trkpt lat="36.095101" lon="138.018185">
<ele>978.501559</ele>
<time>2026-06-19T02:36:39Z</time>
<speed>5.849176</speed>
<trueHeading>277.337433</trueHeading>
<magneticHeading>285.645538</magneticHeading>
<gpsHeading>277.655565</gpsHeading>
<haccuracy>4.748651</haccuracy>
<vaccuracy>5.210606</vaccuracy>
<internetconnect>2</internetconnect>
</trkpt>
<trkpt lat="36.095065" lon="138.018110">
<ele>977.629848</ele>
<time>2026-06-19T02:36:40Z</time>
<speed>6.680691</speed>
<trueHeading>277.337433</trueHeading>
<magneticHeading>285.645538</magneticHeading>
<gpsHeading>239.081427</gpsHeading>
<haccuracy>4.748651</haccuracy>
<vaccuracy>5.357953</vaccuracy>
<internetconnect>2</internetconnect>
</trkpt>
<trkpt lat="36.095060" lon="138.018016">
<ele>976.420917</ele>
<time>2026-06-19T02:36:41Z</time>
<speed>7.969993</speed>
<trueHeading>277.337433</trueHeading>
<magneticHeading>285.645538</magneticHeading>
<gpsHeading>266.655584</gpsHeading>
<haccuracy>4.748651</haccuracy>
<vaccuracy>5.311004</vaccuracy>
<internetconnect>2</internetconnect>
</trkpt>
<trkpt lat="36.095056" lon="138.017905">
<ele>975.496593</ele>
<time>2026-06-19T02:36:42Z</time>
<speed>9.437151</speed>
<trueHeading>277.337433</trueHeading>
<magneticHeading>285.645538</magneticHeading>
<gpsHeading>267.199529</gpsHeading>
<haccuracy>4.748650</haccuracy>
<vaccuracy>5.281649</vaccuracy>
<internetconnect>2</internetconnect>
</trkpt>
<trkpt lat="36.095033" lon="138.017783">
<ele>974.541617</ele>
<time>2026-06-19T02:36:43Z</time>
<speed>10.533345</speed>
<trueHeading>277.337433</trueHeading>
<magneticHeading>285.645538</magneticHeading>
<gpsHeading>256.995754</gpsHeading>
<haccuracy>4.748650</haccuracy>
<vaccuracy>5.295822</vaccuracy>
<internetconnect>2</internetconnect>
</trkpt>
<trkpt lat="36.095015" lon="138.017661">
<ele>973.300698</ele>
<time>2026-06-19T02:36:44Z</time>
<speed>10.905079</speed>
<trueHeading>277.337433</trueHeading>
<magneticHeading>285.645538</magneticHeading>
<gpsHeading>259.795704</gpsHeading>
<haccuracy>4.748651</haccuracy>
<vaccuracy>4.428790</vaccuracy>
<internetconnect>2</internetconnect>
</trkpt>
<trkpt lat="36.094997" lon="138.017562">
<ele>972.588671</ele>
<time>2026-06-19T02:36:45Z</time>
<speed>8.744427</speed>
<trueHeading>260.909210</trueHeading>
<magneticHeading>269.217316</magneticHeading>
<gpsHeading>257.162086</gpsHeading>
<haccuracy>4.748651</haccuracy>
<vaccuracy>4.328555</vaccuracy>
<internetconnect>2</internetconnect>
</trkpt>
<trkpt lat="36.094979" lon="138.017489">
<ele>971.613205</ele>
<time>2026-06-19T02:36:47Z</time>
<speed>2.819009</speed>
<trueHeading>260.909210</trueHeading>
<magneticHeading>269.217316</magneticHeading>
<gpsHeading>252.696311</gpsHeading>
<haccuracy>4.748651</haccuracy>
<vaccuracy>4.251031</vaccuracy>
<internetconnect>2</internetconnect>
</trkpt>
<trkpt lat="36.094962" lon="138.017428">
<ele>970.783237</ele>
<time>2026-06-19T02:36:59Z</time>
<speed>2.045385</speed>
<trueHeading>260.909210</trueHeading>
<magneticHeading>269.217316</magneticHeading>
<gpsHeading>251.790208</gpsHeading>
<haccuracy>4.748651</haccuracy>
<vaccuracy>3.691014</vaccuracy>
<internetconnect>2</internetconnect>
</trkpt>
<trkpt lat="36.094947" lon="138.017307">
<ele>969.744353</ele>
<time>2026-06-19T02:37:01Z</time>
<speed>6.498072</speed>
<trueHeading>260.909210</trueHeading>
<magneticHeading>269.217316</magneticHeading>
<gpsHeading>261.025194</gpsHeading>
<haccuracy>4.748651</haccuracy>
<vaccuracy>4.012412</vaccuracy>
<internetconnect>2</internetconnect>
</trkpt>
<trkpt lat="36.094942" lon="138.017216">
<ele>968.675874</ele>
<time>2026-06-19T02:37:02Z</time>
<speed>7.880016</speed>
<trueHeading>260.909210</trueHeading>
<magneticHeading>269.217316</magneticHeading>
<gpsHeading>266.044863</gpsHeading>
<haccuracy>4.748651</haccuracy>
<vaccuracy>3.981981</vaccuracy>
<internetconnect>2</internetconnect>
</trkpt>
<trkpt lat="36.094936" lon="138.017118">
<ele>968.286911</ele>
<time>2026-06-19T02:37:03Z</time>
<speed>8.755842</speed>
<trueHeading>260.909210</trueHeading>
<magneticHeading>269.217316</magneticHeading>
<gpsHeading>266.044858</gpsHeading>
<haccuracy>4.748651</haccuracy>
<vaccuracy>3.940978</vaccuracy>
<internetconnect>2</internetconnect>
</trkpt>
<trkpt lat="36.094931" lon="138.017014">
<ele>967.735752</ele>
<time>2026-06-19T02:37:04Z</time>
<speed>9.288153</speed>
<trueHeading>260.909210</trueHeading>
<magneticHeading>269.217316</magneticHeading>
<gpsHeading>266.044862</gpsHeading>
<haccuracy>4.748651</haccuracy>
<vaccuracy>3.912350</vaccuracy>
<internetconnect>2</internetconnect>
</trkpt>
<trkpt lat="36.094924" lon="138.016902">
<ele>967.607524</ele>
<time>2026-06-19T02:37:05Z</time>
<speed>9.742684</speed>
<trueHeading>260.909210</trueHeading>
<magneticHeading>269.217316</magneticHeading>
<gpsHeading>266.044864</gpsHeading>
<haccuracy>4.748651</haccuracy>
<vaccuracy>3.853755</vaccuracy>
<internetconnect>2</internetconnect>
</trkpt>
<trkpt lat="36.094918" lon="138.016787">
<ele>967.417364</ele>
<time>2026-06-19T02:37:06Z</time>
<speed>10.212928</speed>
<trueHeading>260.909210</trueHeading>
<magneticHeading>269.217316</magneticHeading>
<gpsHeading>266.044862</gpsHeading>
<haccuracy>4.748651</haccuracy>
<vaccuracy>3.829029</vaccuracy>
<internetconnect>2</internetconnect>
</trkpt>
<trkpt lat="36.094911" lon="138.016665">
<ele>967.106926</ele>
<time>2026-06-19T02:37:07Z</time>
<speed>10.674836</speed>
<trueHeading>260.909210</trueHeading>
<magneticHeading>269.217316</magneticHeading>
<gpsHeading>266.044863</gpsHeading>
<haccuracy>4.748651</haccuracy>
<vaccuracy>3.802517</vaccuracy>
<internetconnect>2</internetconnect>
</trkpt>
<trkpt lat="36.094904" lon="138.016544">
<ele>967.137293</ele>
<time>2026-06-19T02:37:08Z</time>
<speed>10.722156</speed>
<trueHeading>260.909210</trueHeading>
<magneticHeading>269.217316</magneticHeading>
<gpsHeading>266.044859</gpsHeading>
<haccuracy>4.748651</haccuracy>
<vaccuracy>4.946575</vaccuracy>
<internetconnect>2</internetconnect>
</trkpt>
<trkpt lat="36.094898" lon="138.016425">
<ele>966.769722</ele>
<time>2026-06-19T02:37:09Z</time>
<speed>10.711892</speed>
<trueHeading>260.909210</trueHeading>
<magneticHeading>269.217316</magneticHeading>
<gpsHeading>266.044865</gpsHeading>
<haccuracy>4.748651</haccuracy>
<vaccuracy>5.229717</vaccuracy>
<internetconnect>2</internetconnect>
</trkpt>
<trkpt lat="36.094891" lon="138.016306">
<ele>966.137830</ele>
<time>2026-06-19T02:37:10Z</time>
<speed>10.595121</speed>
<trueHeading>260.909210</trueHeading>
<magneticHeading>269.217316</magneticHeading>
<gpsHeading>266.044876</gpsHeading>
<haccuracy>4.748651</haccuracy>
<vaccuracy>5.214503</vaccuracy>
<internetconnect>2</internetconnect>
</trkpt>
<trkpt lat="36.094898" lon="138.016193">
<ele>965.905850</ele>
<time>2026-06-19T02:37:11Z</time>
<speed>10.244780</speed>
<trueHeading>260.909210</trueHeading>
<magneticHeading>269.217316</magneticHeading>
<gpsHeading>274.378519</gpsHeading>
<haccuracy>4.748651</haccuracy>
<vaccuracy>5.203788</vaccuracy>
<internetconnect>2</internetconnect>
</trkpt>
<trkpt lat="36.094889" lon="138.016082">
<ele>965.760898</ele>
<time>2026-06-19T02:37:12Z</time>
<speed>10.151722</speed>
<trueHeading>260.909210</trueHeading>
<magneticHeading>269.217316</magneticHeading>
<gpsHeading>264.455602</gpsHeading>
<haccuracy>4.748651</haccuracy>
<vaccuracy>5.364050</vaccuracy>
<internetconnect>2</internetconnect>
</trkpt>
<trkpt lat="36.094884" lon="138.015967">
<ele>965.563997</ele>
<time>2026-06-19T02:37:13Z</time>
<speed>10.263838</speed>
<trueHeading>260.909210</trueHeading>
<magneticHeading>269.217316</magneticHeading>
<gpsHeading>266.447376</gpsHeading>
<haccuracy>4.748651</haccuracy>
<vaccuracy>5.350564</vaccuracy>
<internetconnect>2</internetconnect>
</trkpt>
<trkpt lat="36.094885" lon="138.015852">
<ele>965.250176</ele>
<time>2026-06-19T02:37:14Z</time>
<speed>10.357400</speed>
<trueHeading>260.909210</trueHeading>
<magneticHeading>269.217316</magneticHeading>
<gpsHeading>270.560271</gpsHeading>
<haccuracy>4.748651</haccuracy>
<vaccuracy>5.274326</vaccuracy>
<internetconnect>2</internetconnect>
</trkpt>
<trkpt lat="36.094893" lon="138.015728">
<ele>964.851912</ele>
<time>2026-06-19T02:37:15Z</time>
<speed>11.180268</speed>
<trueHeading>260.909210</trueHeading>
<magneticHeading>269.217316</magneticHeading>
<gpsHeading>274.935524</gpsHeading>
<haccuracy>4.748651</haccuracy>
<vaccuracy>5.105183</vaccuracy>
<internetconnect>2</internetconnect>
</trkpt>
<trkpt lat="36.094907" lon="138.015610">
<ele>964.562859</ele>
<time>2026-06-19T02:37:16Z</time>
<speed>10.658981</speed>
<trueHeading>260.909210</trueHeading>
<magneticHeading>269.217316</magneticHeading>
<gpsHeading>278.478918</gpsHeading>
<haccuracy>4.748651</haccuracy>
<vaccuracy>5.027058</vaccuracy>
<internetconnect>2</internetconnect>
</trkpt>
<trkpt lat="36.094919" lon="138.015511">
<ele>964.206157</ele>
<time>2026-06-19T02:37:17Z</time>
<speed>9.094187</speed>
<trueHeading>275.917786</trueHeading>
<magneticHeading>284.225891</magneticHeading>
<gpsHeading>278.307454</gpsHeading>
<haccuracy>4.748651</haccuracy>
<vaccuracy>4.944229</vaccuracy>
<internetconnect>2</internetconnect>
</trkpt>
<trkpt lat="36.094931" lon="138.015431">
<ele>963.847268</ele>
<time>2026-06-19T02:37:18Z</time>
<speed>7.507112</speed>
<trueHeading>275.917786</trueHeading>
<magneticHeading>284.225891</magneticHeading>
<gpsHeading>280.656016</gpsHeading>
<haccuracy>4.748651</haccuracy>
<vaccuracy>4.845411</vaccuracy>
<internetconnect>2</internetconnect>
</trkpt>
<trkpt lat="36.094939" lon="138.015366">
<ele>963.272554</ele>
<time>2026-06-19T02:37:19Z</time>
<speed>5.993439</speed>
<trueHeading>275.917786</trueHeading>
<magneticHeading>284.225891</magneticHeading>
<gpsHeading>278.156162</gpsHeading>
<haccuracy>4.748651</haccuracy>
<vaccuracy>4.768702</vaccuracy>
<internetconnect>2</internetconnect>
</trkpt>
<trkpt lat="36.094921" lon="138.015270">
<ele>962.117487</ele>
<time>2026-06-19T02:37:21Z</time>
<speed>3.961155</speed>
<trueHeading>260.864044</trueHeading>
<magneticHeading>269.172150</magneticHeading>
<gpsHeading>257.103778</gpsHeading>
<haccuracy>4.748651</haccuracy>
<vaccuracy>4.739152</vaccuracy>
<internetconnect>2</internetconnect>
</trkpt>
<trkpt lat="36.094847" lon="138.015198">
<ele>961.121780</ele>
<time>2026-06-19T02:37:23Z</time>
<speed>5.301301</speed>
<trueHeading>230.415192</trueHeading>
<magneticHeading>238.723282</magneticHeading>
<gpsHeading>217.830876</gpsHeading>
<haccuracy>4.748651</haccuracy>
<vaccuracy>4.703124</vaccuracy>
<internetconnect>2</internetconnect>
</trkpt>
<trkpt lat="36.094791" lon="138.015153">
<ele>960.437661</ele>
<time>2026-06-19T02:37:24Z</time>
<speed>7.155162</speed>
<trueHeading>230.415192</trueHeading>
<magneticHeading>238.723282</magneticHeading>
<gpsHeading>213.729276</gpsHeading>
<haccuracy>4.748651</haccuracy>
<vaccuracy>4.629209</vaccuracy>
<internetconnect>2</internetconnect>
</trkpt>
<trkpt lat="36.094712" lon="138.015116">
<ele>958.843146</ele>
<time>2026-06-19T02:37:25Z</time>
<speed>9.111034</speed>
<trueHeading>230.415192</trueHeading>
<magneticHeading>238.723282</magneticHeading>
<gpsHeading>200.604526</gpsHeading>
<haccuracy>4.748651</haccuracy>
<vaccuracy>4.581414</vaccuracy>
<internetconnect>2</internetconnect>
</trkpt>
<trkpt lat="36.094641" lon="138.015040">
<ele>957.601961</ele>
<time>2026-06-19T02:37:26Z</time>
<speed>9.989044</speed>
<trueHeading>215.382370</trueHeading>
<magneticHeading>223.690460</magneticHeading>
<gpsHeading>220.606259</gpsHeading>
<haccuracy>4.748651</haccuracy>
<vaccuracy>4.552212</vaccuracy>
<internetconnect>2</internetconnect>
</trkpt>
<trkpt lat="36.094557" lon="138.014997">
<ele>955.585447</ele>
<time>2026-06-19T02:37:27Z</time>
<speed>10.117012</speed>
<trueHeading>215.382370</trueHeading>
<magneticHeading>223.690460</magneticHeading>
<gpsHeading>202.439977</gpsHeading>
<haccuracy>4.748651</haccuracy>
<vaccuracy>5.150413</vaccuracy>
<internetconnect>2</internetconnect>
</trkpt>
<trkpt lat="36.094476" lon="138.014936">
<ele>953.928622</ele>
<time>2026-06-19T02:37:28Z</time>
<speed>10.384272</speed>
<trueHeading>215.382370</trueHeading>
<magneticHeading>223.690460</magneticHeading>
<gpsHeading>211.390294</gpsHeading>
<haccuracy>4.748651</haccuracy>
<vaccuracy>5.029263</vaccuracy>
<internetconnect>2</internetconnect>
</trkpt>
<trkpt lat="36.094398" lon="138.014874">
<ele>952.066123</ele>
<time>2026-06-19T02:37:29Z</time>
<speed>10.612981</speed>
<trueHeading>215.382370</trueHeading>
<magneticHeading>223.690460</magneticHeading>
<gpsHeading>212.580858</gpsHeading>
<haccuracy>4.748651</haccuracy>
<vaccuracy>4.972216</vaccuracy>
<internetconnect>2</internetconnect>
</trkpt>
<trkpt lat="36.094316" lon="138.014809">
<ele>950.645739</ele>
<time>2026-06-19T02:37:30Z</time>
<speed>10.798448</speed>
<trueHeading>215.382370</trueHeading>
<magneticHeading>223.690460</magneticHeading>
<gpsHeading>212.554683</gpsHeading>
<haccuracy>4.748651</haccuracy>
<vaccuracy>4.927862</vaccuracy>
<internetconnect>2</internetconnect>
</trkpt>
<trkpt lat="36.094232" lon="138.014737">
<ele>949.401720</ele>
<time>2026-06-19T02:37:31Z</time>
<speed>10.962139</speed>
<trueHeading>215.382370</trueHeading>
<magneticHeading>223.690460</magneticHeading>
<gpsHeading>215.067074</gpsHeading>
<haccuracy>4.748651</haccuracy>
<vaccuracy>4.919958</vaccuracy>
<internetconnect>2</internetconnect>
</trkpt>
<trkpt lat="36.094150" lon="138.014676">
<ele>947.792328</ele>
<time>2026-06-19T02:37:32Z</time>
<speed>10.634026</speed>
<trueHeading>215.382370</trueHeading>
<magneticHeading>223.690460</magneticHeading>
<gpsHeading>210.982726</gpsHeading>
<haccuracy>4.748651</haccuracy>
<vaccuracy>4.889923</vaccuracy>
<internetconnect>2</internetconnect>
</trkpt>
<trkpt lat="36.094072" lon="138.014623">
<ele>946.349843</ele>
<time>2026-06-19T02:37:33Z</time>
<speed>9.778686</speed>
<trueHeading>215.382370</trueHeading>
<magneticHeading>223.690460</magneticHeading>
<gpsHeading>208.723456</gpsHeading>
<haccuracy>4.748651</haccuracy>
<vaccuracy>4.857058</vaccuracy>
<internetconnect>2</internetconnect>
</trkpt>
<trkpt lat="36.094006" lon="138.014575">
<ele>945.354604</ele>
<time>2026-06-19T02:37:34Z</time>
<speed>8.692133</speed>
<trueHeading>215.382370</trueHeading>
<magneticHeading>223.690460</magneticHeading>
<gpsHeading>210.244318</gpsHeading>
<haccuracy>4.748651</haccuracy>
<vaccuracy>4.845281</vaccuracy>
<internetconnect>2</internetconnect>
</trkpt>
<trkpt lat="36.093949" lon="138.014535">
<ele>944.645670</ele>
<time>2026-06-19T02:37:35Z</time>
<speed>7.130063</speed>
<trueHeading>215.382370</trueHeading>
<magneticHeading>223.690460</magneticHeading>
<gpsHeading>209.794144</gpsHeading>
<haccuracy>4.748651</haccuracy>
<vaccuracy>4.795386</vaccuracy>
<internetconnect>2</internetconnect>
</trkpt>
<trkpt lat="36.093901" lon="138.014496">
<ele>945.106822</ele>
<time>2026-06-19T02:37:36Z</time>
<speed>6.128821</speed>
<trueHeading>215.382370</trueHeading>
<magneticHeading>223.690460</magneticHeading>
<gpsHeading>213.115920</gpsHeading>
<haccuracy>4.748651</haccuracy>
<vaccuracy>4.795902</vaccuracy>
<internetconnect>2</internetconnect>
</trkpt>
<trkpt lat="36.093848" lon="138.014452">
<ele>946.120506</ele>
<time>2026-06-19T02:37:37Z</time>
<speed>8.624185</speed>
<trueHeading>215.382370</trueHeading>
<magneticHeading>223.690460</magneticHeading>
<gpsHeading>214.046342</gpsHeading>
<haccuracy>4.748651</haccuracy>
<vaccuracy>4.942356</vaccuracy>
<internetconnect>2</internetconnect>
</trkpt>
<trkpt lat="36.093846" lon="138.014445">
<ele>945.764844</ele>
<time>2026-06-19T02:37:45Z</time>
<speed>0.051265</speed>
<trueHeading>241.005844</trueHeading>
<magneticHeading>249.313934</magneticHeading>
<gpsHeading>248.530773</gpsHeading>
<haccuracy>4.748652</haccuracy>
<vaccuracy>5.539792</vaccuracy>
<internetconnect>2</internetconnect>
</trkpt>
</trkseg></trk>
</gpx>
