<?xml version="1.0" encoding="UTF-8"?>
<gpx version="1.1" creator="kzi.jp gpx-viewer" xmlns="http://www.topografix.com/GPX/1/1">
<trk><name>2026-08-22_ビーナスライン</name><trkseg>
<trkpt lat="36.003103" lon="138.174094">
<ele>830.3</ele>
<time>2026-08-21T23:37:41.564Z</time>
</trkpt>
<trkpt lat="36.003403" lon="138.174099">
<ele>829.4</ele>
<time>2026-08-21T23:37:45.564Z</time>
</trkpt>
<trkpt lat="36.003885" lon="138.174285">
<ele>830.2</ele>
<time>2026-08-21T23:37:50.567Z</time>
</trkpt>
<trkpt lat="36.004393" lon="138.174539">
<ele>830.3</ele>
<time>2026-08-21T23:37:56.564Z</time>
</trkpt>
<trkpt lat="36.004862" lon="138.174724">
<ele>832.8</ele>
<time>2026-08-21T23:38:02.565Z</time>
</trkpt>
<trkpt lat="36.005321" lon="138.174888">
<ele>836.9</ele>
<time>2026-08-21T23:38:07.982Z</time>
</trkpt>
<trkpt lat="36.005942" lon="138.175121">
<ele>841.3</ele>
<time>2026-08-21T23:38:12.980Z</time>
</trkpt>
<trkpt lat="36.006587" lon="138.175194">
<ele>841.3</ele>
<time>2026-08-21T23:38:17.973Z</time>
</trkpt>
<trkpt lat="36.007263" lon="138.175122">
<ele>841.3</ele>
<time>2026-08-21T23:38:22.975Z</time>
</trkpt>
<trkpt lat="36.007943" lon="138.17504">
<ele>839.4</ele>
<time>2026-08-21T23:38:27.983Z</time>
</trkpt>
<trkpt lat="36.008624" lon="138.174998">
<ele>839.4</ele>
<time>2026-08-21T23:38:32.981Z</time>
</trkpt>
<trkpt lat="36.009262" lon="138.175089">
<ele>839</ele>
<time>2026-08-21T23:38:37.974Z</time>
</trkpt>
<trkpt lat="36.009813" lon="138.17517">
<ele>839</ele>
<time>2026-08-21T23:38:42.984Z</time>
</trkpt>
<trkpt lat="36.01051" lon="138.175288">
<ele>839.8</ele>
<time>2026-08-21T23:38:48.982Z</time>
</trkpt>
<trkpt lat="36.011227" lon="138.175389">
<ele>839.9</ele>
<time>2026-08-21T23:38:54.973Z</time>
</trkpt>
<trkpt lat="36.011848" lon="138.175467">
<ele>839.9</ele>
<time>2026-08-21T23:38:59.981Z</time>
</trkpt>
<trkpt lat="36.012472" lon="138.175555">
<ele>841.5</ele>
<time>2026-08-21T23:39:04.973Z</time>
</trkpt>
<trkpt lat="36.013057" lon="138.17567">
<ele>841.6</ele>
<time>2026-08-21T23:39:09.982Z</time>
</trkpt>
<trkpt lat="36.013555" lon="138.175728">
<ele>841.7</ele>
<time>2026-08-21T23:39:14.971Z</time>
</trkpt>
<trkpt lat="36.014015" lon="138.175785">
<ele>842.5</ele>
<time>2026-08-21T23:39:20.972Z</time>
</trkpt>
<trkpt lat="36.014124" lon="138.175821">
<ele>846.5</ele>
<time>2026-08-21T23:39:50.978Z</time>
</trkpt>
<trkpt lat="36.014338" lon="138.175861">
<ele>848.2</ele>
<time>2026-08-21T23:39:55.984Z</time>
</trkpt>
<trkpt lat="36.014757" lon="138.175908">
<ele>848.5</ele>
<time>2026-08-21T23:40:01.990Z</time>
</trkpt>
<trkpt lat="36.015209" lon="138.175936">
<ele>849.5</ele>
<time>2026-08-21T23:40:06.993Z</time>
</trkpt>
<trkpt lat="36.015772" lon="138.175927">
<ele>849.6</ele>
<time>2026-08-21T23:40:11.995Z</time>
</trkpt>
<trkpt lat="36.01634" lon="138.176046">
<ele>849.6</ele>
<time>2026-08-21T23:40:16.997Z</time>
</trkpt>
<trkpt lat="36.016916" lon="138.176252">
<ele>849.6</ele>
<time>2026-08-21T23:40:21.998Z</time>
</trkpt>
<trkpt lat="36.017472" lon="138.176485">
<ele>849.7</ele>
<time>2026-08-21T23:40:26.999Z</time>
</trkpt>
<trkpt lat="36.018022" lon="138.176665">
<ele>853.6</ele>
<time>2026-08-21T23:40:32.000Z</time>
</trkpt>
<trkpt lat="36.018633" lon="138.176737">
<ele>855.6</ele>
<time>2026-08-21T23:40:37.000Z</time>
</trkpt>
<trkpt lat="36.019188" lon="138.176684">
<ele>858.4</ele>
<time>2026-08-21T23:40:42.000Z</time>
</trkpt>
<trkpt lat="36.019703" lon="138.176476">
<ele>860.4</ele>
<time>2026-08-21T23:40:47.001Z</time>
</trkpt>
<trkpt lat="36.02019" lon="138.176267">
<ele>860.9</ele>
<time>2026-08-21T23:40:52.001Z</time>
</trkpt>
<trkpt lat="36.020712" lon="138.176299">
<ele>861.8</ele>
<time>2026-08-21T23:40:57.001Z</time>
</trkpt>
<trkpt lat="36.021265" lon="138.176212">
<ele>864</ele>
<time>2026-08-21T23:41:02.001Z</time>
</trkpt>
<trkpt lat="36.021881" lon="138.17638">
<ele>864.7</ele>
<time>2026-08-21T23:41:07.001Z</time>
</trkpt>
<trkpt lat="36.022462" lon="138.17668">
<ele>865.8</ele>
<time>2026-08-21T23:41:12.001Z</time>
</trkpt>
<trkpt lat="36.022955" lon="138.176968">
<ele>866.5</ele>
<time>2026-08-21T23:41:17.001Z</time>
</trkpt>
<trkpt lat="36.023389" lon="138.177296">
<ele>868.2</ele>
<time>2026-08-21T23:41:22.001Z</time>
</trkpt>
<trkpt lat="36.0238" lon="138.177743">
<ele>868.9</ele>
<time>2026-08-21T23:41:27.001Z</time>
</trkpt>
<trkpt lat="36.02416" lon="138.178291">
<ele>868.9</ele>
<time>2026-08-21T23:41:32.001Z</time>
</trkpt>
<trkpt lat="36.024529" lon="138.178891">
<ele>868.9</ele>
<time>2026-08-21T23:41:37.001Z</time>
</trkpt>
<trkpt lat="36.024925" lon="138.179531">
<ele>868.8</ele>
<time>2026-08-21T23:41:42.001Z</time>
</trkpt>
<trkpt lat="36.025328" lon="138.180183">
<ele>868.8</ele>
<time>2026-08-21T23:41:47.001Z</time>
</trkpt>
<trkpt lat="36.025754" lon="138.180828">
<ele>868.8</ele>
<time>2026-08-21T23:41:52.001Z</time>
</trkpt>
<trkpt lat="36.026231" lon="138.181383">
<ele>868.8</ele>
<time>2026-08-21T23:41:57.001Z</time>
</trkpt>
<trkpt lat="36.026817" lon="138.182026">
<ele>870.4</ele>
<time>2026-08-21T23:42:03.001Z</time>
</trkpt>
<trkpt lat="36.027458" lon="138.182728">
<ele>873.2</ele>
<time>2026-08-21T23:42:09.000Z</time>
</trkpt>
<trkpt lat="36.028108" lon="138.183442">
<ele>875.4</ele>
<time>2026-08-21T23:42:15.000Z</time>
</trkpt>
<trkpt lat="36.028596" lon="138.183977">
<ele>877.8</ele>
<time>2026-08-21T23:42:20.000Z</time>
</trkpt>
<trkpt lat="36.028916" lon="138.18433">
<ele>881.3</ele>
<time>2026-08-21T23:42:25.000Z</time>
</trkpt>
<trkpt lat="36.029253" lon="138.184696">
<ele>883.4</ele>
<time>2026-08-21T23:42:31.000Z</time>
</trkpt>
<trkpt lat="36.029401" lon="138.18489">
<ele>883.4</ele>
<time>2026-08-21T23:42:46.000Z</time>
</trkpt>
<trkpt lat="36.029644" lon="138.185254">
<ele>883.4</ele>
<time>2026-08-21T23:42:53.000Z</time>
</trkpt>
<trkpt lat="36.029916" lon="138.185843">
<ele>883.4</ele>
<time>2026-08-21T23:42:59.000Z</time>
</trkpt>
<trkpt lat="36.030129" lon="138.186588">
<ele>883.4</ele>
<time>2026-08-21T23:43:05.000Z</time>
</trkpt>
<trkpt lat="36.030288" lon="138.187404">
<ele>884.2</ele>
<time>2026-08-21T23:43:11.000Z</time>
</trkpt>
<trkpt lat="36.03046" lon="138.18831">
<ele>886.4</ele>
<time>2026-08-21T23:43:17.000Z</time>
</trkpt>
<trkpt lat="36.030619" lon="138.189173">
<ele>889.2</ele>
<time>2026-08-21T23:43:23.000Z</time>
</trkpt>
<trkpt lat="36.030758" lon="138.189922">
<ele>891.2</ele>
<time>2026-08-21T23:43:28.000Z</time>
</trkpt>
<trkpt lat="36.030928" lon="138.190801">
<ele>892.2</ele>
<time>2026-08-21T23:43:34.000Z</time>
</trkpt>
<trkpt lat="36.031063" lon="138.191539">
<ele>893.3</ele>
<time>2026-08-21T23:43:39.000Z</time>
</trkpt>
<trkpt lat="36.031222" lon="138.192351">
<ele>894.6</ele>
<time>2026-08-21T23:43:44.000Z</time>
</trkpt>
<trkpt lat="36.031409" lon="138.19339">
<ele>895.1</ele>
<time>2026-08-21T23:43:50.000Z</time>
</trkpt>
<trkpt lat="36.031635" lon="138.194213">
<ele>897.1</ele>
<time>2026-08-21T23:43:55.001Z</time>
</trkpt>
<trkpt lat="36.031931" lon="138.194904">
<ele>898.5</ele>
<time>2026-08-21T23:44:00.001Z</time>
</trkpt>
<trkpt lat="36.032031" lon="138.195135">
<ele>898.9</ele>
<time>2026-08-21T23:44:05.000Z</time>
</trkpt>
<trkpt lat="36.032096" lon="138.195297">
<ele>900.1</ele>
<time>2026-08-21T23:44:24.000Z</time>
</trkpt>
<trkpt lat="36.03226" lon="138.19569">
<ele>900.2</ele>
<time>2026-08-21T23:44:30.000Z</time>
</trkpt>
<trkpt lat="36.032472" lon="138.196215">
<ele>900.5</ele>
<time>2026-08-21T23:44:36.000Z</time>
</trkpt>
<trkpt lat="36.032688" lon="138.19674">
<ele>900.7</ele>
<time>2026-08-21T23:44:42.000Z</time>
</trkpt>
<trkpt lat="36.03292" lon="138.197368">
<ele>903</ele>
<time>2026-08-21T23:44:48.000Z</time>
</trkpt>
<trkpt lat="36.033104" lon="138.198155">
<ele>904</ele>
<time>2026-08-21T23:44:54.000Z</time>
</trkpt>
<trkpt lat="36.033166" lon="138.199089">
<ele>905.2</ele>
<time>2026-08-21T23:45:00.000Z</time>
</trkpt>
<trkpt lat="36.033047" lon="138.200154">
<ele>908.5</ele>
<time>2026-08-21T23:45:06.000Z</time>
</trkpt>
<trkpt lat="36.032813" lon="138.201323">
<ele>910.4</ele>
<time>2026-08-21T23:45:12.000Z</time>
</trkpt>
<trkpt lat="36.032624" lon="138.202333">
<ele>913.8</ele>
<time>2026-08-21T23:45:17.000Z</time>
</trkpt>
<trkpt lat="36.032534" lon="138.203336">
<ele>915.2</ele>
<time>2026-08-21T23:45:22.000Z</time>
</trkpt>
<trkpt lat="36.03251" lon="138.204321">
<ele>918.7</ele>
<time>2026-08-21T23:45:27.000Z</time>
</trkpt>
<trkpt lat="36.032313" lon="138.205225">
<ele>923.2</ele>
<time>2026-08-21T23:45:32.000Z</time>
</trkpt>
<trkpt lat="36.031966" lon="138.206061">
<ele>927</ele>
<time>2026-08-21T23:45:37.000Z</time>
</trkpt>
<trkpt lat="36.031569" lon="138.207033">
<ele>932.7</ele>
<time>2026-08-21T23:45:43.000Z</time>
</trkpt>
<trkpt lat="36.031318" lon="138.207863">
<ele>935.7</ele>
<time>2026-08-21T23:45:48.000Z</time>
</trkpt>
<trkpt lat="36.031357" lon="138.208537">
<ele>939.6</ele>
<time>2026-08-21T23:45:52.000Z</time>
</trkpt>
<trkpt lat="36.03157" lon="138.209507">
<ele>941.7</ele>
<time>2026-08-21T23:45:58.000Z</time>
</trkpt>
<trkpt lat="36.031682" lon="138.21033">
<ele>944.6</ele>
<time>2026-08-21T23:46:03.000Z</time>
</trkpt>
<trkpt lat="36.031783" lon="138.211134">
<ele>950.5</ele>
<time>2026-08-21T23:46:08.000Z</time>
</trkpt>
<trkpt lat="36.031883" lon="138.21197">
<ele>953.4</ele>
<time>2026-08-21T23:46:13.000Z</time>
</trkpt>
<trkpt lat="36.031987" lon="138.21282">
<ele>954.2</ele>
<time>2026-08-21T23:46:18.000Z</time>
</trkpt>
<trkpt lat="36.032076" lon="138.213641">
<ele>955.7</ele>
<time>2026-08-21T23:46:23.000Z</time>
</trkpt>
<trkpt lat="36.032161" lon="138.214432">
<ele>959.8</ele>
<time>2026-08-21T23:46:28.000Z</time>
</trkpt>
<trkpt lat="36.032265" lon="138.215333">
<ele>964.3</ele>
<time>2026-08-21T23:46:34.000Z</time>
</trkpt>
<trkpt lat="36.032382" lon="138.216272">
<ele>965.8</ele>
<time>2026-08-21T23:46:40.000Z</time>
</trkpt>
<trkpt lat="36.032503" lon="138.217304">
<ele>968.6</ele>
<time>2026-08-21T23:46:46.000Z</time>
</trkpt>
<trkpt lat="36.032607" lon="138.218201">
<ele>971.2</ele>
<time>2026-08-21T23:46:51.000Z</time>
</trkpt>
<trkpt lat="36.032714" lon="138.219228">
<ele>973.6</ele>
<time>2026-08-21T23:46:57.000Z</time>
</trkpt>
<trkpt lat="36.032585" lon="138.220322">
<ele>973.6</ele>
<time>2026-08-21T23:47:03.000Z</time>
</trkpt>
<trkpt lat="36.032416" lon="138.221235">
<ele>973.6</ele>
<time>2026-08-21T23:47:08.000Z</time>
</trkpt>
<trkpt lat="36.032418" lon="138.222077">
<ele>967.5</ele>
<time>2026-08-21T23:47:13.000Z</time>
</trkpt>
<trkpt lat="36.032499" lon="138.222909">
<ele>967.1</ele>
<time>2026-08-21T23:47:18.000Z</time>
</trkpt>
<trkpt lat="36.03259" lon="138.223694">
<ele>967.1</ele>
<time>2026-08-21T23:47:23.000Z</time>
</trkpt>
<trkpt lat="36.032672" lon="138.224603">
<ele>967.1</ele>
<time>2026-08-21T23:47:29.000Z</time>
</trkpt>
<trkpt lat="36.032729" lon="138.225557">
<ele>969.2</ele>
<time>2026-08-21T23:47:35.000Z</time>
</trkpt>
<trkpt lat="36.032803" lon="138.226356">
<ele>973.4</ele>
<time>2026-08-21T23:47:40.000Z</time>
</trkpt>
<trkpt lat="36.032816" lon="138.227298">
<ele>978.5</ele>
<time>2026-08-21T23:47:46.000Z</time>
</trkpt>
<trkpt lat="36.032605" lon="138.22828">
<ele>982.9</ele>
<time>2026-08-21T23:47:52.000Z</time>
</trkpt>
<trkpt lat="36.03241" lon="138.229297">
<ele>984.4</ele>
<time>2026-08-21T23:47:58.000Z</time>
</trkpt>
<trkpt lat="36.032248" lon="138.230174">
<ele>987</ele>
<time>2026-08-21T23:48:03.000Z</time>
</trkpt>
<trkpt lat="36.032228" lon="138.23091">
<ele>992.1</ele>
<time>2026-08-21T23:48:08.000Z</time>
</trkpt>
<trkpt lat="36.032301" lon="138.230984">
<ele>995.7</ele>
<time>2026-08-21T23:48:09.000Z</time>
</trkpt>
<trkpt lat="36.032721" lon="138.231009">
<ele>998.4</ele>
<time>2026-08-21T23:48:14.000Z</time>
</trkpt>
<trkpt lat="36.032916" lon="138.230892">
<ele>998.8</ele>
<time>2026-08-21T23:48:16.000Z</time>
</trkpt>
<trkpt lat="36.033634" lon="138.230643">
<ele>1002.5</ele>
<time>2026-08-21T23:48:22.000Z</time>
</trkpt>
<trkpt lat="36.034234" lon="138.230568">
<ele>1003.8</ele>
<time>2026-08-21T23:48:27.000Z</time>
</trkpt>
<trkpt lat="36.034791" lon="138.230825">
<ele>1008.2</ele>
<time>2026-08-21T23:48:32.000Z</time>
</trkpt>
<trkpt lat="36.035312" lon="138.231443">
<ele>1014.4</ele>
<time>2026-08-21T23:48:38.000Z</time>
</trkpt>
<trkpt lat="36.03558" lon="138.232038">
<ele>1021</ele>
<time>2026-08-21T23:48:43.000Z</time>
</trkpt>
<trkpt lat="36.035614" lon="138.232723">
<ele>1027</ele>
<time>2026-08-21T23:48:48.000Z</time>
</trkpt>
<trkpt lat="36.035426" lon="138.233558">
<ele>1031.2</ele>
<time>2026-08-21T23:48:54.000Z</time>
</trkpt>
<trkpt lat="36.035237" lon="138.234255">
<ele>1035.4</ele>
<time>2026-08-21T23:48:59.000Z</time>
</trkpt>
<trkpt lat="36.035006" lon="138.235085">
<ele>1040.1</ele>
<time>2026-08-21T23:49:05.000Z</time>
</trkpt>
<trkpt lat="36.034827" lon="138.235769">
<ele>1045.1</ele>
<time>2026-08-21T23:49:10.000Z</time>
</trkpt>
<trkpt lat="36.034652" lon="138.236424">
<ele>1051.7</ele>
<time>2026-08-21T23:49:15.000Z</time>
</trkpt>
<trkpt lat="36.034607" lon="138.237057">
<ele>1056.3</ele>
<time>2026-08-21T23:49:21.000Z</time>
</trkpt>
<trkpt lat="36.034711" lon="138.237181">
<ele>1061.1</ele>
<time>2026-08-21T23:49:23.000Z</time>
</trkpt>
<trkpt lat="36.035158" lon="138.237392">
<ele>1066.3</ele>
<time>2026-08-21T23:49:29.000Z</time>
</trkpt>
<trkpt lat="36.035717" lon="138.237642">
<ele>1068</ele>
<time>2026-08-21T23:49:35.000Z</time>
</trkpt>
<trkpt lat="36.036258" lon="138.238089">
<ele>1074.3</ele>
<time>2026-08-21T23:49:41.000Z</time>
</trkpt>
<trkpt lat="36.0366" lon="138.238676">
<ele>1082.5</ele>
<time>2026-08-21T23:49:46.000Z</time>
</trkpt>
<trkpt lat="36.036917" lon="138.239478">
<ele>1090</ele>
<time>2026-08-21T23:49:52.000Z</time>
</trkpt>
<trkpt lat="36.037246" lon="138.240298">
<ele>1090.6</ele>
<time>2026-08-21T23:49:58.000Z</time>
</trkpt>
<trkpt lat="36.037594" lon="138.241192">
<ele>1092</ele>
<time>2026-08-21T23:50:04.000Z</time>
</trkpt>
<trkpt lat="36.037918" lon="138.241996">
<ele>1095.1</ele>
<time>2026-08-21T23:50:09.000Z</time>
</trkpt>
<trkpt lat="36.038245" lon="138.242813">
<ele>1095.1</ele>
<time>2026-08-21T23:50:14.000Z</time>
</trkpt>
<trkpt lat="36.038593" lon="138.243619">
<ele>1096.6</ele>
<time>2026-08-21T23:50:19.000Z</time>
</trkpt>
<trkpt lat="36.038902" lon="138.244353">
<ele>1097.3</ele>
<time>2026-08-21T23:50:24.000Z</time>
</trkpt>
<trkpt lat="36.039067" lon="138.245312">
<ele>1098.7</ele>
<time>2026-08-21T23:50:30.000Z</time>
</trkpt>
<trkpt lat="36.039164" lon="138.246054">
<ele>1107.9</ele>
<time>2026-08-21T23:50:35.000Z</time>
</trkpt>
<trkpt lat="36.039551" lon="138.246806">
<ele>1117.3</ele>
<time>2026-08-21T23:50:41.000Z</time>
</trkpt>
<trkpt lat="36.040114" lon="138.247237">
<ele>1125.3</ele>
<time>2026-08-21T23:50:46.000Z</time>
</trkpt>
<trkpt lat="36.040801" lon="138.247638">
<ele>1132.7</ele>
<time>2026-08-21T23:50:51.000Z</time>
</trkpt>
<trkpt lat="36.041417" lon="138.247997">
<ele>1140.1</ele>
<time>2026-08-21T23:50:56.000Z</time>
</trkpt>
<trkpt lat="36.042166" lon="138.248171">
<ele>1148.7</ele>
<time>2026-08-21T23:51:02.000Z</time>
</trkpt>
<trkpt lat="36.042819" lon="138.24816">
<ele>1156.1</ele>
<time>2026-08-21T23:51:07.000Z</time>
</trkpt>
<trkpt lat="36.043458" lon="138.248139">
<ele>1165.3</ele>
<time>2026-08-21T23:51:12.000Z</time>
</trkpt>
<trkpt lat="36.044128" lon="138.248122">
<ele>1172.7</ele>
<time>2026-08-21T23:51:17.000Z</time>
</trkpt>
<trkpt lat="36.04494" lon="138.248162">
<ele>1180.1</ele>
<time>2026-08-21T23:51:23.000Z</time>
</trkpt>
<trkpt lat="36.045756" lon="138.248435">
<ele>1186.6</ele>
<time>2026-08-21T23:51:29.000Z</time>
</trkpt>
<trkpt lat="36.046465" lon="138.248784">
<ele>1191.3</ele>
<time>2026-08-21T23:51:34.000Z</time>
</trkpt>
<trkpt lat="36.047318" lon="138.249204">
<ele>1195.3</ele>
<time>2026-08-21T23:51:40.000Z</time>
</trkpt>
<trkpt lat="36.048062" lon="138.249565">
<ele>1198.3</ele>
<time>2026-08-21T23:51:45.000Z</time>
</trkpt>
<trkpt lat="36.04873" lon="138.249959">
<ele>1203.3</ele>
<time>2026-08-21T23:51:50.000Z</time>
</trkpt>
<trkpt lat="36.049307" lon="138.250619">
<ele>1205.8</ele>
<time>2026-08-21T23:51:56.000Z</time>
</trkpt>
<trkpt lat="36.04975" lon="138.251255">
<ele>1206.6</ele>
<time>2026-08-21T23:52:01.000Z</time>
</trkpt>
<trkpt lat="36.050187" lon="138.2519">
<ele>1206.9</ele>
<time>2026-08-21T23:52:06.000Z</time>
</trkpt>
<trkpt lat="36.050619" lon="138.252537">
<ele>1207.1</ele>
<time>2026-08-21T23:52:11.000Z</time>
</trkpt>
<trkpt lat="36.051013" lon="138.253196">
<ele>1208</ele>
<time>2026-08-21T23:52:16.000Z</time>
</trkpt>
<trkpt lat="36.051263" lon="138.25397">
<ele>1210</ele>
<time>2026-08-21T23:52:21.000Z</time>
</trkpt>
<trkpt lat="36.051482" lon="138.254905">
<ele>1215.8</ele>
<time>2026-08-21T23:52:27.000Z</time>
</trkpt>
<trkpt lat="36.051667" lon="138.25572">
<ele>1218.4</ele>
<time>2026-08-21T23:52:32.000Z</time>
</trkpt>
<trkpt lat="36.051876" lon="138.256634">
<ele>1219.1</ele>
<time>2026-08-21T23:52:38.000Z</time>
</trkpt>
<trkpt lat="36.052041" lon="138.257351">
<ele>1219.7</ele>
<time>2026-08-21T23:52:43.000Z</time>
</trkpt>
<trkpt lat="36.052144" lon="138.257822">
<ele>1220.5</ele>
<time>2026-08-21T23:52:49.000Z</time>
</trkpt>
<trkpt lat="36.052268" lon="138.258354">
<ele>1221.8</ele>
<time>2026-08-21T23:52:55.000Z</time>
</trkpt>
<trkpt lat="36.052397" lon="138.258923">
<ele>1222.6</ele>
<time>2026-08-21T23:53:01.000Z</time>
</trkpt>
<trkpt lat="36.052623" lon="138.259651">
<ele>1224.6</ele>
<time>2026-08-21T23:53:07.000Z</time>
</trkpt>
<trkpt lat="36.053035" lon="138.260385">
<ele>1226.8</ele>
<time>2026-08-21T23:53:13.000Z</time>
</trkpt>
<trkpt lat="36.053556" lon="138.261123">
<ele>1228.1</ele>
<time>2026-08-21T23:53:19.000Z</time>
</trkpt>
<trkpt lat="36.054096" lon="138.261864">
<ele>1228.4</ele>
<time>2026-08-21T23:53:25.000Z</time>
</trkpt>
<trkpt lat="36.05452" lon="138.262436">
<ele>1230.2</ele>
<time>2026-08-21T23:53:30.000Z</time>
</trkpt>
<trkpt lat="36.054903" lon="138.262563">
<ele>1237.3</ele>
<time>2026-08-21T23:53:35.000Z</time>
</trkpt>
<trkpt lat="36.055011" lon="138.262508">
<ele>1245.4</ele>
<time>2026-08-21T23:53:36.000Z</time>
</trkpt>
<trkpt lat="36.055473" lon="138.262318">
<ele>1249.4</ele>
<time>2026-08-21T23:53:41.000Z</time>
</trkpt>
<trkpt lat="36.055569" lon="138.262351">
<ele>1250.1</ele>
<time>2026-08-21T23:53:42.000Z</time>
</trkpt>
<trkpt lat="36.056028" lon="138.26253">
<ele>1255.2</ele>
<time>2026-08-21T23:53:47.000Z</time>
</trkpt>
<trkpt lat="36.056512" lon="138.26248">
<ele>1256.2</ele>
<time>2026-08-21T23:53:53.000Z</time>
</trkpt>
<trkpt lat="36.05706" lon="138.262586">
<ele>1259.8</ele>
<time>2026-08-21T23:53:59.000Z</time>
</trkpt>
<trkpt lat="36.057374" lon="138.262832">
<ele>1266.6</ele>
<time>2026-08-21T23:54:04.000Z</time>
</trkpt>
<trkpt lat="36.057372" lon="138.263004">
<ele>1273.3</ele>
<time>2026-08-21T23:54:06.000Z</time>
</trkpt>
<trkpt lat="36.057282" lon="138.263156">
<ele>1280</ele>
<time>2026-08-21T23:54:08.000Z</time>
</trkpt>
<trkpt lat="36.056876" lon="138.263439">
<ele>1282.3</ele>
<time>2026-08-21T23:54:14.000Z</time>
</trkpt>
<trkpt lat="36.056531" lon="138.263714">
<ele>1284.3</ele>
<time>2026-08-21T23:54:20.000Z</time>
</trkpt>
<trkpt lat="36.056447" lon="138.263872">
<ele>1289.9</ele>
<time>2026-08-21T23:54:22.000Z</time>
</trkpt>
<trkpt lat="36.056426" lon="138.264003">
<ele>1294</ele>
<time>2026-08-21T23:54:23.000Z</time>
</trkpt>
<trkpt lat="36.05639" lon="138.26481">
<ele>1295</ele>
<time>2026-08-21T23:54:29.000Z</time>
</trkpt>
<trkpt lat="36.056275" lon="138.265621">
<ele>1296.3</ele>
<time>2026-08-21T23:54:35.000Z</time>
</trkpt>
<trkpt lat="36.056178" lon="138.266227">
<ele>1303.4</ele>
<time>2026-08-21T23:54:40.000Z</time>
</trkpt>
<trkpt lat="36.056253" lon="138.266559">
<ele>1311.2</ele>
<time>2026-08-21T23:54:43.000Z</time>
</trkpt>
<trkpt lat="36.056387" lon="138.266743">
<ele>1316.6</ele>
<time>2026-08-21T23:54:45.000Z</time>
</trkpt>
<trkpt lat="36.056575" lon="138.266845">
<ele>1320.3</ele>
<time>2026-08-21T23:54:47.000Z</time>
</trkpt>
<trkpt lat="36.05712" lon="138.267063">
<ele>1322.7</ele>
<time>2026-08-21T23:54:52.000Z</time>
</trkpt>
<trkpt lat="36.057754" lon="138.267305">
<ele>1324.9</ele>
<time>2026-08-21T23:54:58.000Z</time>
</trkpt>
<trkpt lat="36.058378" lon="138.267581">
<ele>1329.7</ele>
<time>2026-08-21T23:55:04.000Z</time>
</trkpt>
<trkpt lat="36.059071" lon="138.267682">
<ele>1332.9</ele>
<time>2026-08-21T23:55:10.000Z</time>
</trkpt>
<trkpt lat="36.059664" lon="138.267775">
<ele>1335.6</ele>
<time>2026-08-21T23:55:15.000Z</time>
</trkpt>
<trkpt lat="36.059745" lon="138.267879">
<ele>1337.5</ele>
<time>2026-08-21T23:55:16.000Z</time>
</trkpt>
<trkpt lat="36.059862" lon="138.26849">
<ele>1339.7</ele>
<time>2026-08-21T23:55:22.000Z</time>
</trkpt>
<trkpt lat="36.059755" lon="138.268643">
<ele>1340.5</ele>
<time>2026-08-21T23:55:24.000Z</time>
</trkpt>
<trkpt lat="36.059243" lon="138.269197">
<ele>1344.2</ele>
<time>2026-08-21T23:55:30.000Z</time>
</trkpt>
<trkpt lat="36.059014" lon="138.269284">
<ele>1345.4</ele>
<time>2026-08-21T23:55:32.000Z</time>
</trkpt>
<trkpt lat="36.058294" lon="138.269296">
<ele>1349.4</ele>
<time>2026-08-21T23:55:38.000Z</time>
</trkpt>
<trkpt lat="36.057513" lon="138.269491">
<ele>1349.7</ele>
<time>2026-08-21T23:55:44.000Z</time>
</trkpt>
<trkpt lat="36.056905" lon="138.269586">
<ele>1351</ele>
<time>2026-08-21T23:55:49.000Z</time>
</trkpt>
<trkpt lat="36.056567" lon="138.269451">
<ele>1351.1</ele>
<time>2026-08-21T23:55:52.000Z</time>
</trkpt>
<trkpt lat="36.05589" lon="138.26902">
<ele>1354</ele>
<time>2026-08-21T23:55:58.000Z</time>
</trkpt>
<trkpt lat="36.055274" lon="138.268756">
<ele>1354.5</ele>
<time>2026-08-21T23:56:03.000Z</time>
</trkpt>
<trkpt lat="36.054639" lon="138.268377">
<ele>1357.8</ele>
<time>2026-08-21T23:56:09.000Z</time>
</trkpt>
<trkpt lat="36.05407" lon="138.268181">
<ele>1362.6</ele>
<time>2026-08-21T23:56:14.000Z</time>
</trkpt>
<trkpt lat="36.053968" lon="138.268218">
<ele>1363.7</ele>
<time>2026-08-21T23:56:15.000Z</time>
</trkpt>
<trkpt lat="36.053895" lon="138.268304">
<ele>1363.7</ele>
<time>2026-08-21T23:56:16.000Z</time>
</trkpt>
<trkpt lat="36.053849" lon="138.268555">
<ele>1363.7</ele>
<time>2026-08-21T23:56:18.000Z</time>
</trkpt>
<trkpt lat="36.053951" lon="138.268986">
<ele>1363.7</ele>
<time>2026-08-21T23:56:21.000Z</time>
</trkpt>
<trkpt lat="36.05413" lon="138.269618">
<ele>1365.1</ele>
<time>2026-08-21T23:56:26.000Z</time>
</trkpt>
<trkpt lat="36.054109" lon="138.269758">
<ele>1367.3</ele>
<time>2026-08-21T23:56:26.999Z</time>
</trkpt>
<trkpt lat="36.053952" lon="138.270491">
<ele>1371.3</ele>
<time>2026-08-21T23:56:32.000Z</time>
</trkpt>
<trkpt lat="36.053891" lon="138.271133">
<ele>1371.9</ele>
<time>2026-08-21T23:56:37.000Z</time>
</trkpt>
<trkpt lat="36.053931" lon="138.271715">
<ele>1375.1</ele>
<time>2026-08-21T23:56:42.000Z</time>
</trkpt>
<trkpt lat="36.053865" lon="138.271886">
<ele>1380.7</ele>
<time>2026-08-21T23:56:44.000Z</time>
</trkpt>
<trkpt lat="36.053831" lon="138.272415">
<ele>1384.7</ele>
<time>2026-08-21T23:56:50.000Z</time>
</trkpt>
<trkpt lat="36.053954" lon="138.272555">
<ele>1385.3</ele>
<time>2026-08-21T23:56:52.000Z</time>
</trkpt>
<trkpt lat="36.054377" lon="138.272697">
<ele>1385.8</ele>
<time>2026-08-21T23:56:58.000Z</time>
</trkpt>
<trkpt lat="36.054584" lon="138.272631">
<ele>1387.4</ele>
<time>2026-08-21T23:57:00.000Z</time>
</trkpt>
<trkpt lat="36.055155" lon="138.272407">
<ele>1389.2</ele>
<time>2026-08-21T23:57:05.000Z</time>
</trkpt>
<trkpt lat="36.055822" lon="138.272181">
<ele>1389.8</ele>
<time>2026-08-21T23:57:10.000Z</time>
</trkpt>
<trkpt lat="36.056622" lon="138.271894">
<ele>1391.8</ele>
<time>2026-08-21T23:57:16.000Z</time>
</trkpt>
<trkpt lat="36.057304" lon="138.271652">
<ele>1392.3</ele>
<time>2026-08-21T23:57:21.000Z</time>
</trkpt>
<trkpt lat="36.057852" lon="138.271594">
<ele>1392.3</ele>
<time>2026-08-21T23:57:26.000Z</time>
</trkpt>
<trkpt lat="36.057945" lon="138.271653">
<ele>1392.3</ele>
<time>2026-08-21T23:57:27.000Z</time>
</trkpt>
<trkpt lat="36.058399" lon="138.271939">
<ele>1392.1</ele>
<time>2026-08-21T23:57:32.000Z</time>
</trkpt>
<trkpt lat="36.058495" lon="138.271916">
<ele>1391.8</ele>
<time>2026-08-21T23:57:33.000Z</time>
</trkpt>
<trkpt lat="36.058582" lon="138.27184">
<ele>1388.4</ele>
<time>2026-08-21T23:57:34.000Z</time>
</trkpt>
<trkpt lat="36.05888" lon="138.271413">
<ele>1388.4</ele>
<time>2026-08-21T23:57:39.000Z</time>
</trkpt>
<trkpt lat="36.058985" lon="138.271367">
<ele>1388.4</ele>
<time>2026-08-21T23:57:40.000Z</time>
</trkpt>
<trkpt lat="36.059287" lon="138.271503">
<ele>1390.2</ele>
<time>2026-08-21T23:57:44.000Z</time>
</trkpt>
<trkpt lat="36.059354" lon="138.271613">
<ele>1391.1</ele>
<time>2026-08-21T23:57:45.000Z</time>
</trkpt>
<trkpt lat="36.059465" lon="138.272385">
<ele>1393.4</ele>
<time>2026-08-21T23:57:51.000Z</time>
</trkpt>
<trkpt lat="36.059596" lon="138.273136">
<ele>1393.7</ele>
<time>2026-08-21T23:57:56.000Z</time>
</trkpt>
<trkpt lat="36.060011" lon="138.273845">
<ele>1400.5</ele>
<time>2026-08-21T23:58:02.000Z</time>
</trkpt>
<trkpt lat="36.060461" lon="138.274617">
<ele>1406.1</ele>
<time>2026-08-21T23:58:08.000Z</time>
</trkpt>
<trkpt lat="36.060842" lon="138.275258">
<ele>1413.8</ele>
<time>2026-08-21T23:58:13.000Z</time>
</trkpt>
<trkpt lat="36.061191" lon="138.275985">
<ele>1422.1</ele>
<time>2026-08-21T23:58:18.000Z</time>
</trkpt>
<trkpt lat="36.061457" lon="138.276726">
<ele>1429.8</ele>
<time>2026-08-21T23:58:23.000Z</time>
</trkpt>
<trkpt lat="36.061757" lon="138.277608">
<ele>1436.9</ele>
<time>2026-08-21T23:58:29.000Z</time>
</trkpt>
<trkpt lat="36.062028" lon="138.278338">
<ele>1442.1</ele>
<time>2026-08-21T23:58:34.000Z</time>
</trkpt>
<trkpt lat="36.062346" lon="138.279245">
<ele>1449.5</ele>
<time>2026-08-21T23:58:40.000Z</time>
</trkpt>
<trkpt lat="36.062661" lon="138.280187">
<ele>1457.2</ele>
<time>2026-08-21T23:58:46.000Z</time>
</trkpt>
<trkpt lat="36.062934" lon="138.281216">
<ele>1461.4</ele>
<time>2026-08-21T23:58:52.000Z</time>
</trkpt>
<trkpt lat="36.063139" lon="138.28212">
<ele>1468.6</ele>
<time>2026-08-21T23:58:57.000Z</time>
</trkpt>
<trkpt lat="36.063329" lon="138.282942">
<ele>1474</ele>
<time>2026-08-21T23:59:02.000Z</time>
</trkpt>
<trkpt lat="36.06339" lon="138.283729">
<ele>1476.7</ele>
<time>2026-08-21T23:59:07.000Z</time>
</trkpt>
<trkpt lat="36.063297" lon="138.284416">
<ele>1479.3</ele>
<time>2026-08-21T23:59:12.000Z</time>
</trkpt>
<trkpt lat="36.063097" lon="138.284755">
<ele>1482</ele>
<time>2026-08-21T23:59:15.000Z</time>
</trkpt>
<trkpt lat="36.062706" lon="138.285024">
<ele>1486.9</ele>
<time>2026-08-21T23:59:19.000Z</time>
</trkpt>
<trkpt lat="36.061936" lon="138.285138">
<ele>1489</ele>
<time>2026-08-21T23:59:25.000Z</time>
</trkpt>
<trkpt lat="36.06127" lon="138.285397">
<ele>1492.2</ele>
<time>2026-08-21T23:59:30.000Z</time>
</trkpt>
<trkpt lat="36.060926" lon="138.285821">
<ele>1494.2</ele>
<time>2026-08-21T23:59:35.000Z</time>
</trkpt>
<trkpt lat="36.060933" lon="138.28593">
<ele>1495.3</ele>
<time>2026-08-21T23:59:36.000Z</time>
</trkpt>
<trkpt lat="36.061197" lon="138.286487">
<ele>1495.7</ele>
<time>2026-08-21T23:59:41.000Z</time>
</trkpt>
<trkpt lat="36.061455" lon="138.286717">
<ele>1496</ele>
<time>2026-08-21T23:59:44.000Z</time>
</trkpt>
<trkpt lat="36.061799" lon="138.286768">
<ele>1496.9</ele>
<time>2026-08-21T23:59:47.000Z</time>
</trkpt>
<trkpt lat="36.062587" lon="138.286777">
<ele>1498</ele>
<time>2026-08-21T23:59:53.000Z</time>
</trkpt>
<trkpt lat="36.063129" lon="138.287001">
<ele>1500.3</ele>
<time>2026-08-21T23:59:58.000Z</time>
</trkpt>
<trkpt lat="36.063198" lon="138.287112">
<ele>1507.4</ele>
<time>2026-08-21T23:59:59.000Z</time>
</trkpt>
<trkpt lat="36.063318" lon="138.287972">
<ele>1511</ele>
<time>2026-08-22T00:00:05.000Z</time>
</trkpt>
<trkpt lat="36.06337" lon="138.288727">
<ele>1511.9</ele>
<time>2026-08-22T00:00:10.000Z</time>
</trkpt>
<trkpt lat="36.063564" lon="138.289121">
<ele>1515.8</ele>
<time>2026-08-22T00:00:14.000Z</time>
</trkpt>
<trkpt lat="36.063656" lon="138.289163">
<ele>1518.4</ele>
<time>2026-08-22T00:00:15.000Z</time>
</trkpt>
<trkpt lat="36.064347" lon="138.289081">
<ele>1521</ele>
<time>2026-08-22T00:00:21.000Z</time>
</trkpt>
<trkpt lat="36.065071" lon="138.289128">
<ele>1521.4</ele>
<time>2026-08-22T00:00:27.000Z</time>
</trkpt>
<trkpt lat="36.065658" lon="138.289344">
<ele>1525</ele>
<time>2026-08-22T00:00:32.000Z</time>
</trkpt>
<trkpt lat="36.06612" lon="138.289582">
<ele>1530.6</ele>
<time>2026-08-22T00:00:37.000Z</time>
</trkpt>
<trkpt lat="36.066488" lon="138.290011">
<ele>1535.4</ele>
<time>2026-08-22T00:00:42.000Z</time>
</trkpt>
<trkpt lat="36.066864" lon="138.290508">
<ele>1539.7</ele>
<time>2026-08-22T00:00:47.000Z</time>
</trkpt>
<trkpt lat="36.067153" lon="138.290898">
<ele>1544.2</ele>
<time>2026-08-22T00:00:52.000Z</time>
</trkpt>
<trkpt lat="36.067339" lon="138.291362">
<ele>1549.3</ele>
<time>2026-08-22T00:00:59.000Z</time>
</trkpt>
<trkpt lat="36.067539" lon="138.292077">
<ele>1554.1</ele>
<time>2026-08-22T00:01:05.000Z</time>
</trkpt>
<trkpt lat="36.067826" lon="138.292452">
<ele>1558.2</ele>
<time>2026-08-22T00:01:10.000Z</time>
</trkpt>
<trkpt lat="36.067919" lon="138.292481">
<ele>1564.1</ele>
<time>2026-08-22T00:01:11.000Z</time>
</trkpt>
<trkpt lat="36.068592" lon="138.292685">
<ele>1567.9</ele>
<time>2026-08-22T00:01:17.000Z</time>
</trkpt>
<trkpt lat="36.069306" lon="138.292839">
<ele>1568.7</ele>
<time>2026-08-22T00:01:23.000Z</time>
</trkpt>
<trkpt lat="36.070109" lon="138.292931">
<ele>1576.2</ele>
<time>2026-08-22T00:01:29.000Z</time>
</trkpt>
<trkpt lat="36.070724" lon="138.292955">
<ele>1580.6</ele>
<time>2026-08-22T00:01:34.000Z</time>
</trkpt>
<trkpt lat="36.071216" lon="138.292824">
<ele>1582.1</ele>
<time>2026-08-22T00:01:40.000Z</time>
</trkpt>
<trkpt lat="36.071322" lon="138.29269">
<ele>1582.2</ele>
<time>2026-08-22T00:01:42.000Z</time>
</trkpt>
<trkpt lat="36.071637" lon="138.29198">
<ele>1583.5</ele>
<time>2026-08-22T00:01:48.000Z</time>
</trkpt>
<trkpt lat="36.07207" lon="138.291508">
<ele>1583.7</ele>
<time>2026-08-22T00:01:53.000Z</time>
</trkpt>
<trkpt lat="36.072243" lon="138.291019">
<ele>1585.7</ele>
<time>2026-08-22T00:01:57.000Z</time>
</trkpt>
<trkpt lat="36.072429" lon="138.290102">
<ele>1586.4</ele>
<time>2026-08-22T00:02:03.000Z</time>
</trkpt>
<trkpt lat="36.072769" lon="138.289396">
<ele>1587.4</ele>
<time>2026-08-22T00:02:08.000Z</time>
</trkpt>
<trkpt lat="36.073221" lon="138.288962">
<ele>1589.7</ele>
<time>2026-08-22T00:02:13.000Z</time>
</trkpt>
<trkpt lat="36.073429" lon="138.288916">
<ele>1592.6</ele>
<time>2026-08-22T00:02:15.000Z</time>
</trkpt>
<trkpt lat="36.073722" lon="138.289015">
<ele>1595</ele>
<time>2026-08-22T00:02:18.000Z</time>
</trkpt>
<trkpt lat="36.0742" lon="138.28932">
<ele>1596</ele>
<time>2026-08-22T00:02:23.000Z</time>
</trkpt>
<trkpt lat="36.074779" lon="138.289546">
<ele>1596.7</ele>
<time>2026-08-22T00:02:29.000Z</time>
</trkpt>
<trkpt lat="36.075101" lon="138.289497">
<ele>1598.1</ele>
<time>2026-08-22T00:02:32.000Z</time>
</trkpt>
<trkpt lat="36.07562" lon="138.289266">
<ele>1599.2</ele>
<time>2026-08-22T00:02:37.000Z</time>
</trkpt>
<trkpt lat="36.075991" lon="138.289312">
<ele>1599.6</ele>
<time>2026-08-22T00:02:41.000Z</time>
</trkpt>
<trkpt lat="36.076067" lon="138.289389">
<ele>1601.5</ele>
<time>2026-08-22T00:02:42.000Z</time>
</trkpt>
<trkpt lat="36.076393" lon="138.28993">
<ele>1602.9</ele>
<time>2026-08-22T00:02:47.000Z</time>
</trkpt>
<trkpt lat="36.076857" lon="138.290604">
<ele>1603.1</ele>
<time>2026-08-22T00:02:53.000Z</time>
</trkpt>
<trkpt lat="36.077271" lon="138.291107">
<ele>1604.5</ele>
<time>2026-08-22T00:02:58.000Z</time>
</trkpt>
<trkpt lat="36.077586" lon="138.29125">
<ele>1607.4</ele>
<time>2026-08-22T00:03:01.000Z</time>
</trkpt>
<trkpt lat="36.078091" lon="138.291542">
<ele>1610.1</ele>
<time>2026-08-22T00:03:06.000Z</time>
</trkpt>
<trkpt lat="36.078504" lon="138.291986">
<ele>1612.3</ele>
<time>2026-08-22T00:03:11.000Z</time>
</trkpt>
<trkpt lat="36.078955" lon="138.292534">
<ele>1615.3</ele>
<time>2026-08-22T00:03:17.000Z</time>
</trkpt>
<trkpt lat="36.079361" lon="138.293254">
<ele>1616.7</ele>
<time>2026-08-22T00:03:23.000Z</time>
</trkpt>
<trkpt lat="36.079685" lon="138.293683">
<ele>1620.5</ele>
<time>2026-08-22T00:03:28.000Z</time>
</trkpt>
<trkpt lat="36.079832" lon="138.293667">
<ele>1624.1</ele>
<time>2026-08-22T00:03:30.000Z</time>
</trkpt>
<trkpt lat="36.079942" lon="138.293531">
<ele>1626.4</ele>
<time>2026-08-22T00:03:32.000Z</time>
</trkpt>
<trkpt lat="36.080304" lon="138.292835">
<ele>1627.8</ele>
<time>2026-08-22T00:03:38.000Z</time>
</trkpt>
<trkpt lat="36.080653" lon="138.292154">
<ele>1629.1</ele>
<time>2026-08-22T00:03:44.000Z</time>
</trkpt>
<trkpt lat="36.080953" lon="138.291746">
<ele>1634.9</ele>
<time>2026-08-22T00:03:49.000Z</time>
</trkpt>
<trkpt lat="36.081063" lon="138.291715">
<ele>1640</ele>
<time>2026-08-22T00:03:50.000Z</time>
</trkpt>
<trkpt lat="36.081667" lon="138.291965">
<ele>1642.8</ele>
<time>2026-08-22T00:03:56.000Z</time>
</trkpt>
<trkpt lat="36.082202" lon="138.292286">
<ele>1643.7</ele>
<time>2026-08-22T00:04:01.000Z</time>
</trkpt>
<trkpt lat="36.082312" lon="138.292287">
<ele>1648.7</ele>
<time>2026-08-22T00:04:02.000Z</time>
</trkpt>
<trkpt lat="36.08294" lon="138.291947">
<ele>1649.4</ele>
<time>2026-08-22T00:04:08.000Z</time>
</trkpt>
<trkpt lat="36.083306" lon="138.291453">
<ele>1649.7</ele>
<time>2026-08-22T00:04:14.000Z</time>
</trkpt>
<trkpt lat="36.083312" lon="138.29131">
<ele>1649.7</ele>
<time>2026-08-22T00:04:15.000Z</time>
</trkpt>
<trkpt lat="36.083349" lon="138.290518">
<ele>1650.6</ele>
<time>2026-08-22T00:04:21.000Z</time>
</trkpt>
<trkpt lat="36.083425" lon="138.289542">
<ele>1650.9</ele>
<time>2026-08-22T00:04:27.000Z</time>
</trkpt>
<trkpt lat="36.083438" lon="138.288791">
<ele>1656.5</ele>
<time>2026-08-22T00:04:32.000Z</time>
</trkpt>
<trkpt lat="36.083391" lon="138.288668">
<ele>1663.4</ele>
<time>2026-08-22T00:04:33.000Z</time>
</trkpt>
<trkpt lat="36.083115" lon="138.288203">
<ele>1668.3</ele>
<time>2026-08-22T00:04:38.000Z</time>
</trkpt>
<trkpt lat="36.082791" lon="138.28763">
<ele>1668.7</ele>
<time>2026-08-22T00:04:44.000Z</time>
</trkpt>
<trkpt lat="36.082498" lon="138.287284">
<ele>1672.7</ele>
<time>2026-08-22T00:04:49.000Z</time>
</trkpt>
<trkpt lat="36.082344" lon="138.287315">
<ele>1679.1</ele>
<time>2026-08-22T00:04:51.000Z</time>
</trkpt>
<trkpt lat="36.08189" lon="138.287442">
<ele>1682.4</ele>
<time>2026-08-22T00:04:56.000Z</time>
</trkpt>
<trkpt lat="36.081789" lon="138.287383">
<ele>1684.5</ele>
<time>2026-08-22T00:04:57.000Z</time>
</trkpt>
<trkpt lat="36.081737" lon="138.287263">
<ele>1687.5</ele>
<time>2026-08-22T00:04:58.000Z</time>
</trkpt>
<trkpt lat="36.08159" lon="138.286817">
<ele>1688.4</ele>
<time>2026-08-22T00:05:03.000Z</time>
</trkpt>
<trkpt lat="36.081586" lon="138.286275">
<ele>1689</ele>
<time>2026-08-22T00:05:09.000Z</time>
</trkpt>
<trkpt lat="36.081596" lon="138.285564">
<ele>1689.6</ele>
<time>2026-08-22T00:05:14.000Z</time>
</trkpt>
<trkpt lat="36.081805" lon="138.285043">
<ele>1692.1</ele>
<time>2026-08-22T00:05:19.000Z</time>
</trkpt>
<trkpt lat="36.0819" lon="138.284985">
<ele>1695.7</ele>
<time>2026-08-22T00:05:20.000Z</time>
</trkpt>
<trkpt lat="36.082396" lon="138.284798">
<ele>1698</ele>
<time>2026-08-22T00:05:25.000Z</time>
</trkpt>
<trkpt lat="36.082451" lon="138.284707">
<ele>1698.8</ele>
<time>2026-08-22T00:05:26.000Z</time>
</trkpt>
<trkpt lat="36.082742" lon="138.284077">
<ele>1700</ele>
<time>2026-08-22T00:05:32.000Z</time>
</trkpt>
<trkpt lat="36.08275" lon="138.283951">
<ele>1701.1</ele>
<time>2026-08-22T00:05:33.000Z</time>
</trkpt>
<trkpt lat="36.082797" lon="138.283065">
<ele>1704.7</ele>
<time>2026-08-22T00:05:39.000Z</time>
</trkpt>
<trkpt lat="36.083144" lon="138.282237">
<ele>1705.5</ele>
<time>2026-08-22T00:05:45.000Z</time>
</trkpt>
<trkpt lat="36.083484" lon="138.281586">
<ele>1709.4</ele>
<time>2026-08-22T00:05:50.000Z</time>
</trkpt>
<trkpt lat="36.084056" lon="138.281066">
<ele>1714.7</ele>
<time>2026-08-22T00:05:56.000Z</time>
</trkpt>
<trkpt lat="36.084553" lon="138.28065">
<ele>1721.2</ele>
<time>2026-08-22T00:06:01.000Z</time>
</trkpt>
<trkpt lat="36.085129" lon="138.280183">
<ele>1726.5</ele>
<time>2026-08-22T00:06:07.000Z</time>
</trkpt>
<trkpt lat="36.085754" lon="138.27966">
<ele>1731.1</ele>
<time>2026-08-22T00:06:13.000Z</time>
</trkpt>
<trkpt lat="36.086252" lon="138.279239">
<ele>1736.9</ele>
<time>2026-08-22T00:06:18.000Z</time>
</trkpt>
<trkpt lat="36.086751" lon="138.278808">
<ele>1744.6</ele>
<time>2026-08-22T00:06:23.000Z</time>
</trkpt>
<trkpt lat="36.087424" lon="138.278315">
<ele>1750.4</ele>
<time>2026-08-22T00:06:29.000Z</time>
</trkpt>
<trkpt lat="36.088107" lon="138.27796">
<ele>1755.6</ele>
<time>2026-08-22T00:06:35.000Z</time>
</trkpt>
<trkpt lat="36.088866" lon="138.277578">
<ele>1755.6</ele>
<time>2026-08-22T00:06:41.000Z</time>
</trkpt>
<trkpt lat="36.089636" lon="138.277118">
<ele>1755.6</ele>
<time>2026-08-22T00:06:47.000Z</time>
</trkpt>
<trkpt lat="36.090388" lon="138.276404">
<ele>1753.9</ele>
<time>2026-08-22T00:06:53.000Z</time>
</trkpt>
<trkpt lat="36.091037" lon="138.275774">
<ele>1748.9</ele>
<time>2026-08-22T00:06:58.000Z</time>
</trkpt>
<trkpt lat="36.09169" lon="138.275156">
<ele>1742.6</ele>
<time>2026-08-22T00:07:03.000Z</time>
</trkpt>
<trkpt lat="36.092444" lon="138.274423">
<ele>1737.1</ele>
<time>2026-08-22T00:07:09.000Z</time>
</trkpt>
<trkpt lat="36.093023" lon="138.273938">
<ele>1734.9</ele>
<time>2026-08-22T00:07:14.000Z</time>
</trkpt>
<trkpt lat="36.093139" lon="138.273916">
<ele>1728</ele>
<time>2026-08-22T00:07:15.000Z</time>
</trkpt>
<trkpt lat="36.093572" lon="138.274104">
<ele>1724</ele>
<time>2026-08-22T00:07:19.000Z</time>
</trkpt>
<trkpt lat="36.093642" lon="138.274217">
<ele>1723.6</ele>
<time>2026-08-22T00:07:20.000Z</time>
</trkpt>
<trkpt lat="36.093693" lon="138.274752">
<ele>1721.8</ele>
<time>2026-08-22T00:07:24.000Z</time>
</trkpt>
<trkpt lat="36.093524" lon="138.275632">
<ele>1721.1</ele>
<time>2026-08-22T00:07:30.000Z</time>
</trkpt>
<trkpt lat="36.093395" lon="138.276413">
<ele>1719.3</ele>
<time>2026-08-22T00:07:35.000Z</time>
</trkpt>
<trkpt lat="36.093373" lon="138.277114">
<ele>1717.3</ele>
<time>2026-08-22T00:07:40.000Z</time>
</trkpt>
<trkpt lat="36.093429" lon="138.277218">
<ele>1715.6</ele>
<time>2026-08-22T00:07:41.000Z</time>
</trkpt>
<trkpt lat="36.093707" lon="138.277401">
<ele>1712.4</ele>
<time>2026-08-22T00:07:44.000Z</time>
</trkpt>
<trkpt lat="36.094312" lon="138.277431">
<ele>1711.6</ele>
<time>2026-08-22T00:07:49.000Z</time>
</trkpt>
<trkpt lat="36.094611" lon="138.277285">
<ele>1709.7</ele>
<time>2026-08-22T00:07:52.000Z</time>
</trkpt>
<trkpt lat="36.095046" lon="138.276752">
<ele>1707.6</ele>
<time>2026-08-22T00:07:58.000Z</time>
</trkpt>
<trkpt lat="36.095376" lon="138.275916">
<ele>1706</ele>
<time>2026-08-22T00:08:04.000Z</time>
</trkpt>
<trkpt lat="36.095753" lon="138.274945">
<ele>1702.2</ele>
<time>2026-08-22T00:08:10.000Z</time>
</trkpt>
<trkpt lat="36.096077" lon="138.274123">
<ele>1696.3</ele>
<time>2026-08-22T00:08:15.000Z</time>
</trkpt>
<trkpt lat="36.096111" lon="138.273362">
<ele>1688.5</ele>
<time>2026-08-22T00:08:21.000Z</time>
</trkpt>
<trkpt lat="36.096034" lon="138.273277">
<ele>1683.1</ele>
<time>2026-08-22T00:08:22.000Z</time>
</trkpt>
<trkpt lat="36.095426" lon="138.272864">
<ele>1678.4</ele>
<time>2026-08-22T00:08:28.000Z</time>
</trkpt>
<trkpt lat="36.095285" lon="138.272634">
<ele>1677.8</ele>
<time>2026-08-22T00:08:30.000Z</time>
</trkpt>
<trkpt lat="36.095013" lon="138.27165">
<ele>1673.9</ele>
<time>2026-08-22T00:08:36.000Z</time>
</trkpt>
<trkpt lat="36.094713" lon="138.270477">
<ele>1672.3</ele>
<time>2026-08-22T00:08:42.000Z</time>
</trkpt>
<trkpt lat="36.094725" lon="138.269524">
<ele>1664.3</ele>
<time>2026-08-22T00:08:47.000Z</time>
</trkpt>
<trkpt lat="36.095068" lon="138.268512">
<ele>1657.1</ele>
<time>2026-08-22T00:08:53.000Z</time>
</trkpt>
<trkpt lat="36.095453" lon="138.267449">
<ele>1655.7</ele>
<time>2026-08-22T00:08:59.000Z</time>
</trkpt>
<trkpt lat="36.095766" lon="138.266574">
<ele>1654.3</ele>
<time>2026-08-22T00:09:04.000Z</time>
</trkpt>
<trkpt lat="36.096073" lon="138.265717">
<ele>1652.7</ele>
<time>2026-08-22T00:09:09.000Z</time>
</trkpt>
<trkpt lat="36.096384" lon="138.26486">
<ele>1652.2</ele>
<time>2026-08-22T00:09:14.000Z</time>
</trkpt>
<trkpt lat="36.096681" lon="138.264028">
<ele>1649</ele>
<time>2026-08-22T00:09:19.000Z</time>
</trkpt>
<trkpt lat="36.096971" lon="138.263217">
<ele>1645.4</ele>
<time>2026-08-22T00:09:24.000Z</time>
</trkpt>
<trkpt lat="36.097342" lon="138.262211">
<ele>1640</ele>
<time>2026-08-22T00:09:30.000Z</time>
</trkpt>
<trkpt lat="36.097749" lon="138.261066">
<ele>1635.3</ele>
<time>2026-08-22T00:09:36.000Z</time>
</trkpt>
<trkpt lat="36.098169" lon="138.259881">
<ele>1626.5</ele>
<time>2026-08-22T00:09:42.000Z</time>
</trkpt>
<trkpt lat="36.098617" lon="138.258645">
<ele>1616.5</ele>
<time>2026-08-22T00:09:48.000Z</time>
</trkpt>
<trkpt lat="36.099002" lon="138.257563">
<ele>1605.5</ele>
<time>2026-08-22T00:09:53.000Z</time>
</trkpt>
<trkpt lat="36.099268" lon="138.256408">
<ele>1593</ele>
<time>2026-08-22T00:09:58.000Z</time>
</trkpt>
<trkpt lat="36.099521" lon="138.25525">
<ele>1584.3</ele>
<time>2026-08-22T00:10:03.000Z</time>
</trkpt>
<trkpt lat="36.099764" lon="138.254154">
<ele>1576.5</ele>
<time>2026-08-22T00:10:08.000Z</time>
</trkpt>
<trkpt lat="36.099997" lon="138.253116">
<ele>1568.4</ele>
<time>2026-08-22T00:10:13.000Z</time>
</trkpt>
<trkpt lat="36.100214" lon="138.252126">
<ele>1563.6</ele>
<time>2026-08-22T00:10:18.000Z</time>
</trkpt>
<trkpt lat="36.10043" lon="138.251151">
<ele>1559.2</ele>
<time>2026-08-22T00:10:23.000Z</time>
</trkpt>
<trkpt lat="36.100632" lon="138.250218">
<ele>1553.3</ele>
<time>2026-08-22T00:10:28.000Z</time>
</trkpt>
<trkpt lat="36.100819" lon="138.249371">
<ele>1547.2</ele>
<time>2026-08-22T00:10:33.000Z</time>
</trkpt>
<trkpt lat="36.101044" lon="138.248349">
<ele>1541.9</ele>
<time>2026-08-22T00:10:39.000Z</time>
</trkpt>
<trkpt lat="36.101421" lon="138.247425">
<ele>1537.6</ele>
<time>2026-08-22T00:10:45.000Z</time>
</trkpt>
<trkpt lat="36.10154" lon="138.247334">
<ele>1533.6</ele>
<time>2026-08-22T00:10:46.000Z</time>
</trkpt>
<trkpt lat="36.102367" lon="138.247055">
<ele>1525</ele>
<time>2026-08-22T00:10:52.000Z</time>
</trkpt>
<trkpt lat="36.103062" lon="138.246862">
<ele>1524.8</ele>
<time>2026-08-22T00:10:57.000Z</time>
</trkpt>
<trkpt lat="36.103939" lon="138.246603">
<ele>1523.7</ele>
<time>2026-08-22T00:11:03.000Z</time>
</trkpt>
<trkpt lat="36.104728" lon="138.246371">
<ele>1522.8</ele>
<time>2026-08-22T00:11:08.000Z</time>
</trkpt>
<trkpt lat="36.105482" lon="138.246141">
<ele>1515.9</ele>
<time>2026-08-22T00:11:13.000Z</time>
</trkpt>
<trkpt lat="36.106168" lon="138.245862">
<ele>1511.1</ele>
<time>2026-08-22T00:11:18.000Z</time>
</trkpt>
<trkpt lat="36.106832" lon="138.24554">
<ele>1508.3</ele>
<time>2026-08-22T00:11:23.000Z</time>
</trkpt>
<trkpt lat="36.107416" lon="138.24549">
<ele>1505</ele>
<time>2026-08-22T00:11:28.000Z</time>
</trkpt>
<trkpt lat="36.107515" lon="138.245579">
<ele>1500.2</ele>
<time>2026-08-22T00:11:29.000Z</time>
</trkpt>
<trkpt lat="36.108053" lon="138.246083">
<ele>1494.6</ele>
<time>2026-08-22T00:11:34.000Z</time>
</trkpt>
<trkpt lat="36.1084" lon="138.246157">
<ele>1493.4</ele>
<time>2026-08-22T00:11:37.000Z</time>
</trkpt>
<trkpt lat="36.109251" lon="138.246006">
<ele>1486.9</ele>
<time>2026-08-22T00:11:43.000Z</time>
</trkpt>
<trkpt lat="36.110181" lon="138.245819">
<ele>1484.6</ele>
<time>2026-08-22T00:11:49.000Z</time>
</trkpt>
<trkpt lat="36.110948" lon="138.245684">
<ele>1478.3</ele>
<time>2026-08-22T00:11:54.000Z</time>
</trkpt>
<trkpt lat="36.111346" lon="138.245551">
<ele>1470</ele>
<time>2026-08-22T00:11:59.000Z</time>
</trkpt>
<trkpt lat="36.11142" lon="138.245477">
<ele>1462.1</ele>
<time>2026-08-22T00:12:04.000Z</time>
</trkpt>
<trkpt lat="36.111506" lon="138.245122">
<ele>1456.9</ele>
<time>2026-08-22T00:12:11.000Z</time>
</trkpt>
<trkpt lat="36.111408" lon="138.244974">
<ele>1455.8</ele>
<time>2026-08-22T00:12:13.000Z</time>
</trkpt>
<trkpt lat="36.110999" lon="138.244367">
<ele>1451.8</ele>
<time>2026-08-22T00:12:19.000Z</time>
</trkpt>
<trkpt lat="36.11062" lon="138.243774">
<ele>1450.2</ele>
<time>2026-08-22T00:12:24.000Z</time>
</trkpt>
<trkpt lat="36.110298" lon="138.243211">
<ele>1442.6</ele>
<time>2026-08-22T00:12:29.000Z</time>
</trkpt>
<trkpt lat="36.110253" lon="138.242672">
<ele>1434.5</ele>
<time>2026-08-22T00:12:34.000Z</time>
</trkpt>
<trkpt lat="36.110313" lon="138.242521">
<ele>1426.9</ele>
<time>2026-08-22T00:12:36.000Z</time>
</trkpt>
<trkpt lat="36.110388" lon="138.242427">
<ele>1421.7</ele>
<time>2026-08-22T00:12:47.000Z</time>
</trkpt>
<trkpt lat="36.110628" lon="138.242058">
<ele>1420.9</ele>
<time>2026-08-22T00:12:53.000Z</time>
</trkpt>
<trkpt lat="36.110965" lon="138.241504">
<ele>1420.8</ele>
<time>2026-08-22T00:12:59.000Z</time>
</trkpt>
<trkpt lat="36.111284" lon="138.240995">
<ele>1419.5</ele>
<time>2026-08-22T00:13:04.000Z</time>
</trkpt>
<trkpt lat="36.111545" lon="138.240404">
<ele>1419.5</ele>
<time>2026-08-22T00:13:10.000Z</time>
</trkpt>
<trkpt lat="36.111546" lon="138.240261">
<ele>1419.5</ele>
<time>2026-08-22T00:13:11.000Z</time>
</trkpt>
<trkpt lat="36.111275" lon="138.239725">
<ele>1420.5</ele>
<time>2026-08-22T00:13:16.000Z</time>
</trkpt>
<trkpt lat="36.110966" lon="138.239113">
<ele>1421</ele>
<time>2026-08-22T00:13:21.000Z</time>
</trkpt>
<trkpt lat="36.110841" lon="138.238398">
<ele>1425</ele>
<time>2026-08-22T00:13:26.000Z</time>
</trkpt>
<trkpt lat="36.110661" lon="138.237428">
<ele>1430.6</ele>
<time>2026-08-22T00:13:32.000Z</time>
</trkpt>
<trkpt lat="36.110466" lon="138.236388">
<ele>1435.2</ele>
<time>2026-08-22T00:13:38.000Z</time>
</trkpt>
<trkpt lat="36.110298" lon="138.235485">
<ele>1436.8</ele>
<time>2026-08-22T00:13:43.000Z</time>
</trkpt>
<trkpt lat="36.110173" lon="138.234853">
<ele>1437.5</ele>
<time>2026-08-22T00:13:48.000Z</time>
</trkpt>
<trkpt lat="36.110132" lon="138.234693">
<ele>1439.8</ele>
<time>2026-08-22T00:14:15.087Z</time>
</trkpt>
<trkpt lat="36.110109" lon="138.234556">
<ele>1441.7</ele>
<time>2026-08-22T00:14:39.000Z</time>
</trkpt>
<trkpt lat="36.109999" lon="138.234148">
<ele>1444.6</ele>
<time>2026-08-22T00:14:46.000Z</time>
</trkpt>
<trkpt lat="36.109749" lon="138.233787">
<ele>1445.1</ele>
<time>2026-08-22T00:14:50.000Z</time>
</trkpt>
<trkpt lat="36.10906" lon="138.233199">
<ele>1446</ele>
<time>2026-08-22T00:14:56.000Z</time>
</trkpt>
<trkpt lat="36.108281" lon="138.232531">
<ele>1448.1</ele>
<time>2026-08-22T00:15:02.000Z</time>
</trkpt>
<trkpt lat="36.107611" lon="138.231954">
<ele>1452.6</ele>
<time>2026-08-22T00:15:07.000Z</time>
</trkpt>
<trkpt lat="36.107145" lon="138.231394">
<ele>1457.4</ele>
<time>2026-08-22T00:15:12.000Z</time>
</trkpt>
<trkpt lat="36.107105" lon="138.231252">
<ele>1461.4</ele>
<time>2026-08-22T00:15:13.000Z</time>
</trkpt>
<trkpt lat="36.106891" lon="138.230271">
<ele>1465.2</ele>
<time>2026-08-22T00:15:19.000Z</time>
</trkpt>
<trkpt lat="36.106765" lon="138.229412">
<ele>1465.9</ele>
<time>2026-08-22T00:15:24.000Z</time>
</trkpt>
<trkpt lat="36.106819" lon="138.22864">
<ele>1470.1</ele>
<time>2026-08-22T00:15:29.000Z</time>
</trkpt>
<trkpt lat="36.106836" lon="138.22785">
<ele>1475.6</ele>
<time>2026-08-22T00:15:34.000Z</time>
</trkpt>
<trkpt lat="36.106738" lon="138.227556">
<ele>1480.5</ele>
<time>2026-08-22T00:15:36.000Z</time>
</trkpt>
<trkpt lat="36.106243" lon="138.226979">
<ele>1485.3</ele>
<time>2026-08-22T00:15:41.000Z</time>
</trkpt>
<trkpt lat="36.105836" lon="138.226352">
<ele>1487.2</ele>
<time>2026-08-22T00:15:46.000Z</time>
</trkpt>
<trkpt lat="36.105582" lon="138.225285">
<ele>1491.8</ele>
<time>2026-08-22T00:15:52.000Z</time>
</trkpt>
<trkpt lat="36.105022" lon="138.2242">
<ele>1494.2</ele>
<time>2026-08-22T00:15:58.000Z</time>
</trkpt>
<trkpt lat="36.104706" lon="138.223296">
<ele>1498.4</ele>
<time>2026-08-22T00:16:03.000Z</time>
</trkpt>
<trkpt lat="36.104608" lon="138.22217">
<ele>1503.6</ele>
<time>2026-08-22T00:16:09.000Z</time>
</trkpt>
<trkpt lat="36.104367" lon="138.221284">
<ele>1507.4</ele>
<time>2026-08-22T00:16:14.000Z</time>
</trkpt>
<trkpt lat="36.104105" lon="138.220535">
<ele>1511.2</ele>
<time>2026-08-22T00:16:19.000Z</time>
</trkpt>
<trkpt lat="36.104009" lon="138.220452">
<ele>1516.3</ele>
<time>2026-08-22T00:16:20.000Z</time>
</trkpt>
<trkpt lat="36.103892" lon="138.22045">
<ele>1520.7</ele>
<time>2026-08-22T00:16:21.000Z</time>
</trkpt>
<trkpt lat="36.103167" lon="138.22074">
<ele>1521.2</ele>
<time>2026-08-22T00:16:27.000Z</time>
</trkpt>
<trkpt lat="36.102707" lon="138.220688">
<ele>1522.3</ele>
<time>2026-08-22T00:16:31.000Z</time>
</trkpt>
<trkpt lat="36.102622" lon="138.220581">
<ele>1527.4</ele>
<time>2026-08-22T00:16:32.000Z</time>
</trkpt>
<trkpt lat="36.102156" lon="138.219722">
<ele>1528.9</ele>
<time>2026-08-22T00:16:38.000Z</time>
</trkpt>
<trkpt lat="36.101838" lon="138.218854">
<ele>1528.9</ele>
<time>2026-08-22T00:16:43.000Z</time>
</trkpt>
<trkpt lat="36.1015" lon="138.218184">
<ele>1532.4</ele>
<time>2026-08-22T00:16:48.000Z</time>
</trkpt>
<trkpt lat="36.1014" lon="138.218122">
<ele>1534.9</ele>
<time>2026-08-22T00:16:49.000Z</time>
</trkpt>
<trkpt lat="36.101288" lon="138.218131">
<ele>1538.2</ele>
<time>2026-08-22T00:16:50.000Z</time>
</trkpt>
<trkpt lat="36.100505" lon="138.218456">
<ele>1538.7</ele>
<time>2026-08-22T00:16:56.000Z</time>
</trkpt>
<trkpt lat="36.099604" lon="138.218903">
<ele>1539.6</ele>
<time>2026-08-22T00:17:02.000Z</time>
</trkpt>
<trkpt lat="36.098943" lon="138.219425">
<ele>1542.6</ele>
<time>2026-08-22T00:17:07.000Z</time>
</trkpt>
<trkpt lat="36.098444" lon="138.219748">
<ele>1543.8</ele>
<time>2026-08-22T00:17:13.000Z</time>
</trkpt>
<trkpt lat="36.098156" lon="138.219761">
<ele>1547.1</ele>
<time>2026-08-22T00:17:16.000Z</time>
</trkpt>
<trkpt lat="36.097498" lon="138.219373">
<ele>1549.5</ele>
<time>2026-08-22T00:17:21.999Z</time>
</trkpt>
<trkpt lat="36.096961" lon="138.21878">
<ele>1549.5</ele>
<time>2026-08-22T00:17:26.999Z</time>
</trkpt>
<trkpt lat="36.096622" lon="138.217969">
<ele>1550</ele>
<time>2026-08-22T00:17:32.000Z</time>
</trkpt>
<trkpt lat="36.096395" lon="138.217184">
<ele>1550.2</ele>
<time>2026-08-22T00:17:37.000Z</time>
</trkpt>
<trkpt lat="36.096437" lon="138.216485">
<ele>1550.3</ele>
<time>2026-08-22T00:17:42.000Z</time>
</trkpt>
<trkpt lat="36.096627" lon="138.215888">
<ele>1554.4</ele>
<time>2026-08-22T00:17:47.000Z</time>
</trkpt>
<trkpt lat="36.096702" lon="138.215806">
<ele>1556.6</ele>
<time>2026-08-22T00:17:48.000Z</time>
</trkpt>
<trkpt lat="36.097353" lon="138.215484">
<ele>1557.6</ele>
<time>2026-08-22T00:17:54.000Z</time>
</trkpt>
<trkpt lat="36.098201" lon="138.215372">
<ele>1557.6</ele>
<time>2026-08-22T00:18:00.000Z</time>
</trkpt>
<trkpt lat="36.09887" lon="138.215304">
<ele>1557.8</ele>
<time>2026-08-22T00:18:05.000Z</time>
</trkpt>
<trkpt lat="36.09945" lon="138.214878">
<ele>1558.6</ele>
<time>2026-08-22T00:18:10.000Z</time>
</trkpt>
<trkpt lat="36.099838" lon="138.214162">
<ele>1559.5</ele>
<time>2026-08-22T00:18:15.000Z</time>
</trkpt>
<trkpt lat="36.100251" lon="138.213561">
<ele>1560.2</ele>
<time>2026-08-22T00:18:20.000Z</time>
</trkpt>
<trkpt lat="36.100739" lon="138.21328">
<ele>1563.5</ele>
<time>2026-08-22T00:18:25.000Z</time>
</trkpt>
<trkpt lat="36.101082" lon="138.21288">
<ele>1564.9</ele>
<time>2026-08-22T00:18:31.000Z</time>
</trkpt>
<trkpt lat="36.101084" lon="138.212701">
<ele>1564.9</ele>
<time>2026-08-22T00:18:33.000Z</time>
</trkpt>
<trkpt lat="36.100884" lon="138.212296">
<ele>1565.6</ele>
<time>2026-08-22T00:18:37.000Z</time>
</trkpt>
<trkpt lat="36.100326" lon="138.211697">
<ele>1565.6</ele>
<time>2026-08-22T00:18:43.000Z</time>
</trkpt>
<trkpt lat="36.099728" lon="138.211053">
<ele>1565.6</ele>
<time>2026-08-22T00:18:49.000Z</time>
</trkpt>
<trkpt lat="36.099069" lon="138.210653">
<ele>1569.9</ele>
<time>2026-08-22T00:18:55.000Z</time>
</trkpt>
<trkpt lat="36.098474" lon="138.210379">
<ele>1578.5</ele>
<time>2026-08-22T00:19:00.000Z</time>
</trkpt>
<trkpt lat="36.097816" lon="138.209906">
<ele>1585.7</ele>
<time>2026-08-22T00:19:06.000Z</time>
</trkpt>
<trkpt lat="36.097166" lon="138.209339">
<ele>1591.1</ele>
<time>2026-08-22T00:19:12.000Z</time>
</trkpt>
<trkpt lat="36.096568" lon="138.209019">
<ele>1596.4</ele>
<time>2026-08-22T00:19:17.000Z</time>
</trkpt>
<trkpt lat="36.096307" lon="138.208684">
<ele>1602.2</ele>
<time>2026-08-22T00:19:20.000Z</time>
</trkpt>
<trkpt lat="36.095993" lon="138.207996">
<ele>1605.9</ele>
<time>2026-08-22T00:19:25.000Z</time>
</trkpt>
<trkpt lat="36.096002" lon="138.207731">
<ele>1607.5</ele>
<time>2026-08-22T00:19:27.000Z</time>
</trkpt>
<trkpt lat="36.096181" lon="138.207412">
<ele>1612.1</ele>
<time>2026-08-22T00:19:30.000Z</time>
</trkpt>
<trkpt lat="36.096277" lon="138.207342">
<ele>1613.5</ele>
<time>2026-08-22T00:19:31.000Z</time>
</trkpt>
<trkpt lat="36.096889" lon="138.207157">
<ele>1613.5</ele>
<time>2026-08-22T00:19:36.000Z</time>
</trkpt>
<trkpt lat="36.097565" lon="138.207057">
<ele>1613.9</ele>
<time>2026-08-22T00:19:41.000Z</time>
</trkpt>
<trkpt lat="36.097746" lon="138.206878">
<ele>1613.9</ele>
<time>2026-08-22T00:19:43.000Z</time>
</trkpt>
<trkpt lat="36.097783" lon="138.206751">
<ele>1613.7</ele>
<time>2026-08-22T00:19:44.000Z</time>
</trkpt>
<trkpt lat="36.097716" lon="138.206076">
<ele>1613.7</ele>
<time>2026-08-22T00:19:49.000Z</time>
</trkpt>
<trkpt lat="36.097514" lon="138.20513">
<ele>1613.9</ele>
<time>2026-08-22T00:19:55.000Z</time>
</trkpt>
<trkpt lat="36.097361" lon="138.204355">
<ele>1617.5</ele>
<time>2026-08-22T00:20:00.000Z</time>
</trkpt>
<trkpt lat="36.097043" lon="138.203886">
<ele>1626</ele>
<time>2026-08-22T00:20:05.000Z</time>
</trkpt>
<trkpt lat="36.096937" lon="138.203835">
<ele>1632.2</ele>
<time>2026-08-22T00:20:06.000Z</time>
</trkpt>
<trkpt lat="36.096158" lon="138.203526">
<ele>1632.7</ele>
<time>2026-08-22T00:20:12.000Z</time>
</trkpt>
<trkpt lat="36.095686" lon="138.203115">
<ele>1632.9</ele>
<time>2026-08-22T00:20:17.000Z</time>
</trkpt>
<trkpt lat="36.095656" lon="138.202982">
<ele>1635.3</ele>
<time>2026-08-22T00:20:18.000Z</time>
</trkpt>
<trkpt lat="36.095719" lon="138.202593">
<ele>1637.7</ele>
<time>2026-08-22T00:20:21.000Z</time>
</trkpt>
<trkpt lat="36.096077" lon="138.201819">
<ele>1638.2</ele>
<time>2026-08-22T00:20:27.000Z</time>
</trkpt>
<trkpt lat="36.096418" lon="138.201275">
<ele>1639.7</ele>
<time>2026-08-22T00:20:32.000Z</time>
</trkpt>
<trkpt lat="36.096843" lon="138.201013">
<ele>1645.3</ele>
<time>2026-08-22T00:20:36.000Z</time>
</trkpt>
<trkpt lat="36.09746" lon="138.200466">
<ele>1649.2</ele>
<time>2026-08-22T00:20:42.000Z</time>
</trkpt>
<trkpt lat="36.097924" lon="138.199954">
<ele>1651.6</ele>
<time>2026-08-22T00:20:47.000Z</time>
</trkpt>
<trkpt lat="36.09845" lon="138.199687">
<ele>1655.4</ele>
<time>2026-08-22T00:20:52.000Z</time>
</trkpt>
<trkpt lat="36.0985" lon="138.199591">
<ele>1658.8</ele>
<time>2026-08-22T00:20:53.000Z</time>
</trkpt>
<trkpt lat="36.098491" lon="138.199483">
<ele>1661.5</ele>
<time>2026-08-22T00:20:54.000Z</time>
</trkpt>
<trkpt lat="36.098181" lon="138.198811">
<ele>1661.9</ele>
<time>2026-08-22T00:21:00.000Z</time>
</trkpt>
<trkpt lat="36.098176" lon="138.198678">
<ele>1662.4</ele>
<time>2026-08-22T00:21:01.000Z</time>
</trkpt>
<trkpt lat="36.098327" lon="138.198306">
<ele>1664.3</ele>
<time>2026-08-22T00:21:04.000Z</time>
</trkpt>
<trkpt lat="36.098685" lon="138.19773">
<ele>1664.4</ele>
<time>2026-08-22T00:21:09.000Z</time>
</trkpt>
<trkpt lat="36.098709" lon="138.197605">
<ele>1665.1</ele>
<time>2026-08-22T00:21:10.000Z</time>
</trkpt>
<trkpt lat="36.098691" lon="138.19748">
<ele>1669.2</ele>
<time>2026-08-22T00:21:11.000Z</time>
</trkpt>
<trkpt lat="36.098243" lon="138.196885">
<ele>1669.8</ele>
<time>2026-08-22T00:21:17.000Z</time>
</trkpt>
<trkpt lat="36.097608" lon="138.196324">
<ele>1670.4</ele>
<time>2026-08-22T00:21:23.000Z</time>
</trkpt>
<trkpt lat="36.097079" lon="138.196178">
<ele>1675.3</ele>
<time>2026-08-22T00:21:28.000Z</time>
</trkpt>
<trkpt lat="36.096972" lon="138.196251">
<ele>1675.5</ele>
<time>2026-08-22T00:21:29.000Z</time>
</trkpt>
<trkpt lat="36.09645" lon="138.196632">
<ele>1677.3</ele>
<time>2026-08-22T00:21:34.000Z</time>
</trkpt>
<trkpt lat="36.096339" lon="138.19665">
<ele>1678.1</ele>
<time>2026-08-22T00:21:35.000Z</time>
</trkpt>
<trkpt lat="36.095682" lon="138.196535">
<ele>1680.6</ele>
<time>2026-08-22T00:21:40.000Z</time>
</trkpt>
<trkpt lat="36.094992" lon="138.196229">
<ele>1680.6</ele>
<time>2026-08-22T00:21:45.000Z</time>
</trkpt>
<trkpt lat="36.094637" lon="138.195795">
<ele>1681.4</ele>
<time>2026-08-22T00:21:49.000Z</time>
</trkpt>
<trkpt lat="36.094566" lon="138.195508">
<ele>1684</ele>
<time>2026-08-22T00:21:51.000Z</time>
</trkpt>
<trkpt lat="36.094678" lon="138.194541">
<ele>1685.4</ele>
<time>2026-08-22T00:21:57.000Z</time>
</trkpt>
<trkpt lat="36.094599" lon="138.193707">
<ele>1685.5</ele>
<time>2026-08-22T00:22:03.000Z</time>
</trkpt>
<trkpt lat="36.094449" lon="138.193444">
<ele>1685.5</ele>
<time>2026-08-22T00:22:05.000Z</time>
</trkpt>
<trkpt lat="36.093837" lon="138.1928">
<ele>1685.5</ele>
<time>2026-08-22T00:22:11.000Z</time>
</trkpt>
<trkpt lat="36.093703" lon="138.192767">
<ele>1685.5</ele>
<time>2026-08-22T00:22:12.000Z</time>
</trkpt>
<trkpt lat="36.093075" lon="138.19258">
<ele>1685.5</ele>
<time>2026-08-22T00:22:17.000Z</time>
</trkpt>
<trkpt lat="36.09287" lon="138.192352">
<ele>1685.5</ele>
<time>2026-08-22T00:22:20.000Z</time>
</trkpt>
<trkpt lat="36.092832" lon="138.192239">
<ele>1686.9</ele>
<time>2026-08-22T00:22:21.000Z</time>
</trkpt>
<trkpt lat="36.092851" lon="138.191443">
<ele>1686.9</ele>
<time>2026-08-22T00:22:27.000Z</time>
</trkpt>
<trkpt lat="36.092925" lon="138.190591">
<ele>1686.9</ele>
<time>2026-08-22T00:22:33.000Z</time>
</trkpt>
<trkpt lat="36.093015" lon="138.189606">
<ele>1690</ele>
<time>2026-08-22T00:22:39.000Z</time>
</trkpt>
<trkpt lat="36.093077" lon="138.188741">
<ele>1696.1</ele>
<time>2026-08-22T00:22:44.000Z</time>
</trkpt>
<trkpt lat="36.093021" lon="138.187723">
<ele>1697.3</ele>
<time>2026-08-22T00:22:50.000Z</time>
</trkpt>
<trkpt lat="36.092799" lon="138.186668">
<ele>1698.5</ele>
<time>2026-08-22T00:22:56.000Z</time>
</trkpt>
<trkpt lat="36.092677" lon="138.185861">
<ele>1704.1</ele>
<time>2026-08-22T00:23:01.000Z</time>
</trkpt>
<trkpt lat="36.092842" lon="138.185076">
<ele>1708.2</ele>
<time>2026-08-22T00:23:07.000Z</time>
</trkpt>
<trkpt lat="36.093089" lon="138.184416">
<ele>1709.7</ele>
<time>2026-08-22T00:23:12.000Z</time>
</trkpt>
<trkpt lat="36.093262" lon="138.184238">
<ele>1712</ele>
<time>2026-08-22T00:23:14.000Z</time>
</trkpt>
<trkpt lat="36.09358" lon="138.184145">
<ele>1714.6</ele>
<time>2026-08-22T00:23:17.000Z</time>
</trkpt>
<trkpt lat="36.093878" lon="138.184226">
<ele>1715.7</ele>
<time>2026-08-22T00:23:20.000Z</time>
</trkpt>
<trkpt lat="36.094034" lon="138.184376">
<ele>1718.1</ele>
<time>2026-08-22T00:23:22.000Z</time>
</trkpt>
<trkpt lat="36.094516" lon="138.184962">
<ele>1721.4</ele>
<time>2026-08-22T00:23:28.000Z</time>
</trkpt>
<trkpt lat="36.095078" lon="138.185651">
<ele>1723.5</ele>
<time>2026-08-22T00:23:34.000Z</time>
</trkpt>
<trkpt lat="36.095543" lon="138.186203">
<ele>1730.5</ele>
<time>2026-08-22T00:23:39.000Z</time>
</trkpt>
<trkpt lat="36.096231" lon="138.186602">
<ele>1738.3</ele>
<time>2026-08-22T00:23:45.000Z</time>
</trkpt>
<trkpt lat="36.096904" lon="138.186702">
<ele>1743.2</ele>
<time>2026-08-22T00:23:50.000Z</time>
</trkpt>
<trkpt lat="36.097574" lon="138.186772">
<ele>1748.6</ele>
<time>2026-08-22T00:23:55.000Z</time>
</trkpt>
<trkpt lat="36.098233" lon="138.186854">
<ele>1752.9</ele>
<time>2026-08-22T00:24:00.000Z</time>
</trkpt>
<trkpt lat="36.099093" lon="138.186958">
<ele>1758.4</ele>
<time>2026-08-22T00:24:06.000Z</time>
</trkpt>
<trkpt lat="36.099994" lon="138.187064">
<ele>1763.1</ele>
<time>2026-08-22T00:24:12.000Z</time>
</trkpt>
<trkpt lat="36.100652" lon="138.187161">
<ele>1770.2</ele>
<time>2026-08-22T00:24:17.000Z</time>
</trkpt>
<trkpt lat="36.100938" lon="138.18737">
<ele>1777.7</ele>
<time>2026-08-22T00:24:20.000Z</time>
</trkpt>
<trkpt lat="36.101479" lon="138.188065">
<ele>1783.1</ele>
<time>2026-08-22T00:24:26.000Z</time>
</trkpt>
<trkpt lat="36.10196" lon="138.188619">
<ele>1785.2</ele>
<time>2026-08-22T00:24:31.000Z</time>
</trkpt>
<trkpt lat="36.102446" lon="138.188795">
<ele>1790.3</ele>
<time>2026-08-22T00:24:35.000Z</time>
</trkpt>
<trkpt lat="36.102955" lon="138.188675">
<ele>1794.3</ele>
<time>2026-08-22T00:24:39.000Z</time>
</trkpt>
<trkpt lat="36.103499" lon="138.188347">
<ele>1798.5</ele>
<time>2026-08-22T00:24:44.000Z</time>
</trkpt>
<trkpt lat="36.103802" lon="138.187972">
<ele>1803.2</ele>
<time>2026-08-22T00:24:49.000Z</time>
</trkpt>
<trkpt lat="36.103847" lon="138.187766">
<ele>1803.2</ele>
<time>2026-08-22T00:24:51.000Z</time>
</trkpt>
<trkpt lat="36.103698" lon="138.186958">
<ele>1803.2</ele>
<time>2026-08-22T00:24:57.000Z</time>
</trkpt>
<trkpt lat="36.103482" lon="138.186119">
<ele>1803.2</ele>
<time>2026-08-22T00:25:03.000Z</time>
</trkpt>
<trkpt lat="36.102971" lon="138.185367">
<ele>1799.4</ele>
<time>2026-08-22T00:25:09.000Z</time>
</trkpt>
<trkpt lat="36.102305" lon="138.184595">
<ele>1794.8</ele>
<time>2026-08-22T00:25:15.000Z</time>
</trkpt>
<trkpt lat="36.101775" lon="138.183571">
<ele>1789.3</ele>
<time>2026-08-22T00:25:21.000Z</time>
</trkpt>
<trkpt lat="36.101241" lon="138.182768">
<ele>1781.3</ele>
<time>2026-08-22T00:25:26.000Z</time>
</trkpt>
<trkpt lat="36.100553" lon="138.182259">
<ele>1772.9</ele>
<time>2026-08-22T00:25:31.000Z</time>
</trkpt>
<trkpt lat="36.09989" lon="138.181817">
<ele>1769.6</ele>
<time>2026-08-22T00:25:36.000Z</time>
</trkpt>
<trkpt lat="36.099455" lon="138.181643">
<ele>1764.4</ele>
<time>2026-08-22T00:25:41.000Z</time>
</trkpt>
<trkpt lat="36.099345" lon="138.181755">
<ele>1759.7</ele>
<time>2026-08-22T00:25:43.000Z</time>
</trkpt>
<trkpt lat="36.09933" lon="138.18194">
<ele>1756.6</ele>
<time>2026-08-22T00:25:45.000Z</time>
</trkpt>
<trkpt lat="36.099383" lon="138.182048">
<ele>1755.3</ele>
<time>2026-08-22T00:25:46.000Z</time>
</trkpt>
<trkpt lat="36.099928" lon="138.182449">
<ele>1754</ele>
<time>2026-08-22T00:25:52.000Z</time>
</trkpt>
<trkpt lat="36.100071" lon="138.182721">
<ele>1753.1</ele>
<time>2026-08-22T00:25:55.000Z</time>
</trkpt>
<trkpt lat="36.10005" lon="138.182832">
<ele>1749.9</ele>
<time>2026-08-22T00:25:56.000Z</time>
</trkpt>
<trkpt lat="36.099917" lon="138.182981">
<ele>1748.6</ele>
<time>2026-08-22T00:25:58.000Z</time>
</trkpt>
<trkpt lat="36.099827" lon="138.182992">
<ele>1747.7</ele>
<time>2026-08-22T00:25:59.000Z</time>
</trkpt>
<trkpt lat="36.099195" lon="138.182588">
<ele>1746.6</ele>
<time>2026-08-22T00:26:05.000Z</time>
</trkpt>
<trkpt lat="36.09867" lon="138.181843">
<ele>1746</ele>
<time>2026-08-22T00:26:11.000Z</time>
</trkpt>
<trkpt lat="36.098103" lon="138.180958">
<ele>1742.4</ele>
<time>2026-08-22T00:26:17.000Z</time>
</trkpt>
<trkpt lat="36.097634" lon="138.180215">
<ele>1738.1</ele>
<time>2026-08-22T00:26:22.000Z</time>
</trkpt>
<trkpt lat="36.097322" lon="138.179256">
<ele>1734.1</ele>
<time>2026-08-22T00:26:28.000Z</time>
</trkpt>
<trkpt lat="36.096814" lon="138.178417">
<ele>1730.3</ele>
<time>2026-08-22T00:26:34.000Z</time>
</trkpt>
<trkpt lat="36.096241" lon="138.177854">
<ele>1723.6</ele>
<time>2026-08-22T00:26:39.000Z</time>
</trkpt>
<trkpt lat="36.0959" lon="138.177146">
<ele>1718</ele>
<time>2026-08-22T00:26:44.000Z</time>
</trkpt>
<trkpt lat="36.095848" lon="138.176308">
<ele>1713.5</ele>
<time>2026-08-22T00:26:49.000Z</time>
</trkpt>
<trkpt lat="36.09606" lon="138.175645">
<ele>1709.9</ele>
<time>2026-08-22T00:26:53.000Z</time>
</trkpt>
<trkpt lat="36.096422" lon="138.174888">
<ele>1704.7</ele>
<time>2026-08-22T00:26:58.000Z</time>
</trkpt>
<trkpt lat="36.096444" lon="138.17465">
<ele>1699.3</ele>
<time>2026-08-22T00:27:00.000Z</time>
</trkpt>
<trkpt lat="36.096378" lon="138.174418">
<ele>1694.2</ele>
<time>2026-08-22T00:27:02.000Z</time>
</trkpt>
<trkpt lat="36.095956" lon="138.173859">
<ele>1694</ele>
<time>2026-08-22T00:27:07.000Z</time>
</trkpt>
<trkpt lat="36.095817" lon="138.1734">
<ele>1693.4</ele>
<time>2026-08-22T00:27:11.000Z</time>
</trkpt>
<trkpt lat="36.095837" lon="138.17327">
<ele>1690.8</ele>
<time>2026-08-22T00:27:12.000Z</time>
</trkpt>
<trkpt lat="36.096095" lon="138.172307">
<ele>1688</ele>
<time>2026-08-22T00:27:18.000Z</time>
</trkpt>
<trkpt lat="36.096387" lon="138.1712">
<ele>1687.5</ele>
<time>2026-08-22T00:27:24.000Z</time>
</trkpt>
<trkpt lat="36.09664" lon="138.170257">
<ele>1681.7</ele>
<time>2026-08-22T00:27:29.000Z</time>
</trkpt>
<trkpt lat="36.096881" lon="138.169371">
<ele>1675.4</ele>
<time>2026-08-22T00:27:34.000Z</time>
</trkpt>
<trkpt lat="36.097019" lon="138.168786">
<ele>1674.3</ele>
<time>2026-08-22T00:27:39.000Z</time>
</trkpt>
<trkpt lat="36.097114" lon="138.168712">
<ele>1674.1</ele>
<time>2026-08-22T00:27:40.000Z</time>
</trkpt>
<trkpt lat="36.097371" lon="138.168628">
<ele>1674.1</ele>
<time>2026-08-22T00:27:45.000Z</time>
</trkpt>
<trkpt lat="36.097875" lon="138.168712">
<ele>1674.1</ele>
<time>2026-08-22T00:27:51.000Z</time>
</trkpt>
<trkpt lat="36.098526" lon="138.168882">
<ele>1675.8</ele>
<time>2026-08-22T00:27:57.000Z</time>
</trkpt>
<trkpt lat="36.099162" lon="138.169048">
<ele>1676.2</ele>
<time>2026-08-22T00:28:02.000Z</time>
</trkpt>
<trkpt lat="36.099811" lon="138.169214">
<ele>1676.9</ele>
<time>2026-08-22T00:28:07.000Z</time>
</trkpt>
<trkpt lat="36.100412" lon="138.169458">
<ele>1677.7</ele>
<time>2026-08-22T00:28:12.000Z</time>
</trkpt>
<trkpt lat="36.101055" lon="138.169969">
<ele>1681.1</ele>
<time>2026-08-22T00:28:18.000Z</time>
</trkpt>
<trkpt lat="36.10174" lon="138.170543">
<ele>1686.8</ele>
<time>2026-08-22T00:28:24.000Z</time>
</trkpt>
<trkpt lat="36.10233" lon="138.17105">
<ele>1693.7</ele>
<time>2026-08-22T00:28:29.000Z</time>
</trkpt>
<trkpt lat="36.102883" lon="138.171834">
<ele>1697.8</ele>
<time>2026-08-22T00:28:35.000Z</time>
</trkpt>
<trkpt lat="36.103165" lon="138.172926">
<ele>1697.8</ele>
<time>2026-08-22T00:28:41.000Z</time>
</trkpt>
<trkpt lat="36.103475" lon="138.173704">
<ele>1697.8</ele>
<time>2026-08-22T00:28:46.000Z</time>
</trkpt>
<trkpt lat="36.103981" lon="138.174257">
<ele>1692.2</ele>
<time>2026-08-22T00:28:51.000Z</time>
</trkpt>
<trkpt lat="36.104504" lon="138.174807">
<ele>1688.4</ele>
<time>2026-08-22T00:28:56.000Z</time>
</trkpt>
<trkpt lat="36.105038" lon="138.175334">
<ele>1684.1</ele>
<time>2026-08-22T00:29:01.000Z</time>
</trkpt>
<trkpt lat="36.105679" lon="138.175975">
<ele>1678.4</ele>
<time>2026-08-22T00:29:07.000Z</time>
</trkpt>
<trkpt lat="36.106278" lon="138.176421">
<ele>1675.1</ele>
<time>2026-08-22T00:29:12.000Z</time>
</trkpt>
<trkpt lat="36.106916" lon="138.17676">
<ele>1670.8</ele>
<time>2026-08-22T00:29:17.000Z</time>
</trkpt>
<trkpt lat="36.107524" lon="138.177077">
<ele>1667.7</ele>
<time>2026-08-22T00:29:22.000Z</time>
</trkpt>
<trkpt lat="36.108264" lon="138.177447">
<ele>1664.9</ele>
<time>2026-08-22T00:29:28.000Z</time>
</trkpt>
<trkpt lat="36.108879" lon="138.177712">
<ele>1664.4</ele>
<time>2026-08-22T00:29:33.000Z</time>
</trkpt>
<trkpt lat="36.109113" lon="138.177684">
<ele>1661.6</ele>
<time>2026-08-22T00:29:35.000Z</time>
</trkpt>
<trkpt lat="36.109386" lon="138.177456">
<ele>1655.9</ele>
<time>2026-08-22T00:29:38.000Z</time>
</trkpt>
<trkpt lat="36.109466" lon="138.17724">
<ele>1655.1</ele>
<time>2026-08-22T00:29:40.000Z</time>
</trkpt>
<trkpt lat="36.109407" lon="138.176429">
<ele>1655.1</ele>
<time>2026-08-22T00:29:46.000Z</time>
</trkpt>
<trkpt lat="36.10929" lon="138.175518">
<ele>1655.1</ele>
<time>2026-08-22T00:29:52.000Z</time>
</trkpt>
<trkpt lat="36.10917" lon="138.174569">
<ele>1654.9</ele>
<time>2026-08-22T00:29:58.000Z</time>
</trkpt>
<trkpt lat="36.109022" lon="138.173509">
<ele>1654.9</ele>
<time>2026-08-22T00:30:04.000Z</time>
</trkpt>
<trkpt lat="36.108797" lon="138.172644">
<ele>1653.4</ele>
<time>2026-08-22T00:30:09.000Z</time>
</trkpt>
<trkpt lat="36.108537" lon="138.171877">
<ele>1648.6</ele>
<time>2026-08-22T00:30:14.000Z</time>
</trkpt>
<trkpt lat="36.108233" lon="138.170945">
<ele>1648.5</ele>
<time>2026-08-22T00:30:20.000Z</time>
</trkpt>
<trkpt lat="36.108188" lon="138.169981">
<ele>1646.7</ele>
<time>2026-08-22T00:30:26.000Z</time>
</trkpt>
<trkpt lat="36.108259" lon="138.169837">
<ele>1641.5</ele>
<time>2026-08-22T00:30:27.000Z</time>
</trkpt>
<trkpt lat="36.108692" lon="138.169506">
<ele>1636.6</ele>
<time>2026-08-22T00:30:31.000Z</time>
</trkpt>
<trkpt lat="36.108927" lon="138.169489">
<ele>1635.7</ele>
<time>2026-08-22T00:30:33.000Z</time>
</trkpt>
<trkpt lat="36.109547" lon="138.169829">
<ele>1633.6</ele>
<time>2026-08-22T00:30:39.000Z</time>
</trkpt>
<trkpt lat="36.110248" lon="138.170243">
<ele>1633.5</ele>
<time>2026-08-22T00:30:45.000Z</time>
</trkpt>
<trkpt lat="36.11106" lon="138.170481">
<ele>1633.2</ele>
<time>2026-08-22T00:30:51.000Z</time>
</trkpt>
<trkpt lat="36.111679" lon="138.170509">
<ele>1631.9</ele>
<time>2026-08-22T00:30:56.000Z</time>
</trkpt>
<trkpt lat="36.111776" lon="138.170448">
<ele>1627</ele>
<time>2026-08-22T00:30:57.000Z</time>
</trkpt>
<trkpt lat="36.111991" lon="138.170055">
<ele>1625.3</ele>
<time>2026-08-22T00:31:01.000Z</time>
</trkpt>
<trkpt lat="36.112003" lon="138.169934">
<ele>1625.3</ele>
<time>2026-08-22T00:31:02.000Z</time>
</trkpt>
<trkpt lat="36.111844" lon="138.169124">
<ele>1625.3</ele>
<time>2026-08-22T00:31:08.000Z</time>
</trkpt>
<trkpt lat="36.111682" lon="138.168213">
<ele>1626.2</ele>
<time>2026-08-22T00:31:14.000Z</time>
</trkpt>
<trkpt lat="36.111756" lon="138.167265">
<ele>1632.1</ele>
<time>2026-08-22T00:31:20.000Z</time>
</trkpt>
<trkpt lat="36.112076" lon="138.166404">
<ele>1640</ele>
<time>2026-08-22T00:31:26.000Z</time>
</trkpt>
<trkpt lat="36.112635" lon="138.165662">
<ele>1646.8</ele>
<time>2026-08-22T00:31:32.000Z</time>
</trkpt>
<trkpt lat="36.113214" lon="138.165169">
<ele>1650.7</ele>
<time>2026-08-22T00:31:37.000Z</time>
</trkpt>
<trkpt lat="36.113809" lon="138.164671">
<ele>1650.7</ele>
<time>2026-08-22T00:31:42.000Z</time>
</trkpt>
<trkpt lat="36.114399" lon="138.164182">
<ele>1650.7</ele>
<time>2026-08-22T00:31:47.000Z</time>
</trkpt>
<trkpt lat="36.114978" lon="138.163697">
<ele>1650.1</ele>
<time>2026-08-22T00:31:52.000Z</time>
</trkpt>
<trkpt lat="36.115509" lon="138.163236">
<ele>1650.1</ele>
<time>2026-08-22T00:31:57.000Z</time>
</trkpt>
<trkpt lat="36.116009" lon="138.162511">
<ele>1650.1</ele>
<time>2026-08-22T00:32:03.000Z</time>
</trkpt>
<trkpt lat="36.116364" lon="138.161624">
<ele>1652.1</ele>
<time>2026-08-22T00:32:09.000Z</time>
</trkpt>
<trkpt lat="36.116693" lon="138.160793">
<ele>1659.3</ele>
<time>2026-08-22T00:32:14.000Z</time>
</trkpt>
<trkpt lat="36.116989" lon="138.160037">
<ele>1664.8</ele>
<time>2026-08-22T00:32:19.000Z</time>
</trkpt>
<trkpt lat="36.117315" lon="138.159215">
<ele>1666.6</ele>
<time>2026-08-22T00:32:25.000Z</time>
</trkpt>
<trkpt lat="36.117711" lon="138.158686">
<ele>1666.6</ele>
<time>2026-08-22T00:32:30.000Z</time>
</trkpt>
<trkpt lat="36.117822" lon="138.158645">
<ele>1666.6</ele>
<time>2026-08-22T00:32:31.000Z</time>
</trkpt>
<trkpt lat="36.118643" lon="138.158621">
<ele>1665.5</ele>
<time>2026-08-22T00:32:37.000Z</time>
</trkpt>
<trkpt lat="36.119231" lon="138.158885">
<ele>1664.7</ele>
<time>2026-08-22T00:32:42.000Z</time>
</trkpt>
<trkpt lat="36.11931" lon="138.158996">
<ele>1659.6</ele>
<time>2026-08-22T00:32:43.000Z</time>
</trkpt>
<trkpt lat="36.119793" lon="138.159743">
<ele>1657.9</ele>
<time>2026-08-22T00:32:49.000Z</time>
</trkpt>
<trkpt lat="36.1201" lon="138.15994">
<ele>1657.2</ele>
<time>2026-08-22T00:32:53.000Z</time>
</trkpt>
<trkpt lat="36.120273" lon="138.159943">
<ele>1649.8</ele>
<time>2026-08-22T00:32:55.000Z</time>
</trkpt>
<trkpt lat="36.120821" lon="138.159864">
<ele>1648</ele>
<time>2026-08-22T00:33:01.000Z</time>
</trkpt>
<trkpt lat="36.121522" lon="138.15973">
<ele>1646.8</ele>
<time>2026-08-22T00:33:07.000Z</time>
</trkpt>
<trkpt lat="36.122065" lon="138.159297">
<ele>1644.7</ele>
<time>2026-08-22T00:33:12.000Z</time>
</trkpt>
<trkpt lat="36.122536" lon="138.158342">
<ele>1641.3</ele>
<time>2026-08-22T00:33:18.000Z</time>
</trkpt>
<trkpt lat="36.122924" lon="138.157538">
<ele>1636.5</ele>
<time>2026-08-22T00:33:23.000Z</time>
</trkpt>
<trkpt lat="36.123357" lon="138.156652">
<ele>1633.8</ele>
<time>2026-08-22T00:33:29.000Z</time>
</trkpt>
<trkpt lat="36.123726" lon="138.155952">
<ele>1633.8</ele>
<time>2026-08-22T00:33:34.000Z</time>
</trkpt>
<trkpt lat="36.124392" lon="138.155375">
<ele>1633.8</ele>
<time>2026-08-22T00:33:40.000Z</time>
</trkpt>
<trkpt lat="36.124814" lon="138.154756">
<ele>1635.7</ele>
<time>2026-08-22T00:33:46.000Z</time>
</trkpt>
<trkpt lat="36.124817" lon="138.154609">
<ele>1637.1</ele>
<time>2026-08-22T00:33:47.000Z</time>
</trkpt>
<trkpt lat="36.124854" lon="138.153837">
<ele>1637.3</ele>
<time>2026-08-22T00:33:52.000Z</time>
</trkpt>
<trkpt lat="36.124967" lon="138.153571">
<ele>1637.3</ele>
<time>2026-08-22T00:33:54.000Z</time>
</trkpt>
<trkpt lat="36.125377" lon="138.153214">
<ele>1637.9</ele>
<time>2026-08-22T00:33:58.000Z</time>
</trkpt>
<trkpt lat="36.125628" lon="138.153164">
<ele>1638.4</ele>
<time>2026-08-22T00:34:00.000Z</time>
</trkpt>
<trkpt lat="36.126114" lon="138.15334">
<ele>1638.5</ele>
<time>2026-08-22T00:34:04.000Z</time>
</trkpt>
<trkpt lat="36.126736" lon="138.153794">
<ele>1638.7</ele>
<time>2026-08-22T00:34:10.000Z</time>
</trkpt>
<trkpt lat="36.127251" lon="138.15427">
<ele>1639</ele>
<time>2026-08-22T00:34:15.000Z</time>
</trkpt>
<trkpt lat="36.12756" lon="138.154335">
<ele>1639.4</ele>
<time>2026-08-22T00:34:18.000Z</time>
</trkpt>
<trkpt lat="36.127656" lon="138.154273">
<ele>1639.9</ele>
<time>2026-08-22T00:34:19.000Z</time>
</trkpt>
<trkpt lat="36.127783" lon="138.154033">
<ele>1640.3</ele>
<time>2026-08-22T00:34:21.000Z</time>
</trkpt>
<trkpt lat="36.128066" lon="138.153215">
<ele>1640.3</ele>
<time>2026-08-22T00:34:26.000Z</time>
</trkpt>
<trkpt lat="36.12803" lon="138.152339">
<ele>1640.3</ele>
<time>2026-08-22T00:34:31.000Z</time>
</trkpt>
<trkpt lat="36.127524" lon="138.151265">
<ele>1640.3</ele>
<time>2026-08-22T00:34:37.000Z</time>
</trkpt>
<trkpt lat="36.127419" lon="138.150292">
<ele>1640.1</ele>
<time>2026-08-22T00:34:43.000Z</time>
</trkpt>
<trkpt lat="36.127487" lon="138.150144">
<ele>1638</ele>
<time>2026-08-22T00:34:44.000Z</time>
</trkpt>
<trkpt lat="36.127933" lon="138.149789">
<ele>1633.6</ele>
<time>2026-08-22T00:34:48.000Z</time>
</trkpt>
<trkpt lat="36.128068" lon="138.149775">
<ele>1632.8</ele>
<time>2026-08-22T00:34:49.000Z</time>
</trkpt>
<trkpt lat="36.12875" lon="138.149888">
<ele>1630.3</ele>
<time>2026-08-22T00:34:54.000Z</time>
</trkpt>
<trkpt lat="36.129174" lon="138.150232">
<ele>1629.7</ele>
<time>2026-08-22T00:34:58.000Z</time>
</trkpt>
<trkpt lat="36.129608" lon="138.150955">
<ele>1627.5</ele>
<time>2026-08-22T00:35:03.000Z</time>
</trkpt>
<trkpt lat="36.130139" lon="138.151322">
<ele>1627.5</ele>
<time>2026-08-22T00:35:08.000Z</time>
</trkpt>
<trkpt lat="36.130273" lon="138.151299">
<ele>1627.5</ele>
<time>2026-08-22T00:35:09.000Z</time>
</trkpt>
<trkpt lat="36.131159" lon="138.15128">
<ele>1627</ele>
<time>2026-08-22T00:35:15.000Z</time>
</trkpt>
<trkpt lat="36.132027" lon="138.151621">
<ele>1627</ele>
<time>2026-08-22T00:35:21.000Z</time>
</trkpt>
<trkpt lat="36.132691" lon="138.152074">
<ele>1627</ele>
<time>2026-08-22T00:35:26.000Z</time>
</trkpt>
<trkpt lat="36.133615" lon="138.152219">
<ele>1622.1</ele>
<time>2026-08-22T00:35:32.000Z</time>
</trkpt>
<trkpt lat="36.134209" lon="138.15198">
<ele>1616.8</ele>
<time>2026-08-22T00:35:36.000Z</time>
</trkpt>
<trkpt lat="36.135005" lon="138.151827">
<ele>1612.6</ele>
<time>2026-08-22T00:35:42.000Z</time>
</trkpt>
<trkpt lat="36.13597" lon="138.151788">
<ele>1610</ele>
<time>2026-08-22T00:35:48.000Z</time>
</trkpt>
<trkpt lat="36.136768" lon="138.151656">
<ele>1609.9</ele>
<time>2026-08-22T00:35:53.000Z</time>
</trkpt>
<trkpt lat="36.137524" lon="138.151075">
<ele>1607.9</ele>
<time>2026-08-22T00:35:59.000Z</time>
</trkpt>
<trkpt lat="36.138398" lon="138.150415">
<ele>1602.2</ele>
<time>2026-08-22T00:36:05.000Z</time>
</trkpt>
<trkpt lat="36.139159" lon="138.149845">
<ele>1595.1</ele>
<time>2026-08-22T00:36:10.000Z</time>
</trkpt>
<trkpt lat="36.139846" lon="138.149486">
<ele>1585.2</ele>
<time>2026-08-22T00:36:15.000Z</time>
</trkpt>
<trkpt lat="36.140573" lon="138.149463">
<ele>1574.3</ele>
<time>2026-08-22T00:36:20.000Z</time>
</trkpt>
<trkpt lat="36.14069" lon="138.1494">
<ele>1566.7</ele>
<time>2026-08-22T00:36:21.000Z</time>
</trkpt>
<trkpt lat="36.141147" lon="138.148827">
<ele>1563.1</ele>
<time>2026-08-22T00:36:26.000Z</time>
</trkpt>
<trkpt lat="36.141533" lon="138.148075">
<ele>1562.8</ele>
<time>2026-08-22T00:36:31.000Z</time>
</trkpt>
<trkpt lat="36.141548" lon="138.147891">
<ele>1560.4</ele>
<time>2026-08-22T00:36:32.000Z</time>
</trkpt>
<trkpt lat="36.14139" lon="138.14674">
<ele>1555.1</ele>
<time>2026-08-22T00:36:38.000Z</time>
</trkpt>
<trkpt lat="36.141433" lon="138.14593">
<ele>1553.8</ele>
<time>2026-08-22T00:36:43.000Z</time>
</trkpt>
<trkpt lat="36.141526" lon="138.145822">
<ele>1550</ele>
<time>2026-08-22T00:36:44.000Z</time>
</trkpt>
<trkpt lat="36.142259" lon="138.145215">
<ele>1548.2</ele>
<time>2026-08-22T00:36:50.000Z</time>
</trkpt>
<trkpt lat="36.142887" lon="138.144781">
<ele>1547.6</ele>
<time>2026-08-22T00:36:55.000Z</time>
</trkpt>
<trkpt lat="36.143306" lon="138.144752">
<ele>1544.9</ele>
<time>2026-08-22T00:36:58.000Z</time>
</trkpt>
<trkpt lat="36.144242" lon="138.144769">
<ele>1544.7</ele>
<time>2026-08-22T00:37:04.000Z</time>
</trkpt>
<trkpt lat="36.145247" lon="138.144783">
<ele>1544.5</ele>
<time>2026-08-22T00:37:10.000Z</time>
</trkpt>
<trkpt lat="36.146044" lon="138.144706">
<ele>1543.8</ele>
<time>2026-08-22T00:37:15.000Z</time>
</trkpt>
<trkpt lat="36.146318" lon="138.144501">
<ele>1535.6</ele>
<time>2026-08-22T00:37:17.000Z</time>
</trkpt>
<trkpt lat="36.14699" lon="138.143611">
<ele>1527.2</ele>
<time>2026-08-22T00:37:23.000Z</time>
</trkpt>
<trkpt lat="36.147535" lon="138.142852">
<ele>1523.4</ele>
<time>2026-08-22T00:37:28.000Z</time>
</trkpt>
<trkpt lat="36.148215" lon="138.142442">
<ele>1517.3</ele>
<time>2026-08-22T00:37:33.000Z</time>
</trkpt>
<trkpt lat="36.148925" lon="138.142352">
<ele>1517.3</ele>
<time>2026-08-22T00:37:38.000Z</time>
</trkpt>
<trkpt lat="36.14912" lon="138.142199">
<ele>1517.3</ele>
<time>2026-08-22T00:37:40.000Z</time>
</trkpt>
<trkpt lat="36.149166" lon="138.142078">
<ele>1518.6</ele>
<time>2026-08-22T00:37:41.000Z</time>
</trkpt>
<trkpt lat="36.149134" lon="138.141837">
<ele>1520.9</ele>
<time>2026-08-22T00:37:43.000Z</time>
</trkpt>
<trkpt lat="36.149002" lon="138.141644">
<ele>1521.6</ele>
<time>2026-08-22T00:37:45.000Z</time>
</trkpt>
<trkpt lat="36.1489" lon="138.141629">
<ele>1523.2</ele>
<time>2026-08-22T00:37:46.000Z</time>
</trkpt>
<trkpt lat="36.148202" lon="138.14186">
<ele>1524.7</ele>
<time>2026-08-22T00:37:52.000Z</time>
</trkpt>
<trkpt lat="36.147571" lon="138.142012">
<ele>1525.2</ele>
<time>2026-08-22T00:37:57.000Z</time>
</trkpt>
<trkpt lat="36.147478" lon="138.141965">
<ele>1533.2</ele>
<time>2026-08-22T00:37:58.000Z</time>
</trkpt>
<trkpt lat="36.147354" lon="138.141781">
<ele>1536.8</ele>
<time>2026-08-22T00:38:00.000Z</time>
</trkpt>
<trkpt lat="36.147327" lon="138.141662">
<ele>1537.4</ele>
<time>2026-08-22T00:38:01.000Z</time>
</trkpt>
<trkpt lat="36.147367" lon="138.141417">
<ele>1539.1</ele>
<time>2026-08-22T00:38:03.000Z</time>
</trkpt>
<trkpt lat="36.147433" lon="138.141317">
<ele>1539.8</ele>
<time>2026-08-22T00:38:04.000Z</time>
</trkpt>
<trkpt lat="36.147867" lon="138.141099">
<ele>1541.2</ele>
<time>2026-08-22T00:38:08.000Z</time>
</trkpt>
<trkpt lat="36.148451" lon="138.140782">
<ele>1541.5</ele>
<time>2026-08-22T00:38:13.000Z</time>
</trkpt>
<trkpt lat="36.148527" lon="138.140662">
<ele>1544.7</ele>
<time>2026-08-22T00:38:14.000Z</time>
</trkpt>
<trkpt lat="36.148686" lon="138.139916">
<ele>1548.7</ele>
<time>2026-08-22T00:38:19.000Z</time>
</trkpt>
<trkpt lat="36.148898" lon="138.139575">
<ele>1549.7</ele>
<time>2026-08-22T00:38:22.000Z</time>
</trkpt>
<trkpt lat="36.149005" lon="138.139512">
<ele>1553.7</ele>
<time>2026-08-22T00:38:23.000Z</time>
</trkpt>
<trkpt lat="36.149329" lon="138.139532">
<ele>1556.2</ele>
<time>2026-08-22T00:38:26.000Z</time>
</trkpt>
<trkpt lat="36.149422" lon="138.139597">
<ele>1557.3</ele>
<time>2026-08-22T00:38:27.000Z</time>
</trkpt>
<trkpt lat="36.149762" lon="138.140176">
<ele>1559.5</ele>
<time>2026-08-22T00:38:32.000Z</time>
</trkpt>
<trkpt lat="36.150214" lon="138.141019">
<ele>1560.3</ele>
<time>2026-08-22T00:38:38.000Z</time>
</trkpt>
<trkpt lat="36.150886" lon="138.141586">
<ele>1565.7</ele>
<time>2026-08-22T00:38:44.000Z</time>
</trkpt>
<trkpt lat="36.151011" lon="138.141608">
<ele>1572.6</ele>
<time>2026-08-22T00:38:45.000Z</time>
</trkpt>
<trkpt lat="36.151736" lon="138.141417">
<ele>1578.3</ele>
<time>2026-08-22T00:38:51.000Z</time>
</trkpt>
<trkpt lat="36.152461" lon="138.140957">
<ele>1578.9</ele>
<time>2026-08-22T00:38:57.000Z</time>
</trkpt>
<trkpt lat="36.153122" lon="138.140912">
<ele>1584.5</ele>
<time>2026-08-22T00:39:02.000Z</time>
</trkpt>
<trkpt lat="36.153689" lon="138.14092">
<ele>1593.2</ele>
<time>2026-08-22T00:39:07.000Z</time>
</trkpt>
<trkpt lat="36.153776" lon="138.140848">
<ele>1597</ele>
<time>2026-08-22T00:39:08.000Z</time>
</trkpt>
<trkpt lat="36.15383" lon="138.140735">
<ele>1599.1</ele>
<time>2026-08-22T00:39:09.000Z</time>
</trkpt>
<trkpt lat="36.153799" lon="138.140118">
<ele>1599.9</ele>
<time>2026-08-22T00:39:14.000Z</time>
</trkpt>
<trkpt lat="36.153721" lon="138.139174">
<ele>1600.4</ele>
<time>2026-08-22T00:39:20.000Z</time>
</trkpt>
<trkpt lat="36.153602" lon="138.138343">
<ele>1603.1</ele>
<time>2026-08-22T00:39:26.000Z</time>
</trkpt>
<trkpt lat="36.153524" lon="138.138225">
<ele>1609.2</ele>
<time>2026-08-22T00:39:27.000Z</time>
</trkpt>
<trkpt lat="36.153277" lon="138.137557">
<ele>1614.5</ele>
<time>2026-08-22T00:39:32.000Z</time>
</trkpt>
<trkpt lat="36.153287" lon="138.137409">
<ele>1615.6</ele>
<time>2026-08-22T00:39:33.000Z</time>
</trkpt>
<trkpt lat="36.153468" lon="138.137034">
<ele>1619.1</ele>
<time>2026-08-22T00:39:36.000Z</time>
</trkpt>
<trkpt lat="36.153567" lon="138.136951">
<ele>1619.9</ele>
<time>2026-08-22T00:39:37.000Z</time>
</trkpt>
<trkpt lat="36.154335" lon="138.136777">
<ele>1622.4</ele>
<time>2026-08-22T00:39:43.000Z</time>
</trkpt>
<trkpt lat="36.15515" lon="138.137005">
<ele>1623.5</ele>
<time>2026-08-22T00:39:49.000Z</time>
</trkpt>
<trkpt lat="36.155771" lon="138.137511">
<ele>1627.6</ele>
<time>2026-08-22T00:39:54.000Z</time>
</trkpt>
<trkpt lat="36.156334" lon="138.138298">
<ele>1630.5</ele>
<time>2026-08-22T00:40:00.000Z</time>
</trkpt>
<trkpt lat="36.156631" lon="138.138945">
<ele>1634.5</ele>
<time>2026-08-22T00:40:05.000Z</time>
</trkpt>
<trkpt lat="36.156725" lon="138.139">
<ele>1638.3</ele>
<time>2026-08-22T00:40:06.000Z</time>
</trkpt>
<trkpt lat="36.156828" lon="138.139005">
<ele>1639.8</ele>
<time>2026-08-22T00:40:07.000Z</time>
</trkpt>
<trkpt lat="36.157001" lon="138.138873">
<ele>1640.3</ele>
<time>2026-08-22T00:40:09.000Z</time>
</trkpt>
<trkpt lat="36.157051" lon="138.138762">
<ele>1640.6</ele>
<time>2026-08-22T00:40:10.000Z</time>
</trkpt>
<trkpt lat="36.157054" lon="138.138634">
<ele>1641</ele>
<time>2026-08-22T00:40:11.000Z</time>
</trkpt>
<trkpt lat="36.156709" lon="138.137916">
<ele>1641.5</ele>
<time>2026-08-22T00:40:17.000Z</time>
</trkpt>
<trkpt lat="36.156117" lon="138.13713">
<ele>1642</ele>
<time>2026-08-22T00:40:23.000Z</time>
</trkpt>
<trkpt lat="36.155625" lon="138.13651">
<ele>1647.5</ele>
<time>2026-08-22T00:40:28.000Z</time>
</trkpt>
<trkpt lat="36.155143" lon="138.13609">
<ele>1655.3</ele>
<time>2026-08-22T00:40:33.000Z</time>
</trkpt>
<trkpt lat="36.155022" lon="138.136084">
<ele>1661.5</ele>
<time>2026-08-22T00:40:34.000Z</time>
</trkpt>
<trkpt lat="36.154253" lon="138.135918">
<ele>1667</ele>
<time>2026-08-22T00:40:40.000Z</time>
</trkpt>
<trkpt lat="36.153447" lon="138.135906">
<ele>1668.3</ele>
<time>2026-08-22T00:40:46.000Z</time>
</trkpt>
<trkpt lat="36.152862" lon="138.13594">
<ele>1669.3</ele>
<time>2026-08-22T00:40:51.000Z</time>
</trkpt>
<trkpt lat="36.152783" lon="138.135859">
<ele>1670.1</ele>
<time>2026-08-22T00:40:52.000Z</time>
</trkpt>
<trkpt lat="36.152707" lon="138.135624">
<ele>1671</ele>
<time>2026-08-22T00:40:54.000Z</time>
</trkpt>
<trkpt lat="36.152715" lon="138.135497">
<ele>1671.3</ele>
<time>2026-08-22T00:40:55.000Z</time>
</trkpt>
<trkpt lat="36.152827" lon="138.135294">
<ele>1672.4</ele>
<time>2026-08-22T00:40:57.000Z</time>
</trkpt>
<trkpt lat="36.153012" lon="138.135197">
<ele>1673.4</ele>
<time>2026-08-22T00:40:59.000Z</time>
</trkpt>
<trkpt lat="36.153227" lon="138.135218">
<ele>1675.3</ele>
<time>2026-08-22T00:41:01.000Z</time>
</trkpt>
<trkpt lat="36.153989" lon="138.135389">
<ele>1676.7</ele>
<time>2026-08-22T00:41:07.000Z</time>
</trkpt>
<trkpt lat="36.154715" lon="138.135605">
<ele>1678.3</ele>
<time>2026-08-22T00:41:12.000Z</time>
</trkpt>
<trkpt lat="36.15541" lon="138.135694">
<ele>1684.7</ele>
<time>2026-08-22T00:41:17.000Z</time>
</trkpt>
<trkpt lat="36.156036" lon="138.135961">
<ele>1686.9</ele>
<time>2026-08-22T00:41:22.000Z</time>
</trkpt>
<trkpt lat="36.156818" lon="138.135858">
<ele>1690.5</ele>
<time>2026-08-22T00:41:28.000Z</time>
</trkpt>
<trkpt lat="36.157645" lon="138.135841">
<ele>1697.1</ele>
<time>2026-08-22T00:41:34.000Z</time>
</trkpt>
<trkpt lat="36.158367" lon="138.135946">
<ele>1703.4</ele>
<time>2026-08-22T00:41:39.000Z</time>
</trkpt>
<trkpt lat="36.158844" lon="138.135746">
<ele>1708.6</ele>
<time>2026-08-22T00:41:43.000Z</time>
</trkpt>
<trkpt lat="36.159437" lon="138.135057">
<ele>1711.3</ele>
<time>2026-08-22T00:41:49.000Z</time>
</trkpt>
<trkpt lat="36.160153" lon="138.134529">
<ele>1714.2</ele>
<time>2026-08-22T00:41:55.000Z</time>
</trkpt>
<trkpt lat="36.1608" lon="138.134308">
<ele>1719.6</ele>
<time>2026-08-22T00:42:00.000Z</time>
</trkpt>
<trkpt lat="36.161116" lon="138.134377">
<ele>1726</ele>
<time>2026-08-22T00:42:03.000Z</time>
</trkpt>
<trkpt lat="36.16169" lon="138.13473">
<ele>1732.2</ele>
<time>2026-08-22T00:42:09.000Z</time>
</trkpt>
<trkpt lat="36.162612" lon="138.134842">
<ele>1735.1</ele>
<time>2026-08-22T00:42:15.000Z</time>
</trkpt>
<trkpt lat="36.163167" lon="138.135217">
<ele>1740.9</ele>
<time>2026-08-22T00:42:20.000Z</time>
</trkpt>
<trkpt lat="36.16322" lon="138.135359">
<ele>1744.2</ele>
<time>2026-08-22T00:42:21.000Z</time>
</trkpt>
<trkpt lat="36.163457" lon="138.136084">
<ele>1746.7</ele>
<time>2026-08-22T00:42:26.000Z</time>
</trkpt>
<trkpt lat="36.163611" lon="138.136272">
<ele>1747.5</ele>
<time>2026-08-22T00:42:28.000Z</time>
</trkpt>
<trkpt lat="36.164032" lon="138.136369">
<ele>1749.5</ele>
<time>2026-08-22T00:42:33.000Z</time>
</trkpt>
<trkpt lat="36.164201" lon="138.136289">
<ele>1750.4</ele>
<time>2026-08-22T00:42:35.000Z</time>
</trkpt>
<trkpt lat="36.164432" lon="138.135965">
<ele>1750.4</ele>
<time>2026-08-22T00:42:38.000Z</time>
</trkpt>
<trkpt lat="36.164469" lon="138.135665">
<ele>1750.4</ele>
<time>2026-08-22T00:42:40.000Z</time>
</trkpt>
<trkpt lat="36.164453" lon="138.134624">
<ele>1748.2</ele>
<time>2026-08-22T00:42:46.000Z</time>
</trkpt>
<trkpt lat="36.164684" lon="138.134004">
<ele>1746.6</ele>
<time>2026-08-22T00:42:50.000Z</time>
</trkpt>
<trkpt lat="36.164894" lon="138.133796">
<ele>1740.5</ele>
<time>2026-08-22T00:42:52.000Z</time>
</trkpt>
<trkpt lat="36.165516" lon="138.133385">
<ele>1738.7</ele>
<time>2026-08-22T00:42:57.000Z</time>
</trkpt>
<trkpt lat="36.166191" lon="138.133295">
<ele>1738.2</ele>
<time>2026-08-22T00:43:02.000Z</time>
</trkpt>
<trkpt lat="36.166443" lon="138.133426">
<ele>1736.8</ele>
<time>2026-08-22T00:43:04.000Z</time>
</trkpt>
<trkpt lat="36.166954" lon="138.133999">
<ele>1735.1</ele>
<time>2026-08-22T00:43:09.000Z</time>
</trkpt>
<trkpt lat="36.167584" lon="138.134279">
<ele>1734.5</ele>
<time>2026-08-22T00:43:15.000Z</time>
</trkpt>
<trkpt lat="36.167711" lon="138.134231">
<ele>1732.7</ele>
<time>2026-08-22T00:43:16.000Z</time>
</trkpt>
<trkpt lat="36.168331" lon="138.133883">
<ele>1729.5</ele>
<time>2026-08-22T00:43:21.000Z</time>
</trkpt>
<trkpt lat="36.168588" lon="138.133896">
<ele>1728.4</ele>
<time>2026-08-22T00:43:23.000Z</time>
</trkpt>
<trkpt lat="36.169189" lon="138.134255">
<ele>1723.7</ele>
<time>2026-08-22T00:43:28.000Z</time>
</trkpt>
<trkpt lat="36.169522" lon="138.134252">
<ele>1722.4</ele>
<time>2026-08-22T00:43:31.000Z</time>
</trkpt>
<trkpt lat="36.169724" lon="138.134116">
<ele>1721.3</ele>
<time>2026-08-22T00:43:33.000Z</time>
</trkpt>
<trkpt lat="36.169917" lon="138.133758">
<ele>1720.8</ele>
<time>2026-08-22T00:43:36.000Z</time>
</trkpt>
<trkpt lat="36.170083" lon="138.133073">
<ele>1719.7</ele>
<time>2026-08-22T00:43:41.000Z</time>
</trkpt>
<trkpt lat="36.170043" lon="138.132807">
<ele>1718.4</ele>
<time>2026-08-22T00:43:43.000Z</time>
</trkpt>
<trkpt lat="36.169829" lon="138.131901">
<ele>1716.9</ele>
<time>2026-08-22T00:43:49.000Z</time>
</trkpt>
<trkpt lat="36.169621" lon="138.131098">
<ele>1716.2</ele>
<time>2026-08-22T00:43:54.000Z</time>
</trkpt>
<trkpt lat="36.169534" lon="138.130444">
<ele>1711.3</ele>
<time>2026-08-22T00:43:59.000Z</time>
</trkpt>
<trkpt lat="36.169586" lon="138.130327">
<ele>1706.1</ele>
<time>2026-08-22T00:44:00.000Z</time>
</trkpt>
<trkpt lat="36.169846" lon="138.130099">
<ele>1704</ele>
<time>2026-08-22T00:44:03.000Z</time>
</trkpt>
<trkpt lat="36.169956" lon="138.130076">
<ele>1703.6</ele>
<time>2026-08-22T00:44:04.000Z</time>
</trkpt>
<trkpt lat="36.170687" lon="138.13025">
<ele>1702.5</ele>
<time>2026-08-22T00:44:10.000Z</time>
</trkpt>
<trkpt lat="36.171309" lon="138.130346">
<ele>1702.2</ele>
<time>2026-08-22T00:44:15.000Z</time>
</trkpt>
<trkpt lat="36.171539" lon="138.13025">
<ele>1700</ele>
<time>2026-08-22T00:44:17.000Z</time>
</trkpt>
<trkpt lat="36.172056" lon="138.129807">
<ele>1696.7</ele>
<time>2026-08-22T00:44:22.000Z</time>
</trkpt>
<trkpt lat="36.172167" lon="138.129776">
<ele>1694.9</ele>
<time>2026-08-22T00:44:23.000Z</time>
</trkpt>
<trkpt lat="36.172854" lon="138.13002">
<ele>1691.4</ele>
<time>2026-08-22T00:44:29.000Z</time>
</trkpt>
<trkpt lat="36.17303" lon="138.130236">
<ele>1690.7</ele>
<time>2026-08-22T00:44:31.000Z</time>
</trkpt>
<trkpt lat="36.173141" lon="138.130733">
<ele>1687.9</ele>
<time>2026-08-22T00:44:34.000Z</time>
</trkpt>
<trkpt lat="36.173447" lon="138.131703">
<ele>1685.7</ele>
<time>2026-08-22T00:44:40.000Z</time>
</trkpt>
<trkpt lat="36.173557" lon="138.131777">
<ele>1680.9</ele>
<time>2026-08-22T00:44:41.000Z</time>
</trkpt>
<trkpt lat="36.173931" lon="138.131769">
<ele>1670.9</ele>
<time>2026-08-22T00:44:43.999Z</time>
</trkpt>
<trkpt lat="36.17454" lon="138.13137">
<ele>1670</ele>
<time>2026-08-22T00:44:49.000Z</time>
</trkpt>
<trkpt lat="36.175026" lon="138.130767">
<ele>1669.6</ele>
<time>2026-08-22T00:44:54.000Z</time>
</trkpt>
<trkpt lat="36.175341" lon="138.130629">
<ele>1669.1</ele>
<time>2026-08-22T00:44:57.000Z</time>
</trkpt>
<trkpt lat="36.17545" lon="138.13067">
<ele>1668.1</ele>
<time>2026-08-22T00:44:58.000Z</time>
</trkpt>
<trkpt lat="36.175533" lon="138.130777">
<ele>1666.9</ele>
<time>2026-08-22T00:44:59.000Z</time>
</trkpt>
<trkpt lat="36.176007" lon="138.13138">
<ele>1666.3</ele>
<time>2026-08-22T00:45:04.000Z</time>
</trkpt>
<trkpt lat="36.176104" lon="138.131759">
<ele>1665</ele>
<time>2026-08-22T00:45:07.000Z</time>
</trkpt>
<trkpt lat="36.176059" lon="138.1319">
<ele>1661.5</ele>
<time>2026-08-22T00:45:08.000Z</time>
</trkpt>
<trkpt lat="36.17588" lon="138.132549">
<ele>1661.5</ele>
<time>2026-08-22T00:45:13.000Z</time>
</trkpt>
<trkpt lat="36.175889" lon="138.132777">
<ele>1661.5</ele>
<time>2026-08-22T00:45:15.000Z</time>
</trkpt>
<trkpt lat="36.176024" lon="138.132983">
<ele>1664.7</ele>
<time>2026-08-22T00:45:17.000Z</time>
</trkpt>
<trkpt lat="36.176593" lon="138.133294">
<ele>1666.5</ele>
<time>2026-08-22T00:45:22.000Z</time>
</trkpt>
<trkpt lat="36.177255" lon="138.133255">
<ele>1666.5</ele>
<time>2026-08-22T00:45:27.000Z</time>
</trkpt>
<trkpt lat="36.177642" lon="138.132993">
<ele>1666.5</ele>
<time>2026-08-22T00:45:31.000Z</time>
</trkpt>
<trkpt lat="36.17769" lon="138.132859">
<ele>1660.9</ele>
<time>2026-08-22T00:45:32.000Z</time>
</trkpt>
<trkpt lat="36.177947" lon="138.131809">
<ele>1655.4</ele>
<time>2026-08-22T00:45:38.000Z</time>
</trkpt>
<trkpt lat="36.178147" lon="138.130898">
<ele>1653.5</ele>
<time>2026-08-22T00:45:43.000Z</time>
</trkpt>
<trkpt lat="36.178379" lon="138.130544">
<ele>1648.3</ele>
<time>2026-08-22T00:45:46.000Z</time>
</trkpt>
<trkpt lat="36.180284" lon="138.128519">
<ele>1643.1</ele>
<time>2026-08-22T00:46:02.000Z</time>
</trkpt>
<trkpt lat="36.180996" lon="138.127925">
<ele>1640.6</ele>
<time>2026-08-22T00:46:08.000Z</time>
</trkpt>
<trkpt lat="36.181491" lon="138.127268">
<ele>1615.2</ele>
<time>2026-08-22T00:46:13.000Z</time>
</trkpt>
<trkpt lat="36.181613" lon="138.127185">
<ele>1608</ele>
<time>2026-08-22T00:46:14.000Z</time>
</trkpt>
<trkpt lat="36.182288" lon="138.127023">
<ele>1608</ele>
<time>2026-08-22T00:46:19.000Z</time>
</trkpt>
<trkpt lat="36.183062" lon="138.126656">
<ele>1608</ele>
<time>2026-08-22T00:46:25.000Z</time>
</trkpt>
<trkpt lat="36.18373" lon="138.126286">
<ele>1614.3</ele>
<time>2026-08-22T00:46:30.000Z</time>
</trkpt>
<trkpt lat="36.184379" lon="138.125881">
<ele>1624.7</ele>
<time>2026-08-22T00:46:35.000Z</time>
</trkpt>
<trkpt lat="36.185622" lon="138.12585">
<ele>1632.1</ele>
<time>2026-08-22T00:46:42.999Z</time>
</trkpt>
<trkpt lat="36.186313" lon="138.126184">
<ele>1639.9</ele>
<time>2026-08-22T00:46:47.999Z</time>
</trkpt>
<trkpt lat="36.186806" lon="138.126714">
<ele>1643.2</ele>
<time>2026-08-22T00:46:53.000Z</time>
</trkpt>
<trkpt lat="36.186851" lon="138.126862">
<ele>1647.6</ele>
<time>2026-08-22T00:46:54.000Z</time>
</trkpt>
<trkpt lat="36.186915" lon="138.127617">
<ele>1653.7</ele>
<time>2026-08-22T00:46:59.000Z</time>
</trkpt>
<trkpt lat="36.186876" lon="138.127752">
<ele>1655.1</ele>
<time>2026-08-22T00:47:00.000Z</time>
</trkpt>
<trkpt lat="36.186828" lon="138.128257">
<ele>1658.9</ele>
<time>2026-08-22T00:47:05.000Z</time>
</trkpt>
<trkpt lat="36.186881" lon="138.128378">
<ele>1659.9</ele>
<time>2026-08-22T00:47:06.000Z</time>
</trkpt>
<trkpt lat="36.186965" lon="138.128448">
<ele>1661.9</ele>
<time>2026-08-22T00:47:07.000Z</time>
</trkpt>
<trkpt lat="36.187641" lon="138.128914">
<ele>1661.9</ele>
<time>2026-08-22T00:47:13.000Z</time>
</trkpt>
<trkpt lat="36.18814" lon="138.129173">
<ele>1661.9</ele>
<time>2026-08-22T00:47:18.000Z</time>
</trkpt>
<trkpt lat="36.188233" lon="138.129112">
<ele>1656.2</ele>
<time>2026-08-22T00:47:19.000Z</time>
</trkpt>
<trkpt lat="36.188355" lon="138.129063">
<ele>1653.5</ele>
<time>2026-08-22T00:47:20.000Z</time>
</trkpt>
<trkpt lat="36.188668" lon="138.129205">
<ele>1653</ele>
<time>2026-08-22T00:47:23.000Z</time>
</trkpt>
<trkpt lat="36.188808" lon="138.129418">
<ele>1652.9</ele>
<time>2026-08-22T00:47:25.000Z</time>
</trkpt>
<trkpt lat="36.188809" lon="138.129571">
<ele>1651.4</ele>
<time>2026-08-22T00:47:26.000Z</time>
</trkpt>
<trkpt lat="36.188919" lon="138.130128">
<ele>1650.3</ele>
<time>2026-08-22T00:47:31.000Z</time>
</trkpt>
<trkpt lat="36.18901" lon="138.13014">
<ele>1649.9</ele>
<time>2026-08-22T00:47:32.000Z</time>
</trkpt>
<trkpt lat="36.189615" lon="138.130335">
<ele>1643.4</ele>
<time>2026-08-22T00:47:37.000Z</time>
</trkpt>
<trkpt lat="36.189726" lon="138.130331">
<ele>1642.3</ele>
<time>2026-08-22T00:47:38.000Z</time>
</trkpt>
<trkpt lat="36.190299" lon="138.130333">
<ele>1634.4</ele>
<time>2026-08-22T00:47:44.000Z</time>
</trkpt>
<trkpt lat="36.190354" lon="138.130426">
<ele>1634</ele>
<time>2026-08-22T00:47:45.000Z</time>
</trkpt>
<trkpt lat="36.190782" lon="138.130992">
<ele>1631.6</ele>
<time>2026-08-22T00:47:51.000Z</time>
</trkpt>
<trkpt lat="36.190884" lon="138.131043">
<ele>1631.2</ele>
<time>2026-08-22T00:47:52.000Z</time>
</trkpt>
<trkpt lat="36.191147" lon="138.131322">
<ele>1626.8</ele>
<time>2026-08-22T00:47:56.000Z</time>
</trkpt>
<trkpt lat="36.191145" lon="138.131456">
<ele>1626.3</ele>
<time>2026-08-22T00:47:57.000Z</time>
</trkpt>
<trkpt lat="36.191298" lon="138.132043">
<ele>1624</ele>
<time>2026-08-22T00:48:02.000Z</time>
</trkpt>
<trkpt lat="36.19142" lon="138.132056">
<ele>1623.6</ele>
<time>2026-08-22T00:48:03.000Z</time>
</trkpt>
<trkpt lat="36.191602" lon="138.131902">
<ele>1617.6</ele>
<time>2026-08-22T00:48:05.000Z</time>
</trkpt>
<trkpt lat="36.191999" lon="138.131178">
<ele>1616.4</ele>
<time>2026-08-22T00:48:11.000Z</time>
</trkpt>
<trkpt lat="36.192087" lon="138.131116">
<ele>1614.9</ele>
<time>2026-08-22T00:48:12.000Z</time>
</trkpt>
<trkpt lat="36.192643" lon="138.131172">
<ele>1611.4</ele>
<time>2026-08-22T00:48:17.000Z</time>
</trkpt>
<trkpt lat="36.192897" lon="138.131339">
<ele>1610.7</ele>
<time>2026-08-22T00:48:20.000Z</time>
</trkpt>
<trkpt lat="36.192942" lon="138.131446">
<ele>1607.6</ele>
<time>2026-08-22T00:48:21.000Z</time>
</trkpt>
<trkpt lat="36.193264" lon="138.132024">
<ele>1606.3</ele>
<time>2026-08-22T00:48:27.000Z</time>
</trkpt>
<trkpt lat="36.193372" lon="138.132031">
<ele>1605.7</ele>
<time>2026-08-22T00:48:28.000Z</time>
</trkpt>
<trkpt lat="36.194101" lon="138.132001">
<ele>1605.7</ele>
<time>2026-08-22T00:48:34.000Z</time>
</trkpt>
<trkpt lat="36.194658" lon="138.131845">
<ele>1605.7</ele>
<time>2026-08-22T00:48:39.000Z</time>
</trkpt>
<trkpt lat="36.195133" lon="138.131486">
<ele>1606.8</ele>
<time>2026-08-22T00:48:45.000Z</time>
</trkpt>
<trkpt lat="36.195242" lon="138.131489">
<ele>1612</ele>
<time>2026-08-22T00:48:46.000Z</time>
</trkpt>
<trkpt lat="36.1959" lon="138.131795">
<ele>1616.9</ele>
<time>2026-08-22T00:48:52.000Z</time>
</trkpt>
<trkpt lat="36.196526" lon="138.132101">
<ele>1617.6</ele>
<time>2026-08-22T00:48:56.999Z</time>
</trkpt>
<trkpt lat="36.196949" lon="138.132534">
<ele>1621.6</ele>
<time>2026-08-22T00:49:02.000Z</time>
</trkpt>
<trkpt lat="36.196976" lon="138.132685">
<ele>1624.3</ele>
<time>2026-08-22T00:49:03.000Z</time>
</trkpt>
<trkpt lat="36.197092" lon="138.133524">
<ele>1625.5</ele>
<time>2026-08-22T00:49:08.000Z</time>
</trkpt>
<trkpt lat="36.197283" lon="138.134268">
<ele>1626</ele>
<time>2026-08-22T00:49:13.000Z</time>
</trkpt>
<trkpt lat="36.197248" lon="138.134533">
<ele>1626.3</ele>
<time>2026-08-22T00:49:15.000Z</time>
</trkpt>
<trkpt lat="36.19733" lon="138.135131">
<ele>1626.3</ele>
<time>2026-08-22T00:49:21.000Z</time>
</trkpt>
<trkpt lat="36.197413" lon="138.135178">
<ele>1626.3</ele>
<time>2026-08-22T00:49:22.000Z</time>
</trkpt>
<trkpt lat="36.197901" lon="138.135311">
<ele>1626.4</ele>
<time>2026-08-22T00:49:27.000Z</time>
</trkpt>
<trkpt lat="36.198368" lon="138.135619">
<ele>1626.4</ele>
<time>2026-08-22T00:49:34.000Z</time>
</trkpt>
<trkpt lat="36.198398" lon="138.135752">
<ele>1626.4</ele>
<time>2026-08-22T00:49:35.000Z</time>
</trkpt>
<trkpt lat="36.198322" lon="138.136106">
<ele>1628.9</ele>
<time>2026-08-22T00:49:38.000Z</time>
</trkpt>
<trkpt lat="36.1981" lon="138.136682">
<ele>1629.2</ele>
<time>2026-08-22T00:49:43.000Z</time>
</trkpt>
<trkpt lat="36.198044" lon="138.137387">
<ele>1629.6</ele>
<time>2026-08-22T00:49:49.000Z</time>
</trkpt>
<trkpt lat="36.197965" lon="138.137953">
<ele>1630.5</ele>
<time>2026-08-22T00:49:54.000Z</time>
</trkpt>
<trkpt lat="36.197854" lon="138.13807">
<ele>1631.2</ele>
<time>2026-08-22T00:49:56.000Z</time>
</trkpt>
<trkpt lat="36.197677" lon="138.138474">
<ele>1633.3</ele>
<time>2026-08-22T00:50:01.000Z</time>
</trkpt>
<trkpt lat="36.197687" lon="138.139031">
<ele>1633.6</ele>
<time>2026-08-22T00:50:06.000Z</time>
</trkpt>
<trkpt lat="36.197798" lon="138.139174">
<ele>1633.9</ele>
<time>2026-08-22T00:50:08.000Z</time>
</trkpt>
<trkpt lat="36.197906" lon="138.139214">
<ele>1635</ele>
<time>2026-08-22T00:50:09.000Z</time>
</trkpt>
<trkpt lat="36.198489" lon="138.139294">
<ele>1636</ele>
<time>2026-08-22T00:50:15.000Z</time>
</trkpt>
<trkpt lat="36.199078" lon="138.139515">
<ele>1636.2</ele>
<time>2026-08-22T00:50:21.000Z</time>
</trkpt>
<trkpt lat="36.199152" lon="138.139599">
<ele>1640.2</ele>
<time>2026-08-22T00:50:22.000Z</time>
</trkpt>
<trkpt lat="36.199384" lon="138.140309">
<ele>1644.6</ele>
<time>2026-08-22T00:50:28.000Z</time>
</trkpt>
<trkpt lat="36.199533" lon="138.140806">
<ele>1645.6</ele>
<time>2026-08-22T00:50:33.000Z</time>
</trkpt>
<trkpt lat="36.199665" lon="138.140895">
<ele>1649.5</ele>
<time>2026-08-22T00:50:35.000Z</time>
</trkpt>
<trkpt lat="36.199818" lon="138.140885">
<ele>1649.5</ele>
<time>2026-08-22T00:50:37.000Z</time>
</trkpt>
<trkpt lat="36.200363" lon="138.140641">
<ele>1649.5</ele>
<time>2026-08-22T00:50:43.000Z</time>
</trkpt>
<trkpt lat="36.200458" lon="138.140666">
<ele>1649.4</ele>
<time>2026-08-22T00:50:44.000Z</time>
</trkpt>
<trkpt lat="36.201091" lon="138.140992">
<ele>1645.2</ele>
<time>2026-08-22T00:50:50.000Z</time>
</trkpt>
<trkpt lat="36.201693" lon="138.14119">
<ele>1644.7</ele>
<time>2026-08-22T00:50:55.000Z</time>
</trkpt>
<trkpt lat="36.202293" lon="138.141227">
<ele>1640.6</ele>
<time>2026-08-22T00:51:00.000Z</time>
</trkpt>
<trkpt lat="36.202842" lon="138.14114">
<ele>1635.4</ele>
<time>2026-08-22T00:51:05.000Z</time>
</trkpt>
<trkpt lat="36.203406" lon="138.140976">
<ele>1632</ele>
<time>2026-08-22T00:51:10.000Z</time>
</trkpt>
<trkpt lat="36.204042" lon="138.140761">
<ele>1628.3</ele>
<time>2026-08-22T00:51:15.000Z</time>
</trkpt>
<trkpt lat="36.204627" lon="138.140429">
<ele>1623.1</ele>
<time>2026-08-22T00:51:20.000Z</time>
</trkpt>
<trkpt lat="36.205252" lon="138.140152">
<ele>1615.6</ele>
<time>2026-08-22T00:51:26.000Z</time>
</trkpt>
<trkpt lat="36.205825" lon="138.140152">
<ele>1611.6</ele>
<time>2026-08-22T00:51:31.000Z</time>
</trkpt>
<trkpt lat="36.206171" lon="138.140351">
<ele>1609.3</ele>
<time>2026-08-22T00:51:35.000Z</time>
</trkpt>
<trkpt lat="36.206589" lon="138.140834">
<ele>1607</ele>
<time>2026-08-22T00:51:41.000Z</time>
</trkpt>
<trkpt lat="36.207177" lon="138.141126">
<ele>1606.9</ele>
<time>2026-08-22T00:51:47.000Z</time>
</trkpt>
<trkpt lat="36.207808" lon="138.141394">
<ele>1606.9</ele>
<time>2026-08-22T00:51:53.000Z</time>
</trkpt>
<trkpt lat="36.208306" lon="138.141555">
<ele>1606.9</ele>
<time>2026-08-22T00:51:58.000Z</time>
</trkpt>
<trkpt lat="36.208682" lon="138.141462">
<ele>1607.3</ele>
<time>2026-08-22T00:52:02.000Z</time>
</trkpt>
<trkpt lat="36.209211" lon="138.14124">
<ele>1610.2</ele>
<time>2026-08-22T00:52:08.000Z</time>
</trkpt>
<trkpt lat="36.209681" lon="138.140993">
<ele>1611.5</ele>
<time>2026-08-22T00:52:13.000Z</time>
</trkpt>
<trkpt lat="36.209968" lon="138.140603">
<ele>1612.7</ele>
<time>2026-08-22T00:52:17.000Z</time>
</trkpt>
<trkpt lat="36.210205" lon="138.140011">
<ele>1615.9</ele>
<time>2026-08-22T00:52:22.000Z</time>
</trkpt>
<trkpt lat="36.210625" lon="138.139573">
<ele>1618.4</ele>
<time>2026-08-22T00:52:28.000Z</time>
</trkpt>
<trkpt lat="36.210716" lon="138.13955">
<ele>1621.2</ele>
<time>2026-08-22T00:52:29.000Z</time>
</trkpt>
<trkpt lat="36.211309" lon="138.139591">
<ele>1623.2</ele>
<time>2026-08-22T00:52:35.000Z</time>
</trkpt>
<trkpt lat="36.211393" lon="138.139657">
<ele>1623.6</ele>
<time>2026-08-22T00:52:36.000Z</time>
</trkpt>
<trkpt lat="36.211815" lon="138.140256">
<ele>1626.9</ele>
<time>2026-08-22T00:52:42.000Z</time>
</trkpt>
<trkpt lat="36.212357" lon="138.140763">
<ele>1627.7</ele>
<time>2026-08-22T00:52:48.000Z</time>
</trkpt>
<trkpt lat="36.212672" lon="138.140857">
<ele>1631.9</ele>
<time>2026-08-22T00:52:51.000Z</time>
</trkpt>
<trkpt lat="36.213179" lon="138.140905">
<ele>1636</ele>
<time>2026-08-22T00:52:56.000Z</time>
</trkpt>
<trkpt lat="36.213639" lon="138.141042">
<ele>1638.1</ele>
<time>2026-08-22T00:53:02.000Z</time>
</trkpt>
<trkpt lat="36.2137" lon="138.141205">
<ele>1640.8</ele>
<time>2026-08-22T00:53:04.000Z</time>
</trkpt>
<trkpt lat="36.213784" lon="138.141914">
<ele>1644.1</ele>
<time>2026-08-22T00:53:10.000Z</time>
</trkpt>
<trkpt lat="36.213923" lon="138.142475">
<ele>1645</ele>
<time>2026-08-22T00:53:15.000Z</time>
</trkpt>
<trkpt lat="36.21399" lon="138.142559">
<ele>1647.5</ele>
<time>2026-08-22T00:53:16.000Z</time>
</trkpt>
<trkpt lat="36.214268" lon="138.14263">
<ele>1649.3</ele>
<time>2026-08-22T00:53:19.000Z</time>
</trkpt>
<trkpt lat="36.214351" lon="138.142555">
<ele>1649.4</ele>
<time>2026-08-22T00:53:20.000Z</time>
</trkpt>
<trkpt lat="36.21454" lon="138.142001">
<ele>1649.4</ele>
<time>2026-08-22T00:53:25.000Z</time>
</trkpt>
<trkpt lat="36.21491" lon="138.141565">
<ele>1649.4</ele>
<time>2026-08-22T00:53:30.000Z</time>
</trkpt>
<trkpt lat="36.215457" lon="138.141005">
<ele>1645</ele>
<time>2026-08-22T00:53:36.000Z</time>
</trkpt>
<trkpt lat="36.215725" lon="138.140362">
<ele>1641.9</ele>
<time>2026-08-22T00:53:41.000Z</time>
</trkpt>
<trkpt lat="36.215992" lon="138.13968">
<ele>1636.1</ele>
<time>2026-08-22T00:53:47.000Z</time>
</trkpt>
<trkpt lat="36.216289" lon="138.138947">
<ele>1631.8</ele>
<time>2026-08-22T00:53:53.000Z</time>
</trkpt>
<trkpt lat="36.216633" lon="138.138598">
<ele>1627.1</ele>
<time>2026-08-22T00:53:58.000Z</time>
</trkpt>
<trkpt lat="36.216786" lon="138.138576">
<ele>1622.5</ele>
<time>2026-08-22T00:54:00.000Z</time>
</trkpt>
<trkpt lat="36.217283" lon="138.138701">
<ele>1619.5</ele>
<time>2026-08-22T00:54:06.000Z</time>
</trkpt>
<trkpt lat="36.217375" lon="138.138783">
<ele>1618</ele>
<time>2026-08-22T00:54:07.000Z</time>
</trkpt>
<trkpt lat="36.217733" lon="138.139368">
<ele>1613</ele>
<time>2026-08-22T00:54:13.000Z</time>
</trkpt>
<trkpt lat="36.217985" lon="138.139817">
<ele>1613</ele>
<time>2026-08-22T00:54:18.000Z</time>
</trkpt>
<trkpt lat="36.218239" lon="138.14027">
<ele>1613</ele>
<time>2026-08-22T00:54:24.000Z</time>
</trkpt>
<trkpt lat="36.218468" lon="138.140692">
<ele>1613.5</ele>
<time>2026-08-22T00:54:30.000Z</time>
</trkpt>
<trkpt lat="36.218478" lon="138.140859">
<ele>1614.3</ele>
<time>2026-08-22T00:54:32.000Z</time>
</trkpt>
<trkpt lat="36.218343" lon="138.141382">
<ele>1616.5</ele>
<time>2026-08-22T00:54:38.000Z</time>
</trkpt>
<trkpt lat="36.218443" lon="138.141507">
<ele>1616.5</ele>
<time>2026-08-22T00:54:43.000Z</time>
</trkpt>
<trkpt lat="36.218513" lon="138.141296">
<ele>1616.9</ele>
<time>2026-08-22T00:54:45.000Z</time>
</trkpt>
<trkpt lat="36.218756" lon="138.140692">
<ele>1617</ele>
<time>2026-08-22T00:54:51.000Z</time>
</trkpt>
<trkpt lat="36.219023" lon="138.140184">
<ele>1617.4</ele>
<time>2026-08-22T00:54:57.000Z</time>
</trkpt>
<trkpt lat="36.219409" lon="138.139887">
<ele>1623.1</ele>
<time>2026-08-22T00:55:03.000Z</time>
</trkpt>
<trkpt lat="36.219843" lon="138.139675">
<ele>1627.1</ele>
<time>2026-08-22T00:55:09.000Z</time>
</trkpt>
<trkpt lat="36.220279" lon="138.139437">
<ele>1632</ele>
<time>2026-08-22T00:55:15.000Z</time>
</trkpt>
<trkpt lat="36.220745" lon="138.139303">
<ele>1639.6</ele>
<time>2026-08-22T00:55:21.000Z</time>
</trkpt>
<trkpt lat="36.220865" lon="138.139354">
<ele>1644.1</ele>
<time>2026-08-22T00:55:23.000Z</time>
</trkpt>
<trkpt lat="36.220949" lon="138.139481">
<ele>1646.4</ele>
<time>2026-08-22T00:55:25.000Z</time>
</trkpt>
<trkpt lat="36.220944" lon="138.139605">
<ele>1647.4</ele>
<time>2026-08-22T00:55:26.000Z</time>
</trkpt>
<trkpt lat="36.220869" lon="138.139678">
<ele>1648.4</ele>
<time>2026-08-22T00:55:27.000Z</time>
</trkpt>
<trkpt lat="36.220483" lon="138.139743">
<ele>1649.2</ele>
<time>2026-08-22T00:55:32.000Z</time>
</trkpt>
<trkpt lat="36.220072" lon="138.140043">
<ele>1649.6</ele>
<time>2026-08-22T00:55:38.000Z</time>
</trkpt>
<trkpt lat="36.219664" lon="138.140359">
<ele>1651.7</ele>
<time>2026-08-22T00:55:44.000Z</time>
</trkpt>
<trkpt lat="36.21955" lon="138.140583">
<ele>1655.2</ele>
<time>2026-08-22T00:55:48.000Z</time>
</trkpt>
<trkpt lat="36.219589" lon="138.140714">
<ele>1659.4</ele>
<time>2026-08-22T00:55:50.000Z</time>
</trkpt>
<trkpt lat="36.219672" lon="138.141136">
<ele>1662.6</ele>
<time>2026-08-22T00:55:56.000Z</time>
</trkpt>
<trkpt lat="36.219592" lon="138.141271">
<ele>1665</ele>
<time>2026-08-22T00:55:58.000Z</time>
</trkpt>
<trkpt lat="36.219434" lon="138.141783">
<ele>1670.7</ele>
<time>2026-08-22T00:56:04.000Z</time>
</trkpt>
<trkpt lat="36.219462" lon="138.142154">
<ele>1673</ele>
<time>2026-08-22T00:56:08.000Z</time>
</trkpt>
<trkpt lat="36.219548" lon="138.142292">
<ele>1678.9</ele>
<time>2026-08-22T00:56:10.000Z</time>
</trkpt>
<trkpt lat="36.219851" lon="138.142671">
<ele>1681.7</ele>
<time>2026-08-22T00:56:16.000Z</time>
</trkpt>
<trkpt lat="36.220086" lon="138.142928">
<ele>1683.2</ele>
<time>2026-08-22T00:56:22.000Z</time>
</trkpt>
<trkpt lat="36.220125" lon="138.142815">
<ele>1688</ele>
<time>2026-08-22T00:56:24.000Z</time>
</trkpt>
<trkpt lat="36.220025" lon="138.142706">
<ele>1691.1</ele>
<time>2026-08-22T00:56:26.000Z</time>
</trkpt>
<trkpt lat="36.219664" lon="138.142234">
<ele>1693.1</ele>
<time>2026-08-22T00:56:32.000Z</time>
</trkpt>
<trkpt lat="36.219616" lon="138.142066">
<ele>1695.1</ele>
<time>2026-08-22T00:56:34.000Z</time>
</trkpt>
<trkpt lat="36.219694" lon="138.141724">
<ele>1702</ele>
<time>2026-08-22T00:56:38.000Z</time>
</trkpt>
<trkpt lat="36.219921" lon="138.141466">
<ele>1702.5</ele>
<time>2026-08-22T00:56:42.000Z</time>
</trkpt>
<trkpt lat="36.220133" lon="138.141018">
<ele>1705.1</ele>
<time>2026-08-22T00:56:48.000Z</time>
</trkpt>
<trkpt lat="36.220427" lon="138.140772">
<ele>1707.3</ele>
<time>2026-08-22T00:56:54.000Z</time>
</trkpt>
<trkpt lat="36.220575" lon="138.140823">
<ele>1712.7</ele>
<time>2026-08-22T00:56:56.000Z</time>
</trkpt>
<trkpt lat="36.221016" lon="138.140968">
<ele>1719.1</ele>
<time>2026-08-22T00:57:02.000Z</time>
</trkpt>
<trkpt lat="36.221503" lon="138.141106">
<ele>1721.2</ele>
<time>2026-08-22T00:57:08.000Z</time>
</trkpt>
<trkpt lat="36.222062" lon="138.141094">
<ele>1725.6</ele>
<time>2026-08-22T00:57:14.000Z</time>
</trkpt>
<trkpt lat="36.222459" lon="138.14092">
<ele>1731.6</ele>
<time>2026-08-22T00:57:19.000Z</time>
</trkpt>
<trkpt lat="36.222409" lon="138.140775">
<ele>1736</ele>
<time>2026-08-22T00:57:20.000Z</time>
</trkpt>
<trkpt lat="36.222113" lon="138.140357">
<ele>1737.1</ele>
<time>2026-08-22T00:57:25.000Z</time>
</trkpt>
<trkpt lat="36.221975" lon="138.139721">
<ele>1738.3</ele>
<time>2026-08-22T00:57:31.000Z</time>
</trkpt>
<trkpt lat="36.222047" lon="138.139568">
<ele>1740.2</ele>
<time>2026-08-22T00:57:33.000Z</time>
</trkpt>
<trkpt lat="36.222355" lon="138.139396">
<ele>1742.7</ele>
<time>2026-08-22T00:57:37.000Z</time>
</trkpt>
<trkpt lat="36.22298" lon="138.139285">
<ele>1743.5</ele>
<time>2026-08-22T00:57:43.000Z</time>
</trkpt>
<trkpt lat="36.223374" lon="138.139102">
<ele>1744.6</ele>
<time>2026-08-22T00:57:48.000Z</time>
</trkpt>
<trkpt lat="36.223392" lon="138.138932">
<ele>1747.3</ele>
<time>2026-08-22T00:57:50.000Z</time>
</trkpt>
<trkpt lat="36.223313" lon="138.138579">
<ele>1749.6</ele>
<time>2026-08-22T00:57:54.000Z</time>
</trkpt>
<trkpt lat="36.22328" lon="138.138094">
<ele>1752.2</ele>
<time>2026-08-22T00:58:00.000Z</time>
</trkpt>
<trkpt lat="36.223402" lon="138.13799">
<ele>1756.5</ele>
<time>2026-08-22T00:58:02.000Z</time>
</trkpt>
<trkpt lat="36.22357" lon="138.137738">
<ele>1759</ele>
<time>2026-08-22T00:58:06.000Z</time>
</trkpt>
<trkpt lat="36.223478" lon="138.137641">
<ele>1759.1</ele>
<time>2026-08-22T00:58:08.000Z</time>
</trkpt>
<trkpt lat="36.223189" lon="138.137313">
<ele>1760.2</ele>
<time>2026-08-22T00:58:13.000Z</time>
</trkpt>
<trkpt lat="36.223178" lon="138.137129">
<ele>1761.2</ele>
<time>2026-08-22T00:58:15.000Z</time>
</trkpt>
<trkpt lat="36.223323" lon="138.136807">
<ele>1763.6</ele>
<time>2026-08-22T00:58:19.000Z</time>
</trkpt>
<trkpt lat="36.223687" lon="138.136392">
<ele>1765</ele>
<time>2026-08-22T00:58:25.000Z</time>
</trkpt>
<trkpt lat="36.224048" lon="138.136031">
<ele>1767.8</ele>
<time>2026-08-22T00:58:31.000Z</time>
</trkpt>
<trkpt lat="36.224218" lon="138.135998">
<ele>1771.7</ele>
<time>2026-08-22T00:58:33.000Z</time>
</trkpt>
<trkpt lat="36.224735" lon="138.135932">
<ele>1774.9</ele>
<time>2026-08-22T00:58:39.000Z</time>
</trkpt>
<trkpt lat="36.225172" lon="138.135674">
<ele>1776.2</ele>
<time>2026-08-22T00:58:45.000Z</time>
</trkpt>
<trkpt lat="36.225446" lon="138.135567">
<ele>1779.9</ele>
<time>2026-08-22T00:58:51.000Z</time>
</trkpt>
<trkpt lat="36.225517" lon="138.135679">
<ele>1783.1</ele>
<time>2026-08-22T00:58:53.000Z</time>
</trkpt>
<trkpt lat="36.225477" lon="138.135863">
<ele>1787.4</ele>
<time>2026-08-22T00:58:55.000Z</time>
</trkpt>
<trkpt lat="36.225383" lon="138.135985">
<ele>1788.7</ele>
<time>2026-08-22T00:58:56.000Z</time>
</trkpt>
<trkpt lat="36.225009" lon="138.136253">
<ele>1791.1</ele>
<time>2026-08-22T00:59:02.000Z</time>
</trkpt>
<trkpt lat="36.224592" lon="138.136371">
<ele>1791.5</ele>
<time>2026-08-22T00:59:08.000Z</time>
</trkpt>
<trkpt lat="36.224301" lon="138.136453">
<ele>1795.7</ele>
<time>2026-08-22T00:59:18.000Z</time>
</trkpt>
<trkpt lat="36.224332" lon="138.136521">
<ele>1801.3</ele>
<time>2026-08-22T00:59:20.036Z</time>
</trkpt>
<trkpt lat="36.224388" lon="138.136546">
<ele>1804.9</ele>
<time>2026-08-22T00:59:20.999Z</time>
</trkpt>
<trkpt lat="36.224804" lon="138.136472">
<ele>1805.7</ele>
<time>2026-08-22T00:59:26.999Z</time>
</trkpt>
<trkpt lat="36.225227" lon="138.136438">
<ele>1806.2</ele>
<time>2026-08-22T00:59:33.000Z</time>
</trkpt>
<trkpt lat="36.225356" lon="138.136496">
<ele>1811.1</ele>
<time>2026-08-22T00:59:35.000Z</time>
</trkpt>
<trkpt lat="36.22574" lon="138.136636">
<ele>1815.5</ele>
<time>2026-08-22T00:59:41.000Z</time>
</trkpt>
<trkpt lat="36.225893" lon="138.136586">
<ele>1817.2</ele>
<time>2026-08-22T00:59:43.000Z</time>
</trkpt>
<trkpt lat="36.225907" lon="138.136402">
<ele>1822.6</ele>
<time>2026-08-22T00:59:44.000Z</time>
</trkpt>
<trkpt lat="36.225953" lon="138.13623">
<ele>1824.9</ele>
<time>2026-08-22T00:59:46.000Z</time>
</trkpt>
<trkpt lat="36.226177" lon="138.135717">
<ele>1825.9</ele>
<time>2026-08-22T00:59:52.000Z</time>
</trkpt>
<trkpt lat="36.226428" lon="138.135292">
<ele>1827.7</ele>
<time>2026-08-22T00:59:58.000Z</time>
</trkpt>
<trkpt lat="36.226442" lon="138.135021">
<ele>1833</ele>
<time>2026-08-22T01:00:02.000Z</time>
</trkpt>
<trkpt lat="36.226351" lon="138.13488">
<ele>1835.7</ele>
<time>2026-08-22T01:00:04.000Z</time>
</trkpt>
<trkpt lat="36.226064" lon="138.134485">
<ele>1836.2</ele>
<time>2026-08-22T01:00:09.000Z</time>
</trkpt>
<trkpt lat="36.226054" lon="138.134346">
<ele>1837.8</ele>
<time>2026-08-22T01:00:11.000Z</time>
</trkpt>
<trkpt lat="36.226126" lon="138.134266">
<ele>1840.7</ele>
<time>2026-08-22T01:00:13.000Z</time>
</trkpt>
<trkpt lat="36.226305" lon="138.134331">
<ele>1841.7</ele>
<time>2026-08-22T01:00:17.000Z</time>
</trkpt>
<trkpt lat="36.226385" lon="138.134491">
<ele>1843.7</ele>
<time>2026-08-22T01:00:19.000Z</time>
</trkpt>
<trkpt lat="36.226666" lon="138.134922">
<ele>1847.9</ele>
<time>2026-08-22T01:00:25.000Z</time>
</trkpt>
<trkpt lat="36.226754" lon="138.135421">
<ele>1849.5</ele>
<time>2026-08-22T01:00:31.000Z</time>
</trkpt>
<trkpt lat="36.226841" lon="138.135544">
<ele>1852.1</ele>
<time>2026-08-22T01:00:38.000Z</time>
</trkpt>
<trkpt lat="36.226908" lon="138.135431">
<ele>1854.6</ele>
<time>2026-08-22T01:00:40.000Z</time>
</trkpt>
<trkpt lat="36.226975" lon="138.135136">
<ele>1857.8</ele>
<time>2026-08-22T01:00:44.000Z</time>
</trkpt>
<trkpt lat="36.22694" lon="138.134976">
<ele>1858.4</ele>
<time>2026-08-22T01:00:46.000Z</time>
</trkpt>
<trkpt lat="36.226825" lon="138.134887">
<ele>1859.9</ele>
<time>2026-08-22T01:00:48.000Z</time>
</trkpt>
<trkpt lat="36.226707" lon="138.134763">
<ele>1860.9</ele>
<time>2026-08-22T01:00:50.000Z</time>
</trkpt>
<trkpt lat="36.226678" lon="138.134636">
<ele>1862.6</ele>
<time>2026-08-22T01:00:51.000Z</time>
</trkpt>
<trkpt lat="36.226744" lon="138.13417">
<ele>1863.8</ele>
<time>2026-08-22T01:00:57.000Z</time>
</trkpt>
<trkpt lat="36.226812" lon="138.13374">
<ele>1864.6</ele>
<time>2026-08-22T01:01:03.000Z</time>
</trkpt>
<trkpt lat="36.226899" lon="138.13374">
<ele>1869</ele>
<time>2026-08-22T01:01:06.000Z</time>
</trkpt>
<trkpt lat="36.22701" lon="138.133954">
<ele>1873.7</ele>
<time>2026-08-22T01:01:11.000Z</time>
</trkpt>
<trkpt lat="36.226971" lon="138.13426">
<ele>1876.4</ele>
<time>2026-08-22T01:01:15.000Z</time>
</trkpt>
<trkpt lat="36.22701" lon="138.134401">
<ele>1881.7</ele>
<time>2026-08-22T01:01:17.000Z</time>
</trkpt>
<trkpt lat="36.227123" lon="138.134502">
<ele>1884.7</ele>
<time>2026-08-22T01:01:19.000Z</time>
</trkpt>
<trkpt lat="36.22741" lon="138.134816">
<ele>1886</ele>
<time>2026-08-22T01:01:25.000Z</time>
</trkpt>
<trkpt lat="36.227456" lon="138.134965">
<ele>1888.5</ele>
<time>2026-08-22T01:01:27.000Z</time>
</trkpt>
<trkpt lat="36.227584" lon="138.135502">
<ele>1893.5</ele>
<time>2026-08-22T01:01:33.000Z</time>
</trkpt>
<trkpt lat="36.227533" lon="138.135693">
<ele>1894.9</ele>
<time>2026-08-22T01:01:35.000Z</time>
</trkpt>
<trkpt lat="36.227265" lon="138.136162">
<ele>1900.4</ele>
<time>2026-08-22T01:01:41.000Z</time>
</trkpt>
<trkpt lat="36.227206" lon="138.136457">
<ele>1901.9</ele>
<time>2026-08-22T01:01:45.000Z</time>
</trkpt>
<trkpt lat="36.227199" lon="138.13695">
<ele>1906.4</ele>
<time>2026-08-22T01:01:51.000Z</time>
</trkpt>
<trkpt lat="36.227263" lon="138.137026">
<ele>1910</ele>
<time>2026-08-22T01:01:53.000Z</time>
</trkpt>
<trkpt lat="36.227362" lon="138.136991">
<ele>1913.6</ele>
<time>2026-08-22T01:01:55.000Z</time>
</trkpt>
<trkpt lat="36.227426" lon="138.136875">
<ele>1915.5</ele>
<time>2026-08-22T01:01:57.000Z</time>
</trkpt>
<trkpt lat="36.227522" lon="138.136476">
<ele>1917.2</ele>
<time>2026-08-22T01:02:03.000Z</time>
</trkpt>
<trkpt lat="36.227592" lon="138.136359">
<ele>1918.5</ele>
<time>2026-08-22T01:02:05.000Z</time>
</trkpt>
<trkpt lat="36.227911" lon="138.136055">
<ele>1921.1</ele>
<time>2026-08-22T01:02:11.000Z</time>
</trkpt>
<trkpt lat="36.228052" lon="138.135763">
<ele>1922.6</ele>
<time>2026-08-22T01:02:15.000Z</time>
</trkpt>
<trkpt lat="36.228305" lon="138.135593">
<ele>1927.9</ele>
<time>2026-08-22T01:02:21.000Z</time>
</trkpt>
<trkpt lat="36.228408" lon="138.135719">
<ele>1930.8</ele>
<time>2026-08-22T01:02:23.000Z</time>
</trkpt>
<trkpt lat="36.228427" lon="138.135924">
<ele>1934.3</ele>
<time>2026-08-22T01:02:25.000Z</time>
</trkpt>
<trkpt lat="36.228361" lon="138.136794">
<ele>1935.9</ele>
<time>2026-08-22T01:02:31.000Z</time>
</trkpt>
<trkpt lat="36.228318" lon="138.137578">
<ele>1938.2</ele>
<time>2026-08-22T01:02:36.000Z</time>
</trkpt>
<trkpt lat="36.228532" lon="138.138115">
<ele>1945</ele>
<time>2026-08-22T01:02:42.000Z</time>
</trkpt>
<trkpt lat="36.228643" lon="138.138112">
<ele>1949.5</ele>
<time>2026-08-22T01:02:43.000Z</time>
</trkpt>
<trkpt lat="36.229133" lon="138.138302">
<ele>1954</ele>
<time>2026-08-22T01:02:49.000Z</time>
</trkpt>
<trkpt lat="36.229153" lon="138.138419">
<ele>1954.8</ele>
<time>2026-08-22T01:02:50.000Z</time>
</trkpt>
<trkpt lat="36.229175" lon="138.139346">
<ele>1958.4</ele>
<time>2026-08-22T01:02:56.000Z</time>
</trkpt>
<trkpt lat="36.22914" lon="138.14028">
<ele>1958.4</ele>
<time>2026-08-22T01:03:01.000Z</time>
</trkpt>
<trkpt lat="36.22902" lon="138.141063">
<ele>1958.4</ele>
<time>2026-08-22T01:03:06.000Z</time>
</trkpt>
<trkpt lat="36.228882" lon="138.141287">
<ele>1955.8</ele>
<time>2026-08-22T01:03:08.000Z</time>
</trkpt>
<trkpt lat="36.228406" lon="138.141902">
<ele>1954.1</ele>
<time>2026-08-22T01:03:14.000Z</time>
</trkpt>
<trkpt lat="36.227303" lon="138.143399">
<ele>1954.1</ele>
<time>2026-08-22T01:03:27.000Z</time>
</trkpt>
<trkpt lat="36.227141" lon="138.143749">
<ele>1954.1</ele>
<time>2026-08-22T01:03:33.000Z</time>
</trkpt>
<trkpt lat="36.227156" lon="138.143935">
<ele>1954.2</ele>
<time>2026-08-22T01:03:35.000Z</time>
</trkpt>
<trkpt lat="36.227253" lon="138.144094">
<ele>1954.2</ele>
<time>2026-08-22T01:03:37.000Z</time>
</trkpt>
<trkpt lat="36.227361" lon="138.144129">
<ele>1954.2</ele>
<time>2026-08-22T01:03:38.000Z</time>
</trkpt>
<trkpt lat="36.227766" lon="138.144056">
<ele>1952.1</ele>
<time>2026-08-22T01:03:43.000Z</time>
</trkpt>
<trkpt lat="36.227937" lon="138.143862">
<ele>1951.2</ele>
<time>2026-08-22T01:03:47.000Z</time>
</trkpt>
<trkpt lat="36.227934" lon="138.143709">
<ele>1946.7</ele>
<time>2026-08-22T01:03:49.000Z</time>
</trkpt>
<trkpt lat="36.228021" lon="138.143451">
<ele>1945.8</ele>
<time>2026-08-22T01:03:54.000Z</time>
</trkpt>
<trkpt lat="36.228466" lon="138.142882">
<ele>1945.4</ele>
<time>2026-08-22T01:04:00.000Z</time>
</trkpt>
<trkpt lat="36.228967" lon="138.142361">
<ele>1945.2</ele>
<time>2026-08-22T01:04:05.000Z</time>
</trkpt>
<trkpt lat="36.229255" lon="138.141886">
<ele>1943.2</ele>
<time>2026-08-22T01:04:10.000Z</time>
</trkpt>
<trkpt lat="36.229629" lon="138.14119">
<ele>1942</ele>
<time>2026-08-22T01:04:16.000Z</time>
</trkpt>
<trkpt lat="36.229931" lon="138.140495">
<ele>1940.6</ele>
<time>2026-08-22T01:04:21.000Z</time>
</trkpt>
<trkpt lat="36.230336" lon="138.139996">
<ele>1940.3</ele>
<time>2026-08-22T01:04:27.000Z</time>
</trkpt>
<trkpt lat="36.230607" lon="138.139633">
<ele>1939.9</ele>
<time>2026-08-22T01:04:32.000Z</time>
</trkpt>
<trkpt lat="36.230725" lon="138.139407">
<ele>1939.9</ele>
<time>2026-08-22T01:04:36.000Z</time>
</trkpt>
<trkpt lat="36.230899" lon="138.139057">
<ele>1940.3</ele>
<time>2026-08-22T01:04:43.000Z</time>
</trkpt>
<trkpt lat="36.231001" lon="138.138852">
<ele>1940.5</ele>
<time>2026-08-22T01:04:48.000Z</time>
</trkpt>
</trkseg></trk></gpx>